[0m17:45:07.565867 [debug] [MainThread]: Sending event: {'category': 'dbt', 'action': 'invocation', 'label': 'start', 'context': [<snowplow_tracker.self_describing_json.SelfDescribingJson object at 0x000001DF26BF1A90>, <snowplow_tracker.self_describing_json.SelfDescribingJson object at 0x000001DF29177ED0>, <snowplow_tracker.self_describing_json.SelfDescribingJson object at 0x000001DF29177750>]}


============================== 17:45:07.580310 | c6522d33-9110-4389-8eb7-f6f3fa38d2ab ==============================
[0m17:45:07.580310 [info ] [MainThread]: Running with dbt=1.12.0-b3
[0m17:45:07.582923 [debug] [MainThread]: running dbt with arguments {'static_parser': 'True', 'no_print': 'None', 'version_check': 'True', 'warn_error_options': 'WarnErrorOptionsV2(error=[], warn=[], silence=[])', 'target_path': 'None', 'maximum_seed_size_mib': '1', 'printer_width': '80', 'write_json': 'True', 'empty': 'None', 'log_cache_events': 'False', 'introspect': 'True', 'cache_selected_only': 'False', 'log_format': 'default', 'debug': 'False', 'fail_fast': 'False', 'partial_parse': 'True', 'send_anonymous_usage_stats': 'True', 'quiet': 'False', 'warn_error': 'None', 'profiles_dir': 'C:\\Users\\User\\.dbt', 'invocation_command': 'dbt debug', 'indirect_selection': 'eager', 'use_colors': 'True', 'use_experimental_parser': 'False', 'log_path': 'C:\\Users\\User\\OneDrive\\Documentos\\workspace\\projeto-shoesbr\\shoesbr\\logs'}
[0m17:45:07.651795 [info ] [MainThread]: dbt version: 1.12.0-b3
[0m17:45:07.653622 [info ] [MainThread]: python version: 3.13.12
[0m17:45:07.657026 [info ] [MainThread]: python path: C:\Users\User\OneDrive\Documentos\workspace\projeto-shoesbr\.venv\Scripts\python.exe
[0m17:45:07.660441 [info ] [MainThread]: os info: Windows-10-10.0.19045-SP0
[0m17:45:07.842372 [info ] [MainThread]: Using profiles dir at C:\Users\User\.dbt
[0m17:45:07.843576 [info ] [MainThread]: Using profiles.yml file at C:\Users\User\.dbt\profiles.yml
[0m17:45:07.844861 [info ] [MainThread]: Using dbt_project.yml file at C:\Users\User\OneDrive\Documentos\workspace\projeto-shoesbr\shoesbr\dbt_project.yml
[0m17:45:07.847327 [info ] [MainThread]: adapter type: postgres
[0m17:45:07.848300 [info ] [MainThread]: adapter version: 1.10.1
[0m17:45:08.290611 [info ] [MainThread]: Configuration:
[0m17:45:08.292452 [info ] [MainThread]:   profiles.yml file [[32mOK found and valid[0m]
[0m17:45:08.293609 [info ] [MainThread]:   dbt_project.yml file [[32mOK found and valid[0m]
[0m17:45:08.294697 [info ] [MainThread]: Required dependencies:
[0m17:45:08.296280 [debug] [MainThread]: Executing "git --help"
[0m17:45:08.401990 [debug] [MainThread]: STDOUT: "b"usage: git [--version] [--help] [-C <path>] [-c <name>=<value>]\n           [--exec-path[=<path>]] [--html-path] [--man-path] [--info-path]\n           [-p | --paginate | -P | --no-pager] [--no-replace-objects] [--bare]\n           [--git-dir=<path>] [--work-tree=<path>] [--namespace=<name>]\n           [--super-prefix=<path>] [--config-env=<name>=<envvar>]\n           <command> [<args>]\n\nThese are common Git commands used in various situations:\n\nstart a working area (see also: git help tutorial)\n   clone             Clone a repository into a new directory\n   init              Create an empty Git repository or reinitialize an existing one\n\nwork on the current change (see also: git help everyday)\n   add               Add file contents to the index\n   mv                Move or rename a file, a directory, or a symlink\n   restore           Restore working tree files\n   rm                Remove files from the working tree and from the index\n   sparse-checkout   Initialize and modify the sparse-checkout\n\nexamine the history and state (see also: git help revisions)\n   bisect            Use binary search to find the commit that introduced a bug\n   diff              Show changes between commits, commit and working tree, etc\n   grep              Print lines matching a pattern\n   log               Show commit logs\n   show              Show various types of objects\n   status            Show the working tree status\n\ngrow, mark and tweak your common history\n   branch            List, create, or delete branches\n   commit            Record changes to the repository\n   merge             Join two or more development histories together\n   rebase            Reapply commits on top of another base tip\n   reset             Reset current HEAD to the specified state\n   switch            Switch branches\n   tag               Create, list, delete or verify a tag object signed with GPG\n\ncollaborate (see also: git help workflows)\n   fetch             Download objects and refs from another repository\n   pull              Fetch from and integrate with another repository or a local branch\n   push              Update remote refs along with associated objects\n\n'git help -a' and 'git help -g' list available subcommands and some\nconcept guides. See 'git help <command>' or 'git help <concept>'\nto read about a specific subcommand or concept.\nSee 'git help git' for an overview of the system.\n""
[0m17:45:08.403435 [debug] [MainThread]: STDERR: "b''"
[0m17:45:08.404649 [info ] [MainThread]:  - git [[32mOK found[0m]

[0m17:45:08.405864 [info ] [MainThread]: Connection:
[0m17:45:08.407055 [info ] [MainThread]:   host: projeto-dbt-pos.ctm8c446ccs3.us-east-2.rds.amazonaws.com
[0m17:45:08.408171 [info ] [MainThread]:   port: 5432
[0m17:45:08.409260 [info ] [MainThread]:   user: postgres
[0m17:45:08.410177 [info ] [MainThread]:   database: shoesbr
[0m17:45:08.411435 [info ] [MainThread]:   schema: landing
[0m17:45:08.412910 [info ] [MainThread]:   connect_timeout: 10
[0m17:45:08.414221 [info ] [MainThread]:   role: None
[0m17:45:08.415298 [info ] [MainThread]:   search_path: None
[0m17:45:08.416380 [info ] [MainThread]:   keepalives_idle: 0
[0m17:45:08.417494 [info ] [MainThread]:   sslmode: None
[0m17:45:08.418830 [info ] [MainThread]:   sslcert: None
[0m17:45:08.420171 [info ] [MainThread]:   sslkey: None
[0m17:45:08.421374 [info ] [MainThread]:   sslrootcert: None
[0m17:45:08.422502 [info ] [MainThread]:   application_name: dbt
[0m17:45:08.423581 [info ] [MainThread]:   retries: 1
[0m17:45:08.425750 [info ] [MainThread]: Registered adapter: postgres=1.10.1
[0m17:45:09.409436 [debug] [MainThread]: Acquiring new postgres connection 'debug'
[0m17:45:09.694176 [debug] [MainThread]: Using postgres connection "debug"
[0m17:45:09.695157 [debug] [MainThread]: On debug: select 1 as id
[0m17:45:09.696100 [debug] [MainThread]: Opening a new connection, currently in state init
[0m17:45:11.273156 [debug] [MainThread]: SQL status: SELECT 1 in 1.577 seconds
[0m17:45:11.281436 [debug] [MainThread]: On debug: Close
[0m17:45:11.288656 [info ] [MainThread]:   Connection test: [[32mOK connection ok[0m]

[0m17:45:11.304949 [info ] [MainThread]: [32mAll checks passed![0m
[0m17:45:11.328709 [debug] [MainThread]: Command `dbt debug` succeeded at 17:45:11.328222 after 4.28 seconds
[0m17:45:11.329990 [debug] [MainThread]: Connection 'debug' was properly closed.
[0m17:45:11.331245 [debug] [MainThread]: Sending event: {'category': 'dbt', 'action': 'invocation', 'label': 'end', 'context': [<snowplow_tracker.self_describing_json.SelfDescribingJson object at 0x000001DF29769220>, <snowplow_tracker.self_describing_json.SelfDescribingJson object at 0x000001DF2952CDD0>, <snowplow_tracker.self_describing_json.SelfDescribingJson object at 0x000001DF293D7240>]}
[0m17:45:11.333427 [debug] [MainThread]: Flushing usage events
[0m17:45:13.094624 [debug] [MainThread]: An error was encountered while trying to flush usage events
[0m17:59:40.447181 [debug] [MainThread]: Sending event: {'category': 'dbt', 'action': 'invocation', 'label': 'start', 'context': [<snowplow_tracker.self_describing_json.SelfDescribingJson object at 0x00000235619CDA90>, <snowplow_tracker.self_describing_json.SelfDescribingJson object at 0x0000023563FA7ED0>, <snowplow_tracker.self_describing_json.SelfDescribingJson object at 0x0000023563FA7750>]}


============================== 17:59:40.463438 | 1961951f-0205-4c6f-ae1c-63be4c3231f2 ==============================
[0m17:59:40.463438 [info ] [MainThread]: Running with dbt=1.12.0-b3
[0m17:59:40.465709 [debug] [MainThread]: running dbt with arguments {'maximum_seed_size_mib': '1', 'no_print': 'None', 'version_check': 'True', 'target_path': 'None', 'warn_error_options': 'WarnErrorOptionsV2(error=[], warn=[], silence=[])', 'static_parser': 'True', 'printer_width': '80', 'write_json': 'True', 'empty': 'False', 'log_cache_events': 'False', 'introspect': 'True', 'cache_selected_only': 'False', 'log_format': 'default', 'debug': 'False', 'fail_fast': 'False', 'partial_parse': 'True', 'send_anonymous_usage_stats': 'True', 'quiet': 'False', 'warn_error': 'None', 'profiles_dir': 'C:\\Users\\User\\.dbt', 'indirect_selection': 'eager', 'invocation_command': 'dbt run', 'use_colors': 'True', 'use_experimental_parser': 'False', 'log_path': 'C:\\Users\\User\\OneDrive\\Documentos\\workspace\\projeto-shoesbr\\shoesbr\\logs'}
[0m17:59:41.276782 [debug] [MainThread]: Sending event: {'category': 'dbt', 'action': 'project_id', 'label': '1961951f-0205-4c6f-ae1c-63be4c3231f2', 'context': [<snowplow_tracker.self_describing_json.SelfDescribingJson object at 0x0000023561F09CD0>]}
[0m17:59:41.533028 [debug] [MainThread]: Sending event: {'category': 'dbt', 'action': 'adapter_info', 'label': '1961951f-0205-4c6f-ae1c-63be4c3231f2', 'context': [<snowplow_tracker.self_describing_json.SelfDescribingJson object at 0x00000235642E0AF0>]}
[0m17:59:41.537689 [info ] [MainThread]: Registered adapter: postgres=1.10.1
[0m17:59:42.548755 [debug] [MainThread]: checksum: 12227fd57f6d3c59d667ee20c9141c06a591c2bf7db00ae7c504e78d5392bdf2, vars: {}, profile: shoesbr, target: dev, version: 1.12.0b3
[0m17:59:42.551857 [info ] [MainThread]: Unable to do partial parsing because saved manifest not found. Starting full parse.
[0m17:59:42.554049 [debug] [MainThread]: Sending event: {'category': 'dbt', 'action': 'partial_parser', 'label': '1961951f-0205-4c6f-ae1c-63be4c3231f2', 'context': [<snowplow_tracker.self_describing_json.SelfDescribingJson object at 0x0000023564049950>]}
[0m17:59:50.096448 [debug] [MainThread]: Sending event: {'category': 'dbt', 'action': 'load_project', 'label': '1961951f-0205-4c6f-ae1c-63be4c3231f2', 'context': [<snowplow_tracker.self_describing_json.SelfDescribingJson object at 0x0000023563F39D60>]}
[0m17:59:50.682908 [debug] [MainThread]: Wrote artifact WritableManifest to C:\Users\User\OneDrive\Documentos\workspace\projeto-shoesbr\shoesbr\target\manifest.json
[0m17:59:50.696499 [debug] [MainThread]: Wrote artifact SemanticManifest to C:\Users\User\OneDrive\Documentos\workspace\projeto-shoesbr\shoesbr\target\semantic_manifest.json
[0m17:59:50.820322 [debug] [MainThread]: Wrote artifact OsiDocument to C:\Users\User\OneDrive\Documentos\workspace\projeto-shoesbr\shoesbr\target\osi_document.json
[0m17:59:50.881518 [debug] [MainThread]: Sending event: {'category': 'dbt', 'action': 'resource_counts', 'label': '1961951f-0205-4c6f-ae1c-63be4c3231f2', 'context': [<snowplow_tracker.self_describing_json.SelfDescribingJson object at 0x00000235648B4830>]}
[0m17:59:50.882884 [info ] [MainThread]: Found 3 models, 4 sources, 475 macros
[0m17:59:50.887140 [debug] [MainThread]: Sending event: {'category': 'dbt', 'action': 'runnable_timing', 'label': '1961951f-0205-4c6f-ae1c-63be4c3231f2', 'context': [<snowplow_tracker.self_describing_json.SelfDescribingJson object at 0x000002356492CEF0>]}
[0m17:59:50.893981 [info ] [MainThread]: 
[0m17:59:50.896441 [info ] [MainThread]: Concurrency: 1 threads (target='dev')
[0m17:59:50.898263 [info ] [MainThread]: 
[0m17:59:50.901102 [debug] [MainThread]: Acquiring new postgres connection 'master'
[0m17:59:50.953483 [debug] [ThreadPool]: Acquiring new postgres connection 'list_shoesbr'
[0m17:59:51.407745 [debug] [ThreadPool]: Using postgres connection "list_shoesbr"
[0m17:59:51.408573 [debug] [ThreadPool]: On list_shoesbr: /* {"app": "dbt", "dbt_version": "1.12.0b3", "profile_name": "shoesbr", "target_name": "dev", "connection_name": "list_shoesbr"} */

    select distinct nspname from pg_namespace
  
[0m17:59:51.410123 [debug] [ThreadPool]: Opening a new connection, currently in state init
[0m17:59:52.869874 [debug] [ThreadPool]: SQL status: SELECT 5 in 1.460 seconds
[0m17:59:52.872806 [debug] [ThreadPool]: On list_shoesbr: Close
[0m17:59:52.876998 [debug] [ThreadPool]: Acquiring new postgres connection 'list_shoesbr_landing'
[0m17:59:52.891915 [debug] [ThreadPool]: Using postgres connection "list_shoesbr_landing"
[0m17:59:52.892832 [debug] [ThreadPool]: On list_shoesbr_landing: /* {"app": "dbt", "dbt_version": "1.12.0b3", "profile_name": "shoesbr", "target_name": "dev", "connection_name": "list_shoesbr_landing"} */
select
      'shoesbr' as database,
      tablename as name,
      schemaname as schema,
      'table' as type
    from pg_tables
    where schemaname ilike 'landing'
    union all
    select
      'shoesbr' as database,
      viewname as name,
      schemaname as schema,
      'view' as type
    from pg_views
    where schemaname ilike 'landing'
    union all
    select
      'shoesbr' as database,
      matviewname as name,
      schemaname as schema,
      'materialized_view' as type
    from pg_matviews
    where schemaname ilike 'landing'
  
[0m17:59:52.893531 [debug] [ThreadPool]: Opening a new connection, currently in state init
[0m17:59:54.244813 [debug] [ThreadPool]: SQL status: SELECT 3 in 1.351 seconds
[0m17:59:54.248889 [debug] [ThreadPool]: On list_shoesbr_landing: ROLLBACK
[0m17:59:54.394394 [debug] [ThreadPool]: On list_shoesbr_landing: Close
[0m17:59:54.408448 [debug] [MainThread]: Using postgres connection "master"
[0m17:59:54.410467 [debug] [MainThread]: On master: /* {"app": "dbt", "dbt_version": "1.12.0b3", "profile_name": "shoesbr", "target_name": "dev", "connection_name": "master"} */
select distinct
        dependent_namespace.nspname as dependent_schema,
        dependent_class.relname as dependent_name,
        referenced_namespace.nspname as referenced_schema,
        referenced_class.relname as referenced_name

    -- Query for views: views are entries in pg_class with an entry in pg_rewrite, but we avoid
    -- a seq scan on pg_rewrite by leveraging the fact there is an "internal" row in pg_depend for
    -- the view...
    from pg_class as dependent_class
    join pg_namespace as dependent_namespace on dependent_namespace.oid = dependent_class.relnamespace
    join pg_depend as dependent_depend on dependent_depend.refobjid = dependent_class.oid
        and dependent_depend.classid = 'pg_rewrite'::regclass
        and dependent_depend.refclassid = 'pg_class'::regclass
        and dependent_depend.deptype = 'i'

    -- ... and via pg_depend (that has a row per column, hence the need for "distinct" above, and
    -- making sure to exclude the internal row to avoid a view appearing to depend on itself)...
    join pg_depend as joining_depend on joining_depend.objid = dependent_depend.objid
        and joining_depend.classid = 'pg_rewrite'::regclass
        and joining_depend.refclassid = 'pg_class'::regclass
        and joining_depend.refobjid != dependent_depend.refobjid

    -- ... we can find the tables they query from in pg_class, but excluding system tables. Note we
    -- don't need need to exclude _dependent_ system tables, because they only query from other
    -- system tables, and so are automatically excluded by excluding _referenced_ system tables
    join pg_class as referenced_class on referenced_class.oid = joining_depend.refobjid
    join pg_namespace as referenced_namespace on referenced_namespace.oid = referenced_class.relnamespace
        and referenced_namespace.nspname != 'information_schema'
        and referenced_namespace.nspname not like 'pg\_%'

    order by
        dependent_schema, dependent_name, referenced_schema, referenced_name;
[0m17:59:54.411859 [debug] [MainThread]: Opening a new connection, currently in state init
[0m17:59:55.782840 [debug] [MainThread]: SQL status: SELECT 0 in 1.371 seconds
[0m17:59:55.786466 [debug] [MainThread]: Sending event: {'category': 'dbt', 'action': 'runnable_timing', 'label': '1961951f-0205-4c6f-ae1c-63be4c3231f2', 'context': [<snowplow_tracker.self_describing_json.SelfDescribingJson object at 0x0000023564955CD0>]}
[0m17:59:55.787773 [debug] [MainThread]: On master: ROLLBACK
[0m17:59:55.935808 [debug] [MainThread]: On master: COMMIT
[0m17:59:55.936936 [debug] [MainThread]: Using postgres connection "master"
[0m17:59:55.938005 [debug] [MainThread]: On master: COMMIT
[0m17:59:56.234766 [debug] [MainThread]: SQL status: COMMIT in 0.296 seconds
[0m17:59:56.235497 [debug] [MainThread]: On master: Close
[0m17:59:56.248142 [debug] [Thread-1 (]: Began running node model.shoesbr.stg_clientes
[0m17:59:56.250049 [info ] [Thread-1 (]: 1 of 3 START sql view model landing.stg_clientes ............................... [RUN]
[0m17:59:56.252289 [debug] [Thread-1 (]: Acquiring new postgres connection 'model.shoesbr.stg_clientes'
[0m17:59:56.253500 [debug] [Thread-1 (]: Began compiling node model.shoesbr.stg_clientes
[0m17:59:56.278111 [debug] [Thread-1 (]: Writing injected SQL for node "model.shoesbr.stg_clientes"
[0m17:59:56.286081 [debug] [Thread-1 (]: Began executing node model.shoesbr.stg_clientes
[0m17:59:56.427625 [debug] [Thread-1 (]: Writing runtime sql for node "model.shoesbr.stg_clientes"
[0m17:59:56.448381 [debug] [Thread-1 (]: Using postgres connection "model.shoesbr.stg_clientes"
[0m17:59:56.450834 [debug] [Thread-1 (]: On model.shoesbr.stg_clientes: /* {"app": "dbt", "dbt_version": "1.12.0b3", "profile_name": "shoesbr", "target_name": "dev", "node_id": "model.shoesbr.stg_clientes"} */

  create view "shoesbr"."landing"."stg_clientes__dbt_tmp"
    
    
  as (
    WITH source AS (
    SELECT *
    FROM "shoesbr"."landing"."clientes"
),

renamed AS (
    SELECT 
        CAST(customer_id AS INT) AS customer_id,
        name AS customer_name,
        address AS customer_address,
        phone AS customer_phone,
        email AS customer_email
    FROM source
)

SELECT * FROM renamed
  );
[0m17:59:56.452299 [debug] [Thread-1 (]: Opening a new connection, currently in state init
[0m17:59:57.875409 [debug] [Thread-1 (]: SQL status: CREATE VIEW in 1.423 seconds
[0m17:59:57.890210 [debug] [Thread-1 (]: Using postgres connection "model.shoesbr.stg_clientes"
[0m17:59:57.891345 [debug] [Thread-1 (]: On model.shoesbr.stg_clientes: /* {"app": "dbt", "dbt_version": "1.12.0b3", "profile_name": "shoesbr", "target_name": "dev", "node_id": "model.shoesbr.stg_clientes"} */
alter table "shoesbr"."landing"."stg_clientes__dbt_tmp" rename to "stg_clientes"
[0m17:59:58.048288 [debug] [Thread-1 (]: SQL status: ALTER TABLE in 0.156 seconds
[0m17:59:58.109939 [debug] [Thread-1 (]: On model.shoesbr.stg_clientes: COMMIT
[0m17:59:58.111259 [debug] [Thread-1 (]: Using postgres connection "model.shoesbr.stg_clientes"
[0m17:59:58.112514 [debug] [Thread-1 (]: On model.shoesbr.stg_clientes: COMMIT
[0m17:59:58.263458 [debug] [Thread-1 (]: SQL status: COMMIT in 0.150 seconds
[0m17:59:58.280412 [debug] [Thread-1 (]: Applying DROP to: "shoesbr"."landing"."stg_clientes__dbt_backup"
[0m17:59:58.296128 [debug] [Thread-1 (]: Using postgres connection "model.shoesbr.stg_clientes"
[0m17:59:58.297364 [debug] [Thread-1 (]: On model.shoesbr.stg_clientes: /* {"app": "dbt", "dbt_version": "1.12.0b3", "profile_name": "shoesbr", "target_name": "dev", "node_id": "model.shoesbr.stg_clientes"} */
drop view if exists "shoesbr"."landing"."stg_clientes__dbt_backup" cascade
[0m17:59:58.450144 [debug] [Thread-1 (]: SQL status: DROP VIEW in 0.151 seconds
[0m17:59:58.457727 [debug] [Thread-1 (]: On model.shoesbr.stg_clientes: Close
[0m17:59:58.463725 [debug] [Thread-1 (]: Sending event: {'category': 'dbt', 'action': 'run_model', 'label': '1961951f-0205-4c6f-ae1c-63be4c3231f2', 'context': [<snowplow_tracker.self_describing_json.SelfDescribingJson object at 0x0000023564A43800>]}
[0m17:59:58.466705 [info ] [Thread-1 (]: 1 of 3 OK created sql view model landing.stg_clientes .......................... [[32mCREATE VIEW[0m in 2.21s]
[0m17:59:58.471975 [debug] [Thread-1 (]: Finished running node model.shoesbr.stg_clientes
[0m17:59:58.473460 [debug] [Thread-1 (]: Began running node model.shoesbr.stg_produtos
[0m17:59:58.475282 [info ] [Thread-1 (]: 2 of 3 START sql view model landing.stg_produtos ............................... [RUN]
[0m17:59:58.476768 [debug] [Thread-1 (]: Re-using an available connection from the pool (formerly model.shoesbr.stg_clientes, now model.shoesbr.stg_produtos)
[0m17:59:58.478221 [debug] [Thread-1 (]: Began compiling node model.shoesbr.stg_produtos
[0m17:59:58.486668 [debug] [Thread-1 (]: Writing injected SQL for node "model.shoesbr.stg_produtos"
[0m17:59:58.489860 [debug] [Thread-1 (]: Began executing node model.shoesbr.stg_produtos
[0m17:59:58.504857 [debug] [Thread-1 (]: Writing runtime sql for node "model.shoesbr.stg_produtos"
[0m17:59:58.507580 [debug] [Thread-1 (]: Using postgres connection "model.shoesbr.stg_produtos"
[0m17:59:58.508922 [debug] [Thread-1 (]: On model.shoesbr.stg_produtos: /* {"app": "dbt", "dbt_version": "1.12.0b3", "profile_name": "shoesbr", "target_name": "dev", "node_id": "model.shoesbr.stg_produtos"} */

  create view "shoesbr"."landing"."stg_produtos__dbt_tmp"
    
    
  as (
    WITH source AS (
    SELECT *
    FROM "shoesbr"."landing"."produtos"
),

renamed AS (
    SELECT
    cast(product_id as int) as product_id,
    name as name_product,
    price as price_product
    FROM source
)

SELECT * FROM renamed
  );
[0m17:59:58.510262 [debug] [Thread-1 (]: Opening a new connection, currently in state closed
[0m17:59:59.880030 [debug] [Thread-1 (]: SQL status: CREATE VIEW in 1.370 seconds
[0m17:59:59.887593 [debug] [Thread-1 (]: Using postgres connection "model.shoesbr.stg_produtos"
[0m17:59:59.888944 [debug] [Thread-1 (]: On model.shoesbr.stg_produtos: /* {"app": "dbt", "dbt_version": "1.12.0b3", "profile_name": "shoesbr", "target_name": "dev", "node_id": "model.shoesbr.stg_produtos"} */
alter table "shoesbr"."landing"."stg_produtos__dbt_tmp" rename to "stg_produtos"
[0m18:00:00.035459 [debug] [Thread-1 (]: SQL status: ALTER TABLE in 0.145 seconds
[0m18:00:00.040252 [debug] [Thread-1 (]: On model.shoesbr.stg_produtos: COMMIT
[0m18:00:00.041508 [debug] [Thread-1 (]: Using postgres connection "model.shoesbr.stg_produtos"
[0m18:00:00.042699 [debug] [Thread-1 (]: On model.shoesbr.stg_produtos: COMMIT
[0m18:00:00.187789 [debug] [Thread-1 (]: SQL status: COMMIT in 0.144 seconds
[0m18:00:00.197480 [debug] [Thread-1 (]: Applying DROP to: "shoesbr"."landing"."stg_produtos__dbt_backup"
[0m18:00:00.199379 [debug] [Thread-1 (]: Using postgres connection "model.shoesbr.stg_produtos"
[0m18:00:00.200595 [debug] [Thread-1 (]: On model.shoesbr.stg_produtos: /* {"app": "dbt", "dbt_version": "1.12.0b3", "profile_name": "shoesbr", "target_name": "dev", "node_id": "model.shoesbr.stg_produtos"} */
drop view if exists "shoesbr"."landing"."stg_produtos__dbt_backup" cascade
[0m18:00:00.349246 [debug] [Thread-1 (]: SQL status: DROP VIEW in 0.147 seconds
[0m18:00:00.353195 [debug] [Thread-1 (]: On model.shoesbr.stg_produtos: Close
[0m18:00:00.355829 [debug] [Thread-1 (]: Sending event: {'category': 'dbt', 'action': 'run_model', 'label': '1961951f-0205-4c6f-ae1c-63be4c3231f2', 'context': [<snowplow_tracker.self_describing_json.SelfDescribingJson object at 0x0000023564DF2B70>]}
[0m18:00:00.357780 [info ] [Thread-1 (]: 2 of 3 OK created sql view model landing.stg_produtos .......................... [[32mCREATE VIEW[0m in 1.88s]
[0m18:00:00.362111 [debug] [Thread-1 (]: Finished running node model.shoesbr.stg_produtos
[0m18:00:00.363442 [debug] [Thread-1 (]: Began running node model.shoesbr.stg_vendas
[0m18:00:00.365200 [info ] [Thread-1 (]: 3 of 3 START sql view model landing.stg_vendas ................................. [RUN]
[0m18:00:00.392617 [debug] [Thread-1 (]: Re-using an available connection from the pool (formerly model.shoesbr.stg_produtos, now model.shoesbr.stg_vendas)
[0m18:00:00.394130 [debug] [Thread-1 (]: Began compiling node model.shoesbr.stg_vendas
[0m18:00:00.401697 [debug] [Thread-1 (]: Writing injected SQL for node "model.shoesbr.stg_vendas"
[0m18:00:00.407176 [debug] [Thread-1 (]: Began executing node model.shoesbr.stg_vendas
[0m18:00:00.417552 [debug] [Thread-1 (]: Writing runtime sql for node "model.shoesbr.stg_vendas"
[0m18:00:00.424851 [debug] [Thread-1 (]: Using postgres connection "model.shoesbr.stg_vendas"
[0m18:00:00.426899 [debug] [Thread-1 (]: On model.shoesbr.stg_vendas: /* {"app": "dbt", "dbt_version": "1.12.0b3", "profile_name": "shoesbr", "target_name": "dev", "node_id": "model.shoesbr.stg_vendas"} */

  create view "shoesbr"."landing"."stg_vendas__dbt_tmp"
    
    
  as (
    WITH source AS (
    SELECT *
    FROM "shoesbr"."landing"."vendas"
),

renamed AS (
    SELECT 
        CAST(purchase_id AS INT) AS purchase_id,
        CAST(customer_id AS INT) AS customer_id,
        CAST(product_id AS INT) AS product_id,
        CAST(date AS DATE) AS purchase_date,
        CAST(quantity AS INT) AS quantity,
        CAST(total_price AS DECIMAL(10,2)) AS total_price,
        payment_method
    FROM source
)

SELECT * FROM renamed
  );
[0m18:00:00.428349 [debug] [Thread-1 (]: Opening a new connection, currently in state closed
[0m18:00:01.777471 [debug] [Thread-1 (]: SQL status: CREATE VIEW in 1.349 seconds
[0m18:00:01.786912 [debug] [Thread-1 (]: Using postgres connection "model.shoesbr.stg_vendas"
[0m18:00:01.788240 [debug] [Thread-1 (]: On model.shoesbr.stg_vendas: /* {"app": "dbt", "dbt_version": "1.12.0b3", "profile_name": "shoesbr", "target_name": "dev", "node_id": "model.shoesbr.stg_vendas"} */
alter table "shoesbr"."landing"."stg_vendas__dbt_tmp" rename to "stg_vendas"
[0m18:00:01.935950 [debug] [Thread-1 (]: SQL status: ALTER TABLE in 0.146 seconds
[0m18:00:01.940775 [debug] [Thread-1 (]: On model.shoesbr.stg_vendas: COMMIT
[0m18:00:01.942070 [debug] [Thread-1 (]: Using postgres connection "model.shoesbr.stg_vendas"
[0m18:00:01.943235 [debug] [Thread-1 (]: On model.shoesbr.stg_vendas: COMMIT
[0m18:00:02.091166 [debug] [Thread-1 (]: SQL status: COMMIT in 0.147 seconds
[0m18:00:02.097924 [debug] [Thread-1 (]: Applying DROP to: "shoesbr"."landing"."stg_vendas__dbt_backup"
[0m18:00:02.100180 [debug] [Thread-1 (]: Using postgres connection "model.shoesbr.stg_vendas"
[0m18:00:02.101537 [debug] [Thread-1 (]: On model.shoesbr.stg_vendas: /* {"app": "dbt", "dbt_version": "1.12.0b3", "profile_name": "shoesbr", "target_name": "dev", "node_id": "model.shoesbr.stg_vendas"} */
drop view if exists "shoesbr"."landing"."stg_vendas__dbt_backup" cascade
[0m18:00:02.250158 [debug] [Thread-1 (]: SQL status: DROP VIEW in 0.147 seconds
[0m18:00:02.254484 [debug] [Thread-1 (]: On model.shoesbr.stg_vendas: Close
[0m18:00:02.256861 [debug] [Thread-1 (]: Sending event: {'category': 'dbt', 'action': 'run_model', 'label': '1961951f-0205-4c6f-ae1c-63be4c3231f2', 'context': [<snowplow_tracker.self_describing_json.SelfDescribingJson object at 0x0000023564D469D0>]}
[0m18:00:02.258901 [info ] [Thread-1 (]: 3 of 3 OK created sql view model landing.stg_vendas ............................ [[32mCREATE VIEW[0m in 1.86s]
[0m18:00:02.261814 [debug] [Thread-1 (]: Finished running node model.shoesbr.stg_vendas
[0m18:00:02.265366 [debug] [MainThread]: On master: COMMIT
[0m18:00:02.266492 [debug] [MainThread]: Using postgres connection "master"
[0m18:00:02.267557 [debug] [MainThread]: On master: COMMIT
[0m18:00:02.269985 [debug] [MainThread]: Opening a new connection, currently in state closed
[0m18:00:03.806504 [debug] [MainThread]: SQL status: COMMIT in 1.538 seconds
[0m18:00:03.808027 [debug] [MainThread]: On master: Close
[0m18:00:03.809850 [debug] [MainThread]: Connection 'master' was properly closed.
[0m18:00:03.810987 [debug] [MainThread]: Connection 'list_shoesbr' was properly closed.
[0m18:00:03.812085 [debug] [MainThread]: Connection 'list_shoesbr_landing' was properly closed.
[0m18:00:03.813116 [debug] [MainThread]: Connection 'model.shoesbr.stg_vendas' was properly closed.
[0m18:00:03.814959 [info ] [MainThread]: 
[0m18:00:03.816984 [info ] [MainThread]: Finished running 3 view models in 0 hours 0 minutes and 12.91 seconds (12.91s).
[0m18:00:03.820860 [debug] [MainThread]: Command end result
[0m18:00:03.936734 [debug] [MainThread]: Wrote artifact WritableManifest to C:\Users\User\OneDrive\Documentos\workspace\projeto-shoesbr\shoesbr\target\manifest.json
[0m18:00:03.946899 [debug] [MainThread]: Wrote artifact SemanticManifest to C:\Users\User\OneDrive\Documentos\workspace\projeto-shoesbr\shoesbr\target\semantic_manifest.json
[0m18:00:03.960409 [debug] [MainThread]: Wrote artifact OsiDocument to C:\Users\User\OneDrive\Documentos\workspace\projeto-shoesbr\shoesbr\target\osi_document.json
[0m18:00:03.983108 [debug] [MainThread]: Wrote artifact RunExecutionResult to C:\Users\User\OneDrive\Documentos\workspace\projeto-shoesbr\shoesbr\target\run_results.json
[0m18:00:03.984221 [info ] [MainThread]: 
[0m18:00:03.988436 [info ] [MainThread]: [32mCompleted successfully[0m
[0m18:00:03.993621 [info ] [MainThread]: 
[0m18:00:03.995967 [info ] [MainThread]: Done. PASS=3 WARN=0 ERROR=0 SKIP=0 NO-OP=0 REUSED=0 TOTAL=3
[0m18:00:04.002251 [debug] [MainThread]: Command `dbt run` succeeded at 18:00:04.001809 after 24.17 seconds
[0m18:00:04.003399 [debug] [MainThread]: Sending event: {'category': 'dbt', 'action': 'invocation', 'label': 'end', 'context': [<snowplow_tracker.self_describing_json.SelfDescribingJson object at 0x000002356401D5C0>, <snowplow_tracker.self_describing_json.SelfDescribingJson object at 0x0000023563DBCD70>, <snowplow_tracker.self_describing_json.SelfDescribingJson object at 0x0000023563F437D0>]}
[0m18:00:04.004640 [debug] [MainThread]: Flushing usage events
[0m18:00:05.480742 [debug] [MainThread]: An error was encountered while trying to flush usage events
[0m18:02:57.651843 [debug] [MainThread]: Sending event: {'category': 'dbt', 'action': 'invocation', 'label': 'start', 'context': [<snowplow_tracker.self_describing_json.SelfDescribingJson object at 0x0000023494851A90>, <snowplow_tracker.self_describing_json.SelfDescribingJson object at 0x0000023496E13ED0>, <snowplow_tracker.self_describing_json.SelfDescribingJson object at 0x0000023496E13750>]}


============================== 18:02:57.668618 | 591dbc41-9cd1-4c3a-af2b-add83e2dabcd ==============================
[0m18:02:57.668618 [info ] [MainThread]: Running with dbt=1.12.0-b3
[0m18:02:57.671015 [debug] [MainThread]: running dbt with arguments {'maximum_seed_size_mib': '1', 'no_print': 'None', 'static_parser': 'True', 'warn_error_options': 'WarnErrorOptionsV2(error=[], warn=[], silence=[])', 'version_check': 'True', 'target_path': 'None', 'printer_width': '80', 'write_json': 'True', 'empty': 'False', 'log_cache_events': 'False', 'introspect': 'True', 'cache_selected_only': 'False', 'fail_fast': 'False', 'debug': 'False', 'log_format': 'default', 'partial_parse': 'True', 'send_anonymous_usage_stats': 'True', 'quiet': 'False', 'warn_error': 'None', 'profiles_dir': 'C:\\Users\\User\\.dbt', 'use_colors': 'True', 'invocation_command': 'dbt run', 'indirect_selection': 'eager', 'use_experimental_parser': 'False', 'log_path': 'C:\\Users\\User\\OneDrive\\Documentos\\workspace\\projeto-shoesbr\\shoesbr\\logs'}
[0m18:02:58.738578 [debug] [MainThread]: Sending event: {'category': 'dbt', 'action': 'project_id', 'label': '591dbc41-9cd1-4c3a-af2b-add83e2dabcd', 'context': [<snowplow_tracker.self_describing_json.SelfDescribingJson object at 0x0000023494D89CD0>]}
[0m18:02:59.087063 [debug] [MainThread]: Sending event: {'category': 'dbt', 'action': 'adapter_info', 'label': '591dbc41-9cd1-4c3a-af2b-add83e2dabcd', 'context': [<snowplow_tracker.self_describing_json.SelfDescribingJson object at 0x00000234970A0AF0>]}
[0m18:02:59.091049 [info ] [MainThread]: Registered adapter: postgres=1.10.1
[0m18:03:01.103385 [debug] [MainThread]: checksum: 12227fd57f6d3c59d667ee20c9141c06a591c2bf7db00ae7c504e78d5392bdf2, vars: {}, profile: shoesbr, target: dev, version: 1.12.0b3
[0m18:03:01.892995 [info ] [MainThread]: Unable to do partial parsing because a project config has changed
[0m18:03:01.894674 [debug] [MainThread]: Sending event: {'category': 'dbt', 'action': 'partial_parser', 'label': '591dbc41-9cd1-4c3a-af2b-add83e2dabcd', 'context': [<snowplow_tracker.self_describing_json.SelfDescribingJson object at 0x0000023497491650>]}
[0m18:03:08.831332 [debug] [MainThread]: Sending event: {'category': 'dbt', 'action': 'load_project', 'label': '591dbc41-9cd1-4c3a-af2b-add83e2dabcd', 'context': [<snowplow_tracker.self_describing_json.SelfDescribingJson object at 0x0000023496DA9D60>]}
[0m18:03:09.337951 [debug] [MainThread]: Wrote artifact WritableManifest to C:\Users\User\OneDrive\Documentos\workspace\projeto-shoesbr\shoesbr\target\manifest.json
[0m18:03:09.352096 [debug] [MainThread]: Wrote artifact SemanticManifest to C:\Users\User\OneDrive\Documentos\workspace\projeto-shoesbr\shoesbr\target\semantic_manifest.json
[0m18:03:09.483828 [debug] [MainThread]: Wrote artifact OsiDocument to C:\Users\User\OneDrive\Documentos\workspace\projeto-shoesbr\shoesbr\target\osi_document.json
[0m18:03:09.558356 [debug] [MainThread]: Sending event: {'category': 'dbt', 'action': 'resource_counts', 'label': '591dbc41-9cd1-4c3a-af2b-add83e2dabcd', 'context': [<snowplow_tracker.self_describing_json.SelfDescribingJson object at 0x000002349763DA90>]}
[0m18:03:09.560967 [info ] [MainThread]: Found 3 models, 4 sources, 475 macros
[0m18:03:09.565278 [debug] [MainThread]: Sending event: {'category': 'dbt', 'action': 'runnable_timing', 'label': '591dbc41-9cd1-4c3a-af2b-add83e2dabcd', 'context': [<snowplow_tracker.self_describing_json.SelfDescribingJson object at 0x000002349785A680>]}
[0m18:03:09.578277 [info ] [MainThread]: 
[0m18:03:09.589814 [info ] [MainThread]: Concurrency: 1 threads (target='dev')
[0m18:03:09.625095 [info ] [MainThread]: 
[0m18:03:09.664824 [debug] [MainThread]: Acquiring new postgres connection 'master'
[0m18:03:09.692371 [debug] [ThreadPool]: Acquiring new postgres connection 'list_shoesbr'
[0m18:03:10.334204 [debug] [ThreadPool]: Using postgres connection "list_shoesbr"
[0m18:03:10.335307 [debug] [ThreadPool]: On list_shoesbr: /* {"app": "dbt", "dbt_version": "1.12.0b3", "profile_name": "shoesbr", "target_name": "dev", "connection_name": "list_shoesbr"} */

    select distinct nspname from pg_namespace
  
[0m18:03:10.336372 [debug] [ThreadPool]: Opening a new connection, currently in state init
[0m18:03:11.836617 [debug] [ThreadPool]: SQL status: SELECT 5 in 1.500 seconds
[0m18:03:11.840463 [debug] [ThreadPool]: On list_shoesbr: Close
[0m18:03:11.843377 [debug] [ThreadPool]: Re-using an available connection from the pool (formerly list_shoesbr, now create_shoesbr_landing_staging)
[0m18:03:11.845453 [debug] [ThreadPool]: Creating schema "database: "shoesbr"
schema: "landing_staging"
"
[0m18:03:11.861054 [debug] [ThreadPool]: Using postgres connection "create_shoesbr_landing_staging"
[0m18:03:11.862485 [debug] [ThreadPool]: On create_shoesbr_landing_staging: /* {"app": "dbt", "dbt_version": "1.12.0b3", "profile_name": "shoesbr", "target_name": "dev", "connection_name": "create_shoesbr_landing_staging"} */
create schema if not exists "landing_staging"
[0m18:03:11.863681 [debug] [ThreadPool]: Opening a new connection, currently in state closed
[0m18:03:13.236488 [debug] [ThreadPool]: SQL status: CREATE SCHEMA in 1.373 seconds
[0m18:03:13.239408 [debug] [ThreadPool]: On create_shoesbr_landing_staging: COMMIT
[0m18:03:13.240548 [debug] [ThreadPool]: Using postgres connection "create_shoesbr_landing_staging"
[0m18:03:13.241556 [debug] [ThreadPool]: On create_shoesbr_landing_staging: COMMIT
[0m18:03:13.390585 [debug] [ThreadPool]: SQL status: COMMIT in 0.148 seconds
[0m18:03:13.392499 [debug] [ThreadPool]: On create_shoesbr_landing_staging: Close
[0m18:03:13.404338 [debug] [ThreadPool]: Acquiring new postgres connection 'list_shoesbr_landing_staging'
[0m18:03:13.422858 [debug] [ThreadPool]: Using postgres connection "list_shoesbr_landing_staging"
[0m18:03:13.424237 [debug] [ThreadPool]: On list_shoesbr_landing_staging: /* {"app": "dbt", "dbt_version": "1.12.0b3", "profile_name": "shoesbr", "target_name": "dev", "connection_name": "list_shoesbr_landing_staging"} */
select
      'shoesbr' as database,
      tablename as name,
      schemaname as schema,
      'table' as type
    from pg_tables
    where schemaname ilike 'landing_staging'
    union all
    select
      'shoesbr' as database,
      viewname as name,
      schemaname as schema,
      'view' as type
    from pg_views
    where schemaname ilike 'landing_staging'
    union all
    select
      'shoesbr' as database,
      matviewname as name,
      schemaname as schema,
      'materialized_view' as type
    from pg_matviews
    where schemaname ilike 'landing_staging'
  
[0m18:03:13.425417 [debug] [ThreadPool]: Opening a new connection, currently in state init
[0m18:03:14.818827 [debug] [ThreadPool]: SQL status: SELECT 0 in 1.393 seconds
[0m18:03:14.822602 [debug] [ThreadPool]: On list_shoesbr_landing_staging: ROLLBACK
[0m18:03:14.972650 [debug] [ThreadPool]: On list_shoesbr_landing_staging: Close
[0m18:03:14.991714 [debug] [MainThread]: Using postgres connection "master"
[0m18:03:14.993064 [debug] [MainThread]: On master: /* {"app": "dbt", "dbt_version": "1.12.0b3", "profile_name": "shoesbr", "target_name": "dev", "connection_name": "master"} */
select distinct
        dependent_namespace.nspname as dependent_schema,
        dependent_class.relname as dependent_name,
        referenced_namespace.nspname as referenced_schema,
        referenced_class.relname as referenced_name

    -- Query for views: views are entries in pg_class with an entry in pg_rewrite, but we avoid
    -- a seq scan on pg_rewrite by leveraging the fact there is an "internal" row in pg_depend for
    -- the view...
    from pg_class as dependent_class
    join pg_namespace as dependent_namespace on dependent_namespace.oid = dependent_class.relnamespace
    join pg_depend as dependent_depend on dependent_depend.refobjid = dependent_class.oid
        and dependent_depend.classid = 'pg_rewrite'::regclass
        and dependent_depend.refclassid = 'pg_class'::regclass
        and dependent_depend.deptype = 'i'

    -- ... and via pg_depend (that has a row per column, hence the need for "distinct" above, and
    -- making sure to exclude the internal row to avoid a view appearing to depend on itself)...
    join pg_depend as joining_depend on joining_depend.objid = dependent_depend.objid
        and joining_depend.classid = 'pg_rewrite'::regclass
        and joining_depend.refclassid = 'pg_class'::regclass
        and joining_depend.refobjid != dependent_depend.refobjid

    -- ... we can find the tables they query from in pg_class, but excluding system tables. Note we
    -- don't need need to exclude _dependent_ system tables, because they only query from other
    -- system tables, and so are automatically excluded by excluding _referenced_ system tables
    join pg_class as referenced_class on referenced_class.oid = joining_depend.refobjid
    join pg_namespace as referenced_namespace on referenced_namespace.oid = referenced_class.relnamespace
        and referenced_namespace.nspname != 'information_schema'
        and referenced_namespace.nspname not like 'pg\_%'

    order by
        dependent_schema, dependent_name, referenced_schema, referenced_name;
[0m18:03:14.994424 [debug] [MainThread]: Opening a new connection, currently in state init
[0m18:03:16.752671 [debug] [MainThread]: SQL status: SELECT 3 in 1.758 seconds
[0m18:03:16.756709 [debug] [MainThread]: Sending event: {'category': 'dbt', 'action': 'runnable_timing', 'label': '591dbc41-9cd1-4c3a-af2b-add83e2dabcd', 'context': [<snowplow_tracker.self_describing_json.SelfDescribingJson object at 0x00000234976CF590>]}
[0m18:03:16.758101 [debug] [MainThread]: On master: ROLLBACK
[0m18:03:16.908724 [debug] [MainThread]: On master: COMMIT
[0m18:03:16.910743 [debug] [MainThread]: Using postgres connection "master"
[0m18:03:16.911818 [debug] [MainThread]: On master: COMMIT
[0m18:03:17.212623 [debug] [MainThread]: SQL status: COMMIT in 0.300 seconds
[0m18:03:17.213586 [debug] [MainThread]: On master: Close
[0m18:03:17.373797 [debug] [Thread-1 (]: Began running node model.shoesbr.stg_clientes
[0m18:03:17.375422 [info ] [Thread-1 (]: 1 of 3 START sql view model landing_staging.stg_clientes ....................... [RUN]
[0m18:03:17.378578 [debug] [Thread-1 (]: Acquiring new postgres connection 'model.shoesbr.stg_clientes'
[0m18:03:17.380418 [debug] [Thread-1 (]: Began compiling node model.shoesbr.stg_clientes
[0m18:03:17.409880 [debug] [Thread-1 (]: Writing injected SQL for node "model.shoesbr.stg_clientes"
[0m18:03:17.412336 [debug] [Thread-1 (]: Began executing node model.shoesbr.stg_clientes
[0m18:03:17.658544 [debug] [Thread-1 (]: Writing runtime sql for node "model.shoesbr.stg_clientes"
[0m18:03:17.661490 [debug] [Thread-1 (]: Using postgres connection "model.shoesbr.stg_clientes"
[0m18:03:17.663244 [debug] [Thread-1 (]: On model.shoesbr.stg_clientes: /* {"app": "dbt", "dbt_version": "1.12.0b3", "profile_name": "shoesbr", "target_name": "dev", "node_id": "model.shoesbr.stg_clientes"} */

  create view "shoesbr"."landing_staging"."stg_clientes__dbt_tmp"
    
    
  as (
    WITH source AS (
    SELECT *
    FROM "shoesbr"."landing"."clientes"
),

renamed AS (
    SELECT 
        CAST(customer_id AS INT) AS customer_id,
        name AS customer_name,
        address AS customer_address,
        phone AS customer_phone,
        email AS customer_email
    FROM source
)

SELECT * FROM renamed
  );
[0m18:03:17.664470 [debug] [Thread-1 (]: Opening a new connection, currently in state init
[0m18:03:19.054562 [debug] [Thread-1 (]: SQL status: CREATE VIEW in 1.390 seconds
[0m18:03:19.075092 [debug] [Thread-1 (]: Using postgres connection "model.shoesbr.stg_clientes"
[0m18:03:19.076535 [debug] [Thread-1 (]: On model.shoesbr.stg_clientes: /* {"app": "dbt", "dbt_version": "1.12.0b3", "profile_name": "shoesbr", "target_name": "dev", "node_id": "model.shoesbr.stg_clientes"} */
alter table "shoesbr"."landing_staging"."stg_clientes__dbt_tmp" rename to "stg_clientes"
[0m18:03:19.224833 [debug] [Thread-1 (]: SQL status: ALTER TABLE in 0.147 seconds
[0m18:03:19.281906 [debug] [Thread-1 (]: On model.shoesbr.stg_clientes: COMMIT
[0m18:03:19.283338 [debug] [Thread-1 (]: Using postgres connection "model.shoesbr.stg_clientes"
[0m18:03:19.284845 [debug] [Thread-1 (]: On model.shoesbr.stg_clientes: COMMIT
[0m18:03:19.435288 [debug] [Thread-1 (]: SQL status: COMMIT in 0.149 seconds
[0m18:03:19.458481 [debug] [Thread-1 (]: Applying DROP to: "shoesbr"."landing_staging"."stg_clientes__dbt_backup"
[0m18:03:19.475038 [debug] [Thread-1 (]: Using postgres connection "model.shoesbr.stg_clientes"
[0m18:03:19.476495 [debug] [Thread-1 (]: On model.shoesbr.stg_clientes: /* {"app": "dbt", "dbt_version": "1.12.0b3", "profile_name": "shoesbr", "target_name": "dev", "node_id": "model.shoesbr.stg_clientes"} */
drop view if exists "shoesbr"."landing_staging"."stg_clientes__dbt_backup" cascade
[0m18:03:19.624427 [debug] [Thread-1 (]: SQL status: DROP VIEW in 0.147 seconds
[0m18:03:19.633227 [debug] [Thread-1 (]: On model.shoesbr.stg_clientes: Close
[0m18:03:19.640908 [debug] [Thread-1 (]: Sending event: {'category': 'dbt', 'action': 'run_model', 'label': '591dbc41-9cd1-4c3a-af2b-add83e2dabcd', 'context': [<snowplow_tracker.self_describing_json.SelfDescribingJson object at 0x00000234976DA360>]}
[0m18:03:19.643423 [info ] [Thread-1 (]: 1 of 3 OK created sql view model landing_staging.stg_clientes .................. [[32mCREATE VIEW[0m in 2.26s]
[0m18:03:19.652493 [debug] [Thread-1 (]: Finished running node model.shoesbr.stg_clientes
[0m18:03:19.654496 [debug] [Thread-1 (]: Began running node model.shoesbr.stg_produtos
[0m18:03:19.656266 [info ] [Thread-1 (]: 2 of 3 START sql view model landing_staging.stg_produtos ....................... [RUN]
[0m18:03:19.661801 [debug] [Thread-1 (]: Re-using an available connection from the pool (formerly model.shoesbr.stg_clientes, now model.shoesbr.stg_produtos)
[0m18:03:19.663255 [debug] [Thread-1 (]: Began compiling node model.shoesbr.stg_produtos
[0m18:03:19.713984 [debug] [Thread-1 (]: Writing injected SQL for node "model.shoesbr.stg_produtos"
[0m18:03:19.717098 [debug] [Thread-1 (]: Began executing node model.shoesbr.stg_produtos
[0m18:03:19.730485 [debug] [Thread-1 (]: Writing runtime sql for node "model.shoesbr.stg_produtos"
[0m18:03:19.733228 [debug] [Thread-1 (]: Using postgres connection "model.shoesbr.stg_produtos"
[0m18:03:19.734485 [debug] [Thread-1 (]: On model.shoesbr.stg_produtos: /* {"app": "dbt", "dbt_version": "1.12.0b3", "profile_name": "shoesbr", "target_name": "dev", "node_id": "model.shoesbr.stg_produtos"} */

  create view "shoesbr"."landing_staging"."stg_produtos__dbt_tmp"
    
    
  as (
    WITH source AS (
    SELECT *
    FROM "shoesbr"."landing"."produtos"
),

renamed AS (
    SELECT
    cast(product_id as int) as product_id,
    name as name_product,
    price as price_product
    FROM source
)

SELECT * FROM renamed
  );
[0m18:03:19.735755 [debug] [Thread-1 (]: Opening a new connection, currently in state closed
[0m18:03:21.173520 [debug] [Thread-1 (]: SQL status: CREATE VIEW in 1.438 seconds
[0m18:03:21.182695 [debug] [Thread-1 (]: Using postgres connection "model.shoesbr.stg_produtos"
[0m18:03:21.183839 [debug] [Thread-1 (]: On model.shoesbr.stg_produtos: /* {"app": "dbt", "dbt_version": "1.12.0b3", "profile_name": "shoesbr", "target_name": "dev", "node_id": "model.shoesbr.stg_produtos"} */
alter table "shoesbr"."landing_staging"."stg_produtos__dbt_tmp" rename to "stg_produtos"
[0m18:03:21.329023 [debug] [Thread-1 (]: SQL status: ALTER TABLE in 0.144 seconds
[0m18:03:21.333619 [debug] [Thread-1 (]: On model.shoesbr.stg_produtos: COMMIT
[0m18:03:21.334928 [debug] [Thread-1 (]: Using postgres connection "model.shoesbr.stg_produtos"
[0m18:03:21.336204 [debug] [Thread-1 (]: On model.shoesbr.stg_produtos: COMMIT
[0m18:03:21.481276 [debug] [Thread-1 (]: SQL status: COMMIT in 0.144 seconds
[0m18:03:21.487807 [debug] [Thread-1 (]: Applying DROP to: "shoesbr"."landing_staging"."stg_produtos__dbt_backup"
[0m18:03:21.490777 [debug] [Thread-1 (]: Using postgres connection "model.shoesbr.stg_produtos"
[0m18:03:21.492176 [debug] [Thread-1 (]: On model.shoesbr.stg_produtos: /* {"app": "dbt", "dbt_version": "1.12.0b3", "profile_name": "shoesbr", "target_name": "dev", "node_id": "model.shoesbr.stg_produtos"} */
drop view if exists "shoesbr"."landing_staging"."stg_produtos__dbt_backup" cascade
[0m18:03:21.637560 [debug] [Thread-1 (]: SQL status: DROP VIEW in 0.144 seconds
[0m18:03:21.642449 [debug] [Thread-1 (]: On model.shoesbr.stg_produtos: Close
[0m18:03:21.644483 [debug] [Thread-1 (]: Sending event: {'category': 'dbt', 'action': 'run_model', 'label': '591dbc41-9cd1-4c3a-af2b-add83e2dabcd', 'context': [<snowplow_tracker.self_describing_json.SelfDescribingJson object at 0x0000023497B67610>]}
[0m18:03:21.646357 [info ] [Thread-1 (]: 2 of 3 OK created sql view model landing_staging.stg_produtos .................. [[32mCREATE VIEW[0m in 1.98s]
[0m18:03:21.654619 [debug] [Thread-1 (]: Finished running node model.shoesbr.stg_produtos
[0m18:03:21.656689 [debug] [Thread-1 (]: Began running node model.shoesbr.stg_vendas
[0m18:03:21.658317 [info ] [Thread-1 (]: 3 of 3 START sql view model landing_staging.stg_vendas ......................... [RUN]
[0m18:03:21.700095 [debug] [Thread-1 (]: Re-using an available connection from the pool (formerly model.shoesbr.stg_produtos, now model.shoesbr.stg_vendas)
[0m18:03:21.701639 [debug] [Thread-1 (]: Began compiling node model.shoesbr.stg_vendas
[0m18:03:21.712701 [debug] [Thread-1 (]: Writing injected SQL for node "model.shoesbr.stg_vendas"
[0m18:03:21.715232 [debug] [Thread-1 (]: Began executing node model.shoesbr.stg_vendas
[0m18:03:21.729036 [debug] [Thread-1 (]: Writing runtime sql for node "model.shoesbr.stg_vendas"
[0m18:03:21.731947 [debug] [Thread-1 (]: Using postgres connection "model.shoesbr.stg_vendas"
[0m18:03:21.733278 [debug] [Thread-1 (]: On model.shoesbr.stg_vendas: /* {"app": "dbt", "dbt_version": "1.12.0b3", "profile_name": "shoesbr", "target_name": "dev", "node_id": "model.shoesbr.stg_vendas"} */

  create view "shoesbr"."landing_staging"."stg_vendas__dbt_tmp"
    
    
  as (
    WITH source AS (
    SELECT *
    FROM "shoesbr"."landing"."vendas"
),

renamed AS (
    SELECT 
        CAST(purchase_id AS INT) AS purchase_id,
        CAST(customer_id AS INT) AS customer_id,
        CAST(product_id AS INT) AS product_id,
        CAST(date AS DATE) AS purchase_date,
        CAST(quantity AS INT) AS quantity,
        CAST(total_price AS DECIMAL(10,2)) AS total_price,
        payment_method
    FROM source
)

SELECT * FROM renamed
  );
[0m18:03:21.734751 [debug] [Thread-1 (]: Opening a new connection, currently in state closed
[0m18:03:23.305475 [debug] [Thread-1 (]: SQL status: CREATE VIEW in 1.571 seconds
[0m18:03:23.314924 [debug] [Thread-1 (]: Using postgres connection "model.shoesbr.stg_vendas"
[0m18:03:23.316206 [debug] [Thread-1 (]: On model.shoesbr.stg_vendas: /* {"app": "dbt", "dbt_version": "1.12.0b3", "profile_name": "shoesbr", "target_name": "dev", "node_id": "model.shoesbr.stg_vendas"} */
alter table "shoesbr"."landing_staging"."stg_vendas__dbt_tmp" rename to "stg_vendas"
[0m18:03:23.482148 [debug] [Thread-1 (]: SQL status: ALTER TABLE in 0.165 seconds
[0m18:03:23.486254 [debug] [Thread-1 (]: On model.shoesbr.stg_vendas: COMMIT
[0m18:03:23.487749 [debug] [Thread-1 (]: Using postgres connection "model.shoesbr.stg_vendas"
[0m18:03:23.489021 [debug] [Thread-1 (]: On model.shoesbr.stg_vendas: COMMIT
[0m18:03:23.655981 [debug] [Thread-1 (]: SQL status: COMMIT in 0.166 seconds
[0m18:03:23.665272 [debug] [Thread-1 (]: Applying DROP to: "shoesbr"."landing_staging"."stg_vendas__dbt_backup"
[0m18:03:23.667647 [debug] [Thread-1 (]: Using postgres connection "model.shoesbr.stg_vendas"
[0m18:03:23.669197 [debug] [Thread-1 (]: On model.shoesbr.stg_vendas: /* {"app": "dbt", "dbt_version": "1.12.0b3", "profile_name": "shoesbr", "target_name": "dev", "node_id": "model.shoesbr.stg_vendas"} */
drop view if exists "shoesbr"."landing_staging"."stg_vendas__dbt_backup" cascade
[0m18:03:23.837108 [debug] [Thread-1 (]: SQL status: DROP VIEW in 0.166 seconds
[0m18:03:23.841495 [debug] [Thread-1 (]: On model.shoesbr.stg_vendas: Close
[0m18:03:23.843833 [debug] [Thread-1 (]: Sending event: {'category': 'dbt', 'action': 'run_model', 'label': '591dbc41-9cd1-4c3a-af2b-add83e2dabcd', 'context': [<snowplow_tracker.self_describing_json.SelfDescribingJson object at 0x0000023497B14950>]}
[0m18:03:23.845824 [info ] [Thread-1 (]: 3 of 3 OK created sql view model landing_staging.stg_vendas .................... [[32mCREATE VIEW[0m in 2.14s]
[0m18:03:23.853057 [debug] [Thread-1 (]: Finished running node model.shoesbr.stg_vendas
[0m18:03:23.856364 [debug] [MainThread]: On master: COMMIT
[0m18:03:23.858631 [debug] [MainThread]: Using postgres connection "master"
[0m18:03:23.859808 [debug] [MainThread]: On master: COMMIT
[0m18:03:23.860841 [debug] [MainThread]: Opening a new connection, currently in state closed
[0m18:03:25.325801 [debug] [MainThread]: SQL status: COMMIT in 1.465 seconds
[0m18:03:25.327260 [debug] [MainThread]: On master: Close
[0m18:03:25.329073 [debug] [MainThread]: Connection 'master' was properly closed.
[0m18:03:25.330166 [debug] [MainThread]: Connection 'create_shoesbr_landing_staging' was properly closed.
[0m18:03:25.331271 [debug] [MainThread]: Connection 'list_shoesbr_landing_staging' was properly closed.
[0m18:03:25.332272 [debug] [MainThread]: Connection 'model.shoesbr.stg_vendas' was properly closed.
[0m18:03:25.334119 [info ] [MainThread]: 
[0m18:03:25.340291 [info ] [MainThread]: Finished running 3 view models in 0 hours 0 minutes and 15.67 seconds (15.67s).
[0m18:03:25.346952 [debug] [MainThread]: Command end result
[0m18:03:25.563433 [debug] [MainThread]: Wrote artifact WritableManifest to C:\Users\User\OneDrive\Documentos\workspace\projeto-shoesbr\shoesbr\target\manifest.json
[0m18:03:25.586212 [debug] [MainThread]: Wrote artifact SemanticManifest to C:\Users\User\OneDrive\Documentos\workspace\projeto-shoesbr\shoesbr\target\semantic_manifest.json
[0m18:03:25.600219 [debug] [MainThread]: Wrote artifact OsiDocument to C:\Users\User\OneDrive\Documentos\workspace\projeto-shoesbr\shoesbr\target\osi_document.json
[0m18:03:25.662201 [debug] [MainThread]: Wrote artifact RunExecutionResult to C:\Users\User\OneDrive\Documentos\workspace\projeto-shoesbr\shoesbr\target\run_results.json
[0m18:03:25.663368 [info ] [MainThread]: 
[0m18:03:25.665445 [info ] [MainThread]: [32mCompleted successfully[0m
[0m18:03:25.667006 [info ] [MainThread]: 
[0m18:03:25.669058 [info ] [MainThread]: Done. PASS=3 WARN=0 ERROR=0 SKIP=0 NO-OP=0 REUSED=0 TOTAL=3
[0m18:03:25.674475 [debug] [MainThread]: Command `dbt run` succeeded at 18:03:25.674079 after 29.19 seconds
[0m18:03:25.678518 [debug] [MainThread]: Sending event: {'category': 'dbt', 'action': 'invocation', 'label': 'end', 'context': [<snowplow_tracker.self_describing_json.SelfDescribingJson object at 0x0000023496E955C0>, <snowplow_tracker.self_describing_json.SelfDescribingJson object at 0x0000023496C28D70>, <snowplow_tracker.self_describing_json.SelfDescribingJson object at 0x00000234953EC770>]}
[0m18:03:25.679992 [debug] [MainThread]: Flushing usage events
[0m18:03:28.355807 [debug] [MainThread]: An error was encountered while trying to flush usage events
[0m18:05:55.794836 [debug] [MainThread]: Sending event: {'category': 'dbt', 'action': 'invocation', 'label': 'start', 'context': [<snowplow_tracker.self_describing_json.SelfDescribingJson object at 0x00000232A4521A90>, <snowplow_tracker.self_describing_json.SelfDescribingJson object at 0x00000232A6AF3ED0>, <snowplow_tracker.self_describing_json.SelfDescribingJson object at 0x00000232A6AF3750>]}


============================== 18:05:55.810394 | afc90bdb-4422-40c3-9131-da9c357e132b ==============================
[0m18:05:55.810394 [info ] [MainThread]: Running with dbt=1.12.0-b3
[0m18:05:55.812878 [debug] [MainThread]: running dbt with arguments {'maximum_seed_size_mib': '1', 'no_print': 'None', 'version_check': 'True', 'target_path': 'None', 'static_parser': 'True', 'warn_error_options': 'WarnErrorOptionsV2(error=[], warn=[], silence=[])', 'printer_width': '80', 'write_json': 'True', 'empty': 'False', 'log_cache_events': 'False', 'introspect': 'True', 'cache_selected_only': 'False', 'fail_fast': 'False', 'debug': 'False', 'log_format': 'default', 'partial_parse': 'True', 'send_anonymous_usage_stats': 'True', 'quiet': 'False', 'warn_error': 'None', 'profiles_dir': 'C:\\Users\\User\\.dbt', 'indirect_selection': 'eager', 'use_colors': 'True', 'invocation_command': 'dbt run', 'use_experimental_parser': 'False', 'log_path': 'C:\\Users\\User\\OneDrive\\Documentos\\workspace\\projeto-shoesbr\\shoesbr\\logs'}
[0m18:05:56.605754 [debug] [MainThread]: Sending event: {'category': 'dbt', 'action': 'project_id', 'label': 'afc90bdb-4422-40c3-9131-da9c357e132b', 'context': [<snowplow_tracker.self_describing_json.SelfDescribingJson object at 0x00000232A4A59CD0>]}
[0m18:05:56.869340 [debug] [MainThread]: Sending event: {'category': 'dbt', 'action': 'adapter_info', 'label': 'afc90bdb-4422-40c3-9131-da9c357e132b', 'context': [<snowplow_tracker.self_describing_json.SelfDescribingJson object at 0x00000232A6DE0AF0>]}
[0m18:05:56.874020 [info ] [MainThread]: Registered adapter: postgres=1.10.1
[0m18:05:58.238272 [debug] [MainThread]: checksum: 12227fd57f6d3c59d667ee20c9141c06a591c2bf7db00ae7c504e78d5392bdf2, vars: {}, profile: shoesbr, target: dev, version: 1.12.0b3
[0m18:05:59.003892 [debug] [MainThread]: Partial parsing enabled: 0 files deleted, 1 files added, 0 files changed.
[0m18:05:59.005896 [debug] [MainThread]: Partial parsing: added file: shoesbr://macros\generate_schema_name.sql
[0m18:05:59.015148 [info ] [MainThread]: Unable to do partial parsing because change detected to override macro. Starting full parse.
[0m18:06:03.584541 [debug] [MainThread]: Sending event: {'category': 'dbt', 'action': 'load_project', 'label': 'afc90bdb-4422-40c3-9131-da9c357e132b', 'context': [<snowplow_tracker.self_describing_json.SelfDescribingJson object at 0x00000232A71A7B50>]}
[0m18:06:04.128900 [debug] [MainThread]: Wrote artifact WritableManifest to C:\Users\User\OneDrive\Documentos\workspace\projeto-shoesbr\shoesbr\target\manifest.json
[0m18:06:04.144361 [debug] [MainThread]: Wrote artifact SemanticManifest to C:\Users\User\OneDrive\Documentos\workspace\projeto-shoesbr\shoesbr\target\semantic_manifest.json
[0m18:06:04.257650 [debug] [MainThread]: Wrote artifact OsiDocument to C:\Users\User\OneDrive\Documentos\workspace\projeto-shoesbr\shoesbr\target\osi_document.json
[0m18:06:04.327197 [debug] [MainThread]: Sending event: {'category': 'dbt', 'action': 'resource_counts', 'label': 'afc90bdb-4422-40c3-9131-da9c357e132b', 'context': [<snowplow_tracker.self_describing_json.SelfDescribingJson object at 0x00000232A7070C80>]}
[0m18:06:04.328555 [info ] [MainThread]: Found 3 models, 4 sources, 476 macros
[0m18:06:04.330896 [debug] [MainThread]: Sending event: {'category': 'dbt', 'action': 'runnable_timing', 'label': 'afc90bdb-4422-40c3-9131-da9c357e132b', 'context': [<snowplow_tracker.self_describing_json.SelfDescribingJson object at 0x00000232A742D630>]}
[0m18:06:04.338183 [info ] [MainThread]: 
[0m18:06:04.341814 [info ] [MainThread]: Concurrency: 1 threads (target='dev')
[0m18:06:04.343140 [info ] [MainThread]: 
[0m18:06:04.366397 [debug] [MainThread]: Acquiring new postgres connection 'master'
[0m18:06:04.409982 [debug] [ThreadPool]: Acquiring new postgres connection 'list_shoesbr'
[0m18:06:04.842637 [debug] [ThreadPool]: Using postgres connection "list_shoesbr"
[0m18:06:04.843842 [debug] [ThreadPool]: On list_shoesbr: /* {"app": "dbt", "dbt_version": "1.12.0b3", "profile_name": "shoesbr", "target_name": "dev", "connection_name": "list_shoesbr"} */

    select distinct nspname from pg_namespace
  
[0m18:06:04.844952 [debug] [ThreadPool]: Opening a new connection, currently in state init
[0m18:06:06.633872 [debug] [ThreadPool]: SQL status: SELECT 6 in 1.789 seconds
[0m18:06:06.638542 [debug] [ThreadPool]: On list_shoesbr: Close
[0m18:06:06.641380 [debug] [ThreadPool]: Re-using an available connection from the pool (formerly list_shoesbr, now create_shoesbr_staging)
[0m18:06:06.643104 [debug] [ThreadPool]: Creating schema "database: "shoesbr"
schema: "staging"
"
[0m18:06:06.658201 [debug] [ThreadPool]: Using postgres connection "create_shoesbr_staging"
[0m18:06:06.659382 [debug] [ThreadPool]: On create_shoesbr_staging: /* {"app": "dbt", "dbt_version": "1.12.0b3", "profile_name": "shoesbr", "target_name": "dev", "connection_name": "create_shoesbr_staging"} */
create schema if not exists "staging"
[0m18:06:06.660525 [debug] [ThreadPool]: Opening a new connection, currently in state closed
[0m18:06:08.237654 [debug] [ThreadPool]: SQL status: CREATE SCHEMA in 1.577 seconds
[0m18:06:08.241451 [debug] [ThreadPool]: On create_shoesbr_staging: COMMIT
[0m18:06:08.243031 [debug] [ThreadPool]: Using postgres connection "create_shoesbr_staging"
[0m18:06:08.244529 [debug] [ThreadPool]: On create_shoesbr_staging: COMMIT
[0m18:06:08.411982 [debug] [ThreadPool]: SQL status: COMMIT in 0.166 seconds
[0m18:06:08.413506 [debug] [ThreadPool]: On create_shoesbr_staging: Close
[0m18:06:08.418052 [debug] [ThreadPool]: Acquiring new postgres connection 'list_shoesbr_staging'
[0m18:06:08.435888 [debug] [ThreadPool]: Using postgres connection "list_shoesbr_staging"
[0m18:06:08.439475 [debug] [ThreadPool]: On list_shoesbr_staging: /* {"app": "dbt", "dbt_version": "1.12.0b3", "profile_name": "shoesbr", "target_name": "dev", "connection_name": "list_shoesbr_staging"} */
select
      'shoesbr' as database,
      tablename as name,
      schemaname as schema,
      'table' as type
    from pg_tables
    where schemaname ilike 'staging'
    union all
    select
      'shoesbr' as database,
      viewname as name,
      schemaname as schema,
      'view' as type
    from pg_views
    where schemaname ilike 'staging'
    union all
    select
      'shoesbr' as database,
      matviewname as name,
      schemaname as schema,
      'materialized_view' as type
    from pg_matviews
    where schemaname ilike 'staging'
  
[0m18:06:08.442403 [debug] [ThreadPool]: Opening a new connection, currently in state init
[0m18:06:09.971022 [debug] [ThreadPool]: SQL status: SELECT 0 in 1.529 seconds
[0m18:06:09.974851 [debug] [ThreadPool]: On list_shoesbr_staging: ROLLBACK
[0m18:06:10.139853 [debug] [ThreadPool]: On list_shoesbr_staging: Close
[0m18:06:10.154422 [debug] [MainThread]: Using postgres connection "master"
[0m18:06:10.155726 [debug] [MainThread]: On master: /* {"app": "dbt", "dbt_version": "1.12.0b3", "profile_name": "shoesbr", "target_name": "dev", "connection_name": "master"} */
select distinct
        dependent_namespace.nspname as dependent_schema,
        dependent_class.relname as dependent_name,
        referenced_namespace.nspname as referenced_schema,
        referenced_class.relname as referenced_name

    -- Query for views: views are entries in pg_class with an entry in pg_rewrite, but we avoid
    -- a seq scan on pg_rewrite by leveraging the fact there is an "internal" row in pg_depend for
    -- the view...
    from pg_class as dependent_class
    join pg_namespace as dependent_namespace on dependent_namespace.oid = dependent_class.relnamespace
    join pg_depend as dependent_depend on dependent_depend.refobjid = dependent_class.oid
        and dependent_depend.classid = 'pg_rewrite'::regclass
        and dependent_depend.refclassid = 'pg_class'::regclass
        and dependent_depend.deptype = 'i'

    -- ... and via pg_depend (that has a row per column, hence the need for "distinct" above, and
    -- making sure to exclude the internal row to avoid a view appearing to depend on itself)...
    join pg_depend as joining_depend on joining_depend.objid = dependent_depend.objid
        and joining_depend.classid = 'pg_rewrite'::regclass
        and joining_depend.refclassid = 'pg_class'::regclass
        and joining_depend.refobjid != dependent_depend.refobjid

    -- ... we can find the tables they query from in pg_class, but excluding system tables. Note we
    -- don't need need to exclude _dependent_ system tables, because they only query from other
    -- system tables, and so are automatically excluded by excluding _referenced_ system tables
    join pg_class as referenced_class on referenced_class.oid = joining_depend.refobjid
    join pg_namespace as referenced_namespace on referenced_namespace.oid = referenced_class.relnamespace
        and referenced_namespace.nspname != 'information_schema'
        and referenced_namespace.nspname not like 'pg\_%'

    order by
        dependent_schema, dependent_name, referenced_schema, referenced_name;
[0m18:06:10.157430 [debug] [MainThread]: Opening a new connection, currently in state init
[0m18:06:11.707459 [debug] [MainThread]: SQL status: SELECT 6 in 1.550 seconds
[0m18:06:11.714236 [debug] [MainThread]: Sending event: {'category': 'dbt', 'action': 'runnable_timing', 'label': 'afc90bdb-4422-40c3-9131-da9c357e132b', 'context': [<snowplow_tracker.self_describing_json.SelfDescribingJson object at 0x00000232A76F5D90>]}
[0m18:06:11.716002 [debug] [MainThread]: On master: ROLLBACK
[0m18:06:11.887243 [debug] [MainThread]: On master: COMMIT
[0m18:06:11.888365 [debug] [MainThread]: Using postgres connection "master"
[0m18:06:11.889367 [debug] [MainThread]: On master: COMMIT
[0m18:06:12.247799 [debug] [MainThread]: SQL status: COMMIT in 0.357 seconds
[0m18:06:12.248973 [debug] [MainThread]: On master: Close
[0m18:06:12.261584 [debug] [Thread-1 (]: Began running node model.shoesbr.stg_clientes
[0m18:06:12.263233 [info ] [Thread-1 (]: 1 of 3 START sql view model staging.stg_clientes ............................... [RUN]
[0m18:06:12.265306 [debug] [Thread-1 (]: Acquiring new postgres connection 'model.shoesbr.stg_clientes'
[0m18:06:12.266654 [debug] [Thread-1 (]: Began compiling node model.shoesbr.stg_clientes
[0m18:06:12.290095 [debug] [Thread-1 (]: Writing injected SQL for node "model.shoesbr.stg_clientes"
[0m18:06:12.294531 [debug] [Thread-1 (]: Began executing node model.shoesbr.stg_clientes
[0m18:06:12.439966 [debug] [Thread-1 (]: Writing runtime sql for node "model.shoesbr.stg_clientes"
[0m18:06:12.443958 [debug] [Thread-1 (]: Using postgres connection "model.shoesbr.stg_clientes"
[0m18:06:12.445548 [debug] [Thread-1 (]: On model.shoesbr.stg_clientes: /* {"app": "dbt", "dbt_version": "1.12.0b3", "profile_name": "shoesbr", "target_name": "dev", "node_id": "model.shoesbr.stg_clientes"} */

  create view "shoesbr"."staging"."stg_clientes__dbt_tmp"
    
    
  as (
    WITH source AS (
    SELECT *
    FROM "shoesbr"."landing"."clientes"
),

renamed AS (
    SELECT 
        CAST(customer_id AS INT) AS customer_id,
        name AS customer_name,
        address AS customer_address,
        phone AS customer_phone,
        email AS customer_email
    FROM source
)

SELECT * FROM renamed
  );
[0m18:06:12.448155 [debug] [Thread-1 (]: Opening a new connection, currently in state init
[0m18:06:13.862201 [debug] [Thread-1 (]: SQL status: CREATE VIEW in 1.415 seconds
[0m18:06:13.882704 [debug] [Thread-1 (]: Using postgres connection "model.shoesbr.stg_clientes"
[0m18:06:13.883952 [debug] [Thread-1 (]: On model.shoesbr.stg_clientes: /* {"app": "dbt", "dbt_version": "1.12.0b3", "profile_name": "shoesbr", "target_name": "dev", "node_id": "model.shoesbr.stg_clientes"} */
alter table "shoesbr"."staging"."stg_clientes__dbt_tmp" rename to "stg_clientes"
[0m18:06:14.035187 [debug] [Thread-1 (]: SQL status: ALTER TABLE in 0.150 seconds
[0m18:06:14.088422 [debug] [Thread-1 (]: On model.shoesbr.stg_clientes: COMMIT
[0m18:06:14.089715 [debug] [Thread-1 (]: Using postgres connection "model.shoesbr.stg_clientes"
[0m18:06:14.090927 [debug] [Thread-1 (]: On model.shoesbr.stg_clientes: COMMIT
[0m18:06:14.247661 [debug] [Thread-1 (]: SQL status: COMMIT in 0.155 seconds
[0m18:06:14.267575 [debug] [Thread-1 (]: Applying DROP to: "shoesbr"."staging"."stg_clientes__dbt_backup"
[0m18:06:14.283272 [debug] [Thread-1 (]: Using postgres connection "model.shoesbr.stg_clientes"
[0m18:06:14.284742 [debug] [Thread-1 (]: On model.shoesbr.stg_clientes: /* {"app": "dbt", "dbt_version": "1.12.0b3", "profile_name": "shoesbr", "target_name": "dev", "node_id": "model.shoesbr.stg_clientes"} */
drop view if exists "shoesbr"."staging"."stg_clientes__dbt_backup" cascade
[0m18:06:14.435391 [debug] [Thread-1 (]: SQL status: DROP VIEW in 0.149 seconds
[0m18:06:14.442483 [debug] [Thread-1 (]: On model.shoesbr.stg_clientes: Close
[0m18:06:14.449882 [debug] [Thread-1 (]: Sending event: {'category': 'dbt', 'action': 'run_model', 'label': 'afc90bdb-4422-40c3-9131-da9c357e132b', 'context': [<snowplow_tracker.self_describing_json.SelfDescribingJson object at 0x00000232A760BDD0>]}
[0m18:06:14.452134 [info ] [Thread-1 (]: 1 of 3 OK created sql view model staging.stg_clientes .......................... [[32mCREATE VIEW[0m in 2.18s]
[0m18:06:14.454824 [debug] [Thread-1 (]: Finished running node model.shoesbr.stg_clientes
[0m18:06:14.456209 [debug] [Thread-1 (]: Began running node model.shoesbr.stg_produtos
[0m18:06:14.457981 [info ] [Thread-1 (]: 2 of 3 START sql view model staging.stg_produtos ............................... [RUN]
[0m18:06:14.459740 [debug] [Thread-1 (]: Re-using an available connection from the pool (formerly model.shoesbr.stg_clientes, now model.shoesbr.stg_produtos)
[0m18:06:14.462068 [debug] [Thread-1 (]: Began compiling node model.shoesbr.stg_produtos
[0m18:06:14.484799 [debug] [Thread-1 (]: Writing injected SQL for node "model.shoesbr.stg_produtos"
[0m18:06:14.488402 [debug] [Thread-1 (]: Began executing node model.shoesbr.stg_produtos
[0m18:06:14.502570 [debug] [Thread-1 (]: Writing runtime sql for node "model.shoesbr.stg_produtos"
[0m18:06:14.505735 [debug] [Thread-1 (]: Using postgres connection "model.shoesbr.stg_produtos"
[0m18:06:14.507683 [debug] [Thread-1 (]: On model.shoesbr.stg_produtos: /* {"app": "dbt", "dbt_version": "1.12.0b3", "profile_name": "shoesbr", "target_name": "dev", "node_id": "model.shoesbr.stg_produtos"} */

  create view "shoesbr"."staging"."stg_produtos__dbt_tmp"
    
    
  as (
    WITH source AS (
    SELECT *
    FROM "shoesbr"."landing"."produtos"
),

renamed AS (
    SELECT
    cast(product_id as int) as product_id,
    name as name_product,
    price as price_product
    FROM source
)

SELECT * FROM renamed
  );
[0m18:06:14.509078 [debug] [Thread-1 (]: Opening a new connection, currently in state closed
[0m18:06:16.081341 [debug] [Thread-1 (]: SQL status: CREATE VIEW in 1.572 seconds
[0m18:06:16.090652 [debug] [Thread-1 (]: Using postgres connection "model.shoesbr.stg_produtos"
[0m18:06:16.091926 [debug] [Thread-1 (]: On model.shoesbr.stg_produtos: /* {"app": "dbt", "dbt_version": "1.12.0b3", "profile_name": "shoesbr", "target_name": "dev", "node_id": "model.shoesbr.stg_produtos"} */
alter table "shoesbr"."staging"."stg_produtos__dbt_tmp" rename to "stg_produtos"
[0m18:06:16.259609 [debug] [Thread-1 (]: SQL status: ALTER TABLE in 0.166 seconds
[0m18:06:16.263805 [debug] [Thread-1 (]: On model.shoesbr.stg_produtos: COMMIT
[0m18:06:16.265264 [debug] [Thread-1 (]: Using postgres connection "model.shoesbr.stg_produtos"
[0m18:06:16.266650 [debug] [Thread-1 (]: On model.shoesbr.stg_produtos: COMMIT
[0m18:06:16.438780 [debug] [Thread-1 (]: SQL status: COMMIT in 0.171 seconds
[0m18:06:16.445652 [debug] [Thread-1 (]: Applying DROP to: "shoesbr"."staging"."stg_produtos__dbt_backup"
[0m18:06:16.448517 [debug] [Thread-1 (]: Using postgres connection "model.shoesbr.stg_produtos"
[0m18:06:16.450041 [debug] [Thread-1 (]: On model.shoesbr.stg_produtos: /* {"app": "dbt", "dbt_version": "1.12.0b3", "profile_name": "shoesbr", "target_name": "dev", "node_id": "model.shoesbr.stg_produtos"} */
drop view if exists "shoesbr"."staging"."stg_produtos__dbt_backup" cascade
[0m18:06:16.619026 [debug] [Thread-1 (]: SQL status: DROP VIEW in 0.168 seconds
[0m18:06:16.623925 [debug] [Thread-1 (]: On model.shoesbr.stg_produtos: Close
[0m18:06:16.626275 [debug] [Thread-1 (]: Sending event: {'category': 'dbt', 'action': 'run_model', 'label': 'afc90bdb-4422-40c3-9131-da9c357e132b', 'context': [<snowplow_tracker.self_describing_json.SelfDescribingJson object at 0x00000232A70664C0>]}
[0m18:06:16.628404 [info ] [Thread-1 (]: 2 of 3 OK created sql view model staging.stg_produtos .......................... [[32mCREATE VIEW[0m in 2.17s]
[0m18:06:16.633712 [debug] [Thread-1 (]: Finished running node model.shoesbr.stg_produtos
[0m18:06:16.635277 [debug] [Thread-1 (]: Began running node model.shoesbr.stg_vendas
[0m18:06:16.637261 [info ] [Thread-1 (]: 3 of 3 START sql view model staging.stg_vendas ................................. [RUN]
[0m18:06:16.639058 [debug] [Thread-1 (]: Re-using an available connection from the pool (formerly model.shoesbr.stg_produtos, now model.shoesbr.stg_vendas)
[0m18:06:16.640524 [debug] [Thread-1 (]: Began compiling node model.shoesbr.stg_vendas
[0m18:06:16.649264 [debug] [Thread-1 (]: Writing injected SQL for node "model.shoesbr.stg_vendas"
[0m18:06:16.652067 [debug] [Thread-1 (]: Began executing node model.shoesbr.stg_vendas
[0m18:06:16.663658 [debug] [Thread-1 (]: Writing runtime sql for node "model.shoesbr.stg_vendas"
[0m18:06:16.667196 [debug] [Thread-1 (]: Using postgres connection "model.shoesbr.stg_vendas"
[0m18:06:16.668695 [debug] [Thread-1 (]: On model.shoesbr.stg_vendas: /* {"app": "dbt", "dbt_version": "1.12.0b3", "profile_name": "shoesbr", "target_name": "dev", "node_id": "model.shoesbr.stg_vendas"} */

  create view "shoesbr"."staging"."stg_vendas__dbt_tmp"
    
    
  as (
    WITH source AS (
    SELECT *
    FROM "shoesbr"."landing"."vendas"
),

renamed AS (
    SELECT 
        CAST(purchase_id AS INT) AS purchase_id,
        CAST(customer_id AS INT) AS customer_id,
        CAST(product_id AS INT) AS product_id,
        CAST(date AS DATE) AS purchase_date,
        CAST(quantity AS INT) AS quantity,
        CAST(total_price AS DECIMAL(10,2)) AS total_price,
        payment_method
    FROM source
)

SELECT * FROM renamed
  );
[0m18:06:16.670249 [debug] [Thread-1 (]: Opening a new connection, currently in state closed
[0m18:06:18.241102 [debug] [Thread-1 (]: SQL status: CREATE VIEW in 1.571 seconds
[0m18:06:18.251765 [debug] [Thread-1 (]: Using postgres connection "model.shoesbr.stg_vendas"
[0m18:06:18.253122 [debug] [Thread-1 (]: On model.shoesbr.stg_vendas: /* {"app": "dbt", "dbt_version": "1.12.0b3", "profile_name": "shoesbr", "target_name": "dev", "node_id": "model.shoesbr.stg_vendas"} */
alter table "shoesbr"."staging"."stg_vendas__dbt_tmp" rename to "stg_vendas"
[0m18:06:18.420151 [debug] [Thread-1 (]: SQL status: ALTER TABLE in 0.166 seconds
[0m18:06:18.424083 [debug] [Thread-1 (]: On model.shoesbr.stg_vendas: COMMIT
[0m18:06:18.425576 [debug] [Thread-1 (]: Using postgres connection "model.shoesbr.stg_vendas"
[0m18:06:18.426900 [debug] [Thread-1 (]: On model.shoesbr.stg_vendas: COMMIT
[0m18:06:18.594128 [debug] [Thread-1 (]: SQL status: COMMIT in 0.166 seconds
[0m18:06:18.601797 [debug] [Thread-1 (]: Applying DROP to: "shoesbr"."staging"."stg_vendas__dbt_backup"
[0m18:06:18.603775 [debug] [Thread-1 (]: Using postgres connection "model.shoesbr.stg_vendas"
[0m18:06:18.605088 [debug] [Thread-1 (]: On model.shoesbr.stg_vendas: /* {"app": "dbt", "dbt_version": "1.12.0b3", "profile_name": "shoesbr", "target_name": "dev", "node_id": "model.shoesbr.stg_vendas"} */
drop view if exists "shoesbr"."staging"."stg_vendas__dbt_backup" cascade
[0m18:06:18.777100 [debug] [Thread-1 (]: SQL status: DROP VIEW in 0.171 seconds
[0m18:06:18.783711 [debug] [Thread-1 (]: On model.shoesbr.stg_vendas: Close
[0m18:06:18.786161 [debug] [Thread-1 (]: Sending event: {'category': 'dbt', 'action': 'run_model', 'label': 'afc90bdb-4422-40c3-9131-da9c357e132b', 'context': [<snowplow_tracker.self_describing_json.SelfDescribingJson object at 0x00000232A736B390>]}
[0m18:06:18.788270 [info ] [Thread-1 (]: 3 of 3 OK created sql view model staging.stg_vendas ............................ [[32mCREATE VIEW[0m in 2.15s]
[0m18:06:18.790800 [debug] [Thread-1 (]: Finished running node model.shoesbr.stg_vendas
[0m18:06:18.794091 [debug] [MainThread]: On master: COMMIT
[0m18:06:18.795181 [debug] [MainThread]: Using postgres connection "master"
[0m18:06:18.796220 [debug] [MainThread]: On master: COMMIT
[0m18:06:18.797409 [debug] [MainThread]: Opening a new connection, currently in state closed
[0m18:06:20.193861 [debug] [MainThread]: SQL status: COMMIT in 1.396 seconds
[0m18:06:20.194997 [debug] [MainThread]: On master: Close
[0m18:06:20.196738 [debug] [MainThread]: Connection 'master' was properly closed.
[0m18:06:20.197730 [debug] [MainThread]: Connection 'create_shoesbr_staging' was properly closed.
[0m18:06:20.198719 [debug] [MainThread]: Connection 'list_shoesbr_staging' was properly closed.
[0m18:06:20.199680 [debug] [MainThread]: Connection 'model.shoesbr.stg_vendas' was properly closed.
[0m18:06:20.202081 [info ] [MainThread]: 
[0m18:06:20.203693 [info ] [MainThread]: Finished running 3 view models in 0 hours 0 minutes and 15.84 seconds (15.84s).
[0m18:06:20.207583 [debug] [MainThread]: Command end result
[0m18:06:20.324307 [debug] [MainThread]: Wrote artifact WritableManifest to C:\Users\User\OneDrive\Documentos\workspace\projeto-shoesbr\shoesbr\target\manifest.json
[0m18:06:20.347740 [debug] [MainThread]: Wrote artifact SemanticManifest to C:\Users\User\OneDrive\Documentos\workspace\projeto-shoesbr\shoesbr\target\semantic_manifest.json
[0m18:06:20.365095 [debug] [MainThread]: Wrote artifact OsiDocument to C:\Users\User\OneDrive\Documentos\workspace\projeto-shoesbr\shoesbr\target\osi_document.json
[0m18:06:20.423454 [debug] [MainThread]: Wrote artifact RunExecutionResult to C:\Users\User\OneDrive\Documentos\workspace\projeto-shoesbr\shoesbr\target\run_results.json
[0m18:06:20.424505 [info ] [MainThread]: 
[0m18:06:20.426219 [info ] [MainThread]: [32mCompleted successfully[0m
[0m18:06:20.427966 [info ] [MainThread]: 
[0m18:06:20.429476 [info ] [MainThread]: Done. PASS=3 WARN=0 ERROR=0 SKIP=0 NO-OP=0 REUSED=0 TOTAL=3
[0m18:06:20.433273 [debug] [MainThread]: Command `dbt run` succeeded at 18:06:20.432574 after 25.21 seconds
[0m18:06:20.435872 [debug] [MainThread]: Sending event: {'category': 'dbt', 'action': 'invocation', 'label': 'end', 'context': [<snowplow_tracker.self_describing_json.SelfDescribingJson object at 0x00000232A74657D0>, <snowplow_tracker.self_describing_json.SelfDescribingJson object at 0x00000232A75B5750>, <snowplow_tracker.self_describing_json.SelfDescribingJson object at 0x00000232A6B6D5C0>]}
[0m18:06:20.437718 [debug] [MainThread]: Flushing usage events
[0m18:06:22.578976 [debug] [MainThread]: An error was encountered while trying to flush usage events
[0m18:10:14.625856 [debug] [MainThread]: Sending event: {'category': 'dbt', 'action': 'invocation', 'label': 'start', 'context': [<snowplow_tracker.self_describing_json.SelfDescribingJson object at 0x000001F928DBDA90>, <snowplow_tracker.self_describing_json.SelfDescribingJson object at 0x000001F92B393ED0>, <snowplow_tracker.self_describing_json.SelfDescribingJson object at 0x000001F92B393750>]}


============================== 18:10:14.642212 | 501a9ed7-4110-4b13-bb4d-f29eabcb2ec8 ==============================
[0m18:10:14.642212 [info ] [MainThread]: Running with dbt=1.12.0-b3
[0m18:10:14.645234 [debug] [MainThread]: running dbt with arguments {'version_check': 'True', 'no_print': 'None', 'static_parser': 'True', 'target_path': 'None', 'maximum_seed_size_mib': '1', 'warn_error_options': 'WarnErrorOptionsV2(error=[], warn=[], silence=[])', 'printer_width': '80', 'write_json': 'True', 'empty': 'None', 'log_cache_events': 'False', 'introspect': 'True', 'cache_selected_only': 'False', 'fail_fast': 'False', 'debug': 'False', 'log_format': 'default', 'partial_parse': 'True', 'send_anonymous_usage_stats': 'True', 'quiet': 'False', 'warn_error': 'None', 'profiles_dir': 'C:\\Users\\User\\.dbt', 'indirect_selection': 'eager', 'invocation_command': 'dbt test', 'use_colors': 'True', 'use_experimental_parser': 'False', 'log_path': 'C:\\Users\\User\\OneDrive\\Documentos\\workspace\\projeto-shoesbr\\shoesbr\\logs'}
[0m18:10:15.775674 [debug] [MainThread]: Sending event: {'category': 'dbt', 'action': 'project_id', 'label': '501a9ed7-4110-4b13-bb4d-f29eabcb2ec8', 'context': [<snowplow_tracker.self_describing_json.SelfDescribingJson object at 0x000001F9292F9CD0>]}
[0m18:10:16.140580 [debug] [MainThread]: Sending event: {'category': 'dbt', 'action': 'adapter_info', 'label': '501a9ed7-4110-4b13-bb4d-f29eabcb2ec8', 'context': [<snowplow_tracker.self_describing_json.SelfDescribingJson object at 0x000001F92B7F8AF0>]}
[0m18:10:16.144702 [info ] [MainThread]: Registered adapter: postgres=1.10.1
[0m18:10:17.745670 [debug] [MainThread]: checksum: 12227fd57f6d3c59d667ee20c9141c06a591c2bf7db00ae7c504e78d5392bdf2, vars: {}, profile: shoesbr, target: dev, version: 1.12.0b3
[0m18:10:18.817893 [debug] [MainThread]: Partial parsing enabled: 0 files deleted, 1 files added, 0 files changed.
[0m18:10:18.820157 [debug] [MainThread]: Partial parsing: added file: shoesbr://models\staging\schema.yml
[0m18:10:20.746327 [warn ] [MainThread]: [[33mWARNING[0m][MissingArgumentsPropertyInGenericTestDeprecation]: Deprecated
functionality
Found top-level arguments to test `relationships` defined on 'stg_vendas' in
package 'shoesbr' (models\staging\schema.yml). Arguments to generic tests should
be nested under the `arguments` property.
[0m18:10:20.792643 [debug] [MainThread]: Sending event: {'category': 'dbt', 'action': 'deprecation', 'label': '501a9ed7-4110-4b13-bb4d-f29eabcb2ec8', 'property_': 'warn', 'context': [<snowplow_tracker.self_describing_json.SelfDescribingJson object at 0x000001F92BBC8650>]}
[0m18:10:21.457298 [debug] [MainThread]: Sending event: {'category': 'dbt', 'action': 'load_project', 'label': '501a9ed7-4110-4b13-bb4d-f29eabcb2ec8', 'context': [<snowplow_tracker.self_describing_json.SelfDescribingJson object at 0x000001F92BA7B110>]}
[0m18:10:22.079516 [debug] [MainThread]: Wrote artifact WritableManifest to C:\Users\User\OneDrive\Documentos\workspace\projeto-shoesbr\shoesbr\target\manifest.json
[0m18:10:22.093903 [debug] [MainThread]: Wrote artifact SemanticManifest to C:\Users\User\OneDrive\Documentos\workspace\projeto-shoesbr\shoesbr\target\semantic_manifest.json
[0m18:10:22.188769 [debug] [MainThread]: Wrote artifact OsiDocument to C:\Users\User\OneDrive\Documentos\workspace\projeto-shoesbr\shoesbr\target\osi_document.json
[0m18:10:22.277255 [debug] [MainThread]: Sending event: {'category': 'dbt', 'action': 'resource_counts', 'label': '501a9ed7-4110-4b13-bb4d-f29eabcb2ec8', 'context': [<snowplow_tracker.self_describing_json.SelfDescribingJson object at 0x000001F92C130750>]}
[0m18:10:22.278617 [info ] [MainThread]: Found 3 models, 8 data tests, 4 sources, 476 macros
[0m18:10:22.281195 [debug] [MainThread]: Sending event: {'category': 'dbt', 'action': 'runnable_timing', 'label': '501a9ed7-4110-4b13-bb4d-f29eabcb2ec8', 'context': [<snowplow_tracker.self_describing_json.SelfDescribingJson object at 0x000001F92C0BFD40>]}
[0m18:10:22.287506 [info ] [MainThread]: 
[0m18:10:22.289118 [info ] [MainThread]: Concurrency: 1 threads (target='dev')
[0m18:10:22.290844 [info ] [MainThread]: 
[0m18:10:22.293986 [debug] [MainThread]: Acquiring new postgres connection 'master'
[0m18:10:22.317950 [debug] [ThreadPool]: Acquiring new postgres connection 'list_shoesbr_staging'
[0m18:10:22.767783 [debug] [ThreadPool]: Using postgres connection "list_shoesbr_staging"
[0m18:10:22.769353 [debug] [ThreadPool]: On list_shoesbr_staging: /* {"app": "dbt", "dbt_version": "1.12.0b3", "profile_name": "shoesbr", "target_name": "dev", "connection_name": "list_shoesbr_staging"} */
select
      'shoesbr' as database,
      tablename as name,
      schemaname as schema,
      'table' as type
    from pg_tables
    where schemaname ilike 'staging'
    union all
    select
      'shoesbr' as database,
      viewname as name,
      schemaname as schema,
      'view' as type
    from pg_views
    where schemaname ilike 'staging'
    union all
    select
      'shoesbr' as database,
      matviewname as name,
      schemaname as schema,
      'materialized_view' as type
    from pg_matviews
    where schemaname ilike 'staging'
  
[0m18:10:22.770826 [debug] [ThreadPool]: Opening a new connection, currently in state init
[0m18:10:24.419103 [debug] [ThreadPool]: SQL status: SELECT 3 in 1.648 seconds
[0m18:10:24.422951 [debug] [ThreadPool]: On list_shoesbr_staging: ROLLBACK
[0m18:10:24.592539 [debug] [ThreadPool]: On list_shoesbr_staging: Close
[0m18:10:24.610834 [debug] [MainThread]: Using postgres connection "master"
[0m18:10:24.613601 [debug] [MainThread]: On master: /* {"app": "dbt", "dbt_version": "1.12.0b3", "profile_name": "shoesbr", "target_name": "dev", "connection_name": "master"} */
select distinct
        dependent_namespace.nspname as dependent_schema,
        dependent_class.relname as dependent_name,
        referenced_namespace.nspname as referenced_schema,
        referenced_class.relname as referenced_name

    -- Query for views: views are entries in pg_class with an entry in pg_rewrite, but we avoid
    -- a seq scan on pg_rewrite by leveraging the fact there is an "internal" row in pg_depend for
    -- the view...
    from pg_class as dependent_class
    join pg_namespace as dependent_namespace on dependent_namespace.oid = dependent_class.relnamespace
    join pg_depend as dependent_depend on dependent_depend.refobjid = dependent_class.oid
        and dependent_depend.classid = 'pg_rewrite'::regclass
        and dependent_depend.refclassid = 'pg_class'::regclass
        and dependent_depend.deptype = 'i'

    -- ... and via pg_depend (that has a row per column, hence the need for "distinct" above, and
    -- making sure to exclude the internal row to avoid a view appearing to depend on itself)...
    join pg_depend as joining_depend on joining_depend.objid = dependent_depend.objid
        and joining_depend.classid = 'pg_rewrite'::regclass
        and joining_depend.refclassid = 'pg_class'::regclass
        and joining_depend.refobjid != dependent_depend.refobjid

    -- ... we can find the tables they query from in pg_class, but excluding system tables. Note we
    -- don't need need to exclude _dependent_ system tables, because they only query from other
    -- system tables, and so are automatically excluded by excluding _referenced_ system tables
    join pg_class as referenced_class on referenced_class.oid = joining_depend.refobjid
    join pg_namespace as referenced_namespace on referenced_namespace.oid = referenced_class.relnamespace
        and referenced_namespace.nspname != 'information_schema'
        and referenced_namespace.nspname not like 'pg\_%'

    order by
        dependent_schema, dependent_name, referenced_schema, referenced_name;
[0m18:10:24.616035 [debug] [MainThread]: Opening a new connection, currently in state init
[0m18:10:26.041846 [debug] [MainThread]: SQL status: SELECT 9 in 1.426 seconds
[0m18:10:26.046189 [debug] [MainThread]: Sending event: {'category': 'dbt', 'action': 'runnable_timing', 'label': '501a9ed7-4110-4b13-bb4d-f29eabcb2ec8', 'context': [<snowplow_tracker.self_describing_json.SelfDescribingJson object at 0x000001F92C07E2D0>]}
[0m18:10:26.047932 [debug] [MainThread]: On master: ROLLBACK
[0m18:10:26.200727 [debug] [MainThread]: On master: COMMIT
[0m18:10:26.201965 [debug] [MainThread]: Using postgres connection "master"
[0m18:10:26.203101 [debug] [MainThread]: On master: COMMIT
[0m18:10:26.510324 [debug] [MainThread]: SQL status: COMMIT in 0.306 seconds
[0m18:10:26.511321 [debug] [MainThread]: On master: Close
[0m18:10:26.582733 [debug] [Thread-1 (]: Began running node test.shoesbr.not_null_stg_clientes_customer_id.455fe7c2cd
[0m18:10:26.584060 [info ] [Thread-1 (]: 1 of 8 START test not_null_stg_clientes_customer_id ............................ [RUN]
[0m18:10:26.585870 [debug] [Thread-1 (]: Acquiring new postgres connection 'test.shoesbr.not_null_stg_clientes_customer_id.455fe7c2cd'
[0m18:10:26.587058 [debug] [Thread-1 (]: Began compiling node test.shoesbr.not_null_stg_clientes_customer_id.455fe7c2cd
[0m18:10:26.643385 [debug] [Thread-1 (]: Writing injected SQL for node "test.shoesbr.not_null_stg_clientes_customer_id.455fe7c2cd"
[0m18:10:26.650037 [debug] [Thread-1 (]: Began executing node test.shoesbr.not_null_stg_clientes_customer_id.455fe7c2cd
[0m18:10:26.752357 [debug] [Thread-1 (]: Writing runtime sql for node "test.shoesbr.not_null_stg_clientes_customer_id.455fe7c2cd"
[0m18:10:26.757536 [debug] [Thread-1 (]: Using postgres connection "test.shoesbr.not_null_stg_clientes_customer_id.455fe7c2cd"
[0m18:10:26.758944 [debug] [Thread-1 (]: On test.shoesbr.not_null_stg_clientes_customer_id.455fe7c2cd: /* {"app": "dbt", "dbt_version": "1.12.0b3", "profile_name": "shoesbr", "target_name": "dev", "node_id": "test.shoesbr.not_null_stg_clientes_customer_id.455fe7c2cd"} */

    
    select
      count(*) as failures,
      count(*) != 0 as should_warn,
      count(*) != 0 as should_error
    from (
      
    
  
    
    



select customer_id
from "shoesbr"."staging"."stg_clientes"
where customer_id is null



  
  
      
    ) dbt_internal_test
[0m18:10:26.760305 [debug] [Thread-1 (]: Opening a new connection, currently in state init
[0m18:10:28.193339 [debug] [Thread-1 (]: SQL status: SELECT 1 in 1.433 seconds
[0m18:10:28.208076 [debug] [Thread-1 (]: On test.shoesbr.not_null_stg_clientes_customer_id.455fe7c2cd: ROLLBACK
[0m18:10:28.366129 [debug] [Thread-1 (]: On test.shoesbr.not_null_stg_clientes_customer_id.455fe7c2cd: Close
[0m18:10:28.369136 [info ] [Thread-1 (]: 1 of 8 PASS not_null_stg_clientes_customer_id .................................. [[32mPASS[0m in 1.78s]
[0m18:10:28.393736 [debug] [Thread-1 (]: Finished running node test.shoesbr.not_null_stg_clientes_customer_id.455fe7c2cd
[0m18:10:28.395372 [debug] [Thread-1 (]: Began running node test.shoesbr.not_null_stg_produtos_product_id.cb2e495773
[0m18:10:28.396971 [info ] [Thread-1 (]: 2 of 8 START test not_null_stg_produtos_product_id ............................. [RUN]
[0m18:10:28.419460 [debug] [Thread-1 (]: Re-using an available connection from the pool (formerly test.shoesbr.not_null_stg_clientes_customer_id.455fe7c2cd, now test.shoesbr.not_null_stg_produtos_product_id.cb2e495773)
[0m18:10:28.420752 [debug] [Thread-1 (]: Began compiling node test.shoesbr.not_null_stg_produtos_product_id.cb2e495773
[0m18:10:28.436125 [debug] [Thread-1 (]: Writing injected SQL for node "test.shoesbr.not_null_stg_produtos_product_id.cb2e495773"
[0m18:10:28.439001 [debug] [Thread-1 (]: Began executing node test.shoesbr.not_null_stg_produtos_product_id.cb2e495773
[0m18:10:28.446916 [debug] [Thread-1 (]: Writing runtime sql for node "test.shoesbr.not_null_stg_produtos_product_id.cb2e495773"
[0m18:10:28.451654 [debug] [Thread-1 (]: Using postgres connection "test.shoesbr.not_null_stg_produtos_product_id.cb2e495773"
[0m18:10:28.453749 [debug] [Thread-1 (]: On test.shoesbr.not_null_stg_produtos_product_id.cb2e495773: /* {"app": "dbt", "dbt_version": "1.12.0b3", "profile_name": "shoesbr", "target_name": "dev", "node_id": "test.shoesbr.not_null_stg_produtos_product_id.cb2e495773"} */

    
    select
      count(*) as failures,
      count(*) != 0 as should_warn,
      count(*) != 0 as should_error
    from (
      
    
  
    
    



select product_id
from "shoesbr"."staging"."stg_produtos"
where product_id is null



  
  
      
    ) dbt_internal_test
[0m18:10:28.455873 [debug] [Thread-1 (]: Opening a new connection, currently in state closed
[0m18:10:29.885986 [debug] [Thread-1 (]: SQL status: SELECT 1 in 1.430 seconds
[0m18:10:29.890536 [debug] [Thread-1 (]: On test.shoesbr.not_null_stg_produtos_product_id.cb2e495773: ROLLBACK
[0m18:10:30.040700 [debug] [Thread-1 (]: On test.shoesbr.not_null_stg_produtos_product_id.cb2e495773: Close
[0m18:10:30.043413 [info ] [Thread-1 (]: 2 of 8 PASS not_null_stg_produtos_product_id ................................... [[32mPASS[0m in 1.62s]
[0m18:10:30.092617 [debug] [Thread-1 (]: Finished running node test.shoesbr.not_null_stg_produtos_product_id.cb2e495773
[0m18:10:30.094766 [debug] [Thread-1 (]: Began running node test.shoesbr.not_null_stg_vendas_purchase_id.017ace8778
[0m18:10:30.096531 [info ] [Thread-1 (]: 3 of 8 START test not_null_stg_vendas_purchase_id .............................. [RUN]
[0m18:10:30.224154 [debug] [Thread-1 (]: Re-using an available connection from the pool (formerly test.shoesbr.not_null_stg_produtos_product_id.cb2e495773, now test.shoesbr.not_null_stg_vendas_purchase_id.017ace8778)
[0m18:10:30.225588 [debug] [Thread-1 (]: Began compiling node test.shoesbr.not_null_stg_vendas_purchase_id.017ace8778
[0m18:10:30.242217 [debug] [Thread-1 (]: Writing injected SQL for node "test.shoesbr.not_null_stg_vendas_purchase_id.017ace8778"
[0m18:10:30.245677 [debug] [Thread-1 (]: Began executing node test.shoesbr.not_null_stg_vendas_purchase_id.017ace8778
[0m18:10:30.253584 [debug] [Thread-1 (]: Writing runtime sql for node "test.shoesbr.not_null_stg_vendas_purchase_id.017ace8778"
[0m18:10:30.257137 [debug] [Thread-1 (]: Using postgres connection "test.shoesbr.not_null_stg_vendas_purchase_id.017ace8778"
[0m18:10:30.258728 [debug] [Thread-1 (]: On test.shoesbr.not_null_stg_vendas_purchase_id.017ace8778: /* {"app": "dbt", "dbt_version": "1.12.0b3", "profile_name": "shoesbr", "target_name": "dev", "node_id": "test.shoesbr.not_null_stg_vendas_purchase_id.017ace8778"} */

    
    select
      count(*) as failures,
      count(*) != 0 as should_warn,
      count(*) != 0 as should_error
    from (
      
    
  
    
    



select purchase_id
from "shoesbr"."staging"."stg_vendas"
where purchase_id is null



  
  
      
    ) dbt_internal_test
[0m18:10:30.260127 [debug] [Thread-1 (]: Opening a new connection, currently in state closed
[0m18:10:31.659008 [debug] [Thread-1 (]: SQL status: SELECT 1 in 1.399 seconds
[0m18:10:31.663494 [debug] [Thread-1 (]: On test.shoesbr.not_null_stg_vendas_purchase_id.017ace8778: ROLLBACK
[0m18:10:31.822563 [debug] [Thread-1 (]: On test.shoesbr.not_null_stg_vendas_purchase_id.017ace8778: Close
[0m18:10:31.824751 [info ] [Thread-1 (]: 3 of 8 PASS not_null_stg_vendas_purchase_id .................................... [[32mPASS[0m in 1.60s]
[0m18:10:31.851973 [debug] [Thread-1 (]: Finished running node test.shoesbr.not_null_stg_vendas_purchase_id.017ace8778
[0m18:10:31.853370 [debug] [Thread-1 (]: Began running node test.shoesbr.relationships_stg_vendas_customer_id__customer_id__ref_stg_clientes_.5f6facf66a
[0m18:10:31.854946 [info ] [Thread-1 (]: 4 of 8 START test relationships_stg_vendas_customer_id__customer_id__ref_stg_clientes_  [RUN]
[0m18:10:31.940139 [debug] [Thread-1 (]: Re-using an available connection from the pool (formerly test.shoesbr.not_null_stg_vendas_purchase_id.017ace8778, now test.shoesbr.relationships_stg_vendas_customer_id__customer_id__ref_stg_clientes_.5f6facf66a)
[0m18:10:31.941713 [debug] [Thread-1 (]: Began compiling node test.shoesbr.relationships_stg_vendas_customer_id__customer_id__ref_stg_clientes_.5f6facf66a
[0m18:10:31.966519 [debug] [Thread-1 (]: Writing injected SQL for node "test.shoesbr.relationships_stg_vendas_customer_id__customer_id__ref_stg_clientes_.5f6facf66a"
[0m18:10:31.969968 [debug] [Thread-1 (]: Began executing node test.shoesbr.relationships_stg_vendas_customer_id__customer_id__ref_stg_clientes_.5f6facf66a
[0m18:10:31.977652 [debug] [Thread-1 (]: Writing runtime sql for node "test.shoesbr.relationships_stg_vendas_customer_id__customer_id__ref_stg_clientes_.5f6facf66a"
[0m18:10:31.981302 [debug] [Thread-1 (]: Using postgres connection "test.shoesbr.relationships_stg_vendas_customer_id__customer_id__ref_stg_clientes_.5f6facf66a"
[0m18:10:31.982679 [debug] [Thread-1 (]: On test.shoesbr.relationships_stg_vendas_customer_id__customer_id__ref_stg_clientes_.5f6facf66a: /* {"app": "dbt", "dbt_version": "1.12.0b3", "profile_name": "shoesbr", "target_name": "dev", "node_id": "test.shoesbr.relationships_stg_vendas_customer_id__customer_id__ref_stg_clientes_.5f6facf66a"} */

    
    select
      count(*) as failures,
      count(*) != 0 as should_warn,
      count(*) != 0 as should_error
    from (
      
    
  
    
    

with child as (
    select customer_id as from_field
    from "shoesbr"."staging"."stg_vendas"
    where customer_id is not null
),

parent as (
    select customer_id as to_field
    from "shoesbr"."staging"."stg_clientes"
)

select
    from_field

from child
left join parent
    on child.from_field = parent.to_field

where parent.to_field is null



  
  
      
    ) dbt_internal_test
[0m18:10:31.984175 [debug] [Thread-1 (]: Opening a new connection, currently in state closed
[0m18:10:33.374252 [debug] [Thread-1 (]: SQL status: SELECT 1 in 1.390 seconds
[0m18:10:33.378719 [debug] [Thread-1 (]: On test.shoesbr.relationships_stg_vendas_customer_id__customer_id__ref_stg_clientes_.5f6facf66a: ROLLBACK
[0m18:10:33.525482 [debug] [Thread-1 (]: On test.shoesbr.relationships_stg_vendas_customer_id__customer_id__ref_stg_clientes_.5f6facf66a: Close
[0m18:10:33.527783 [info ] [Thread-1 (]: 4 of 8 PASS relationships_stg_vendas_customer_id__customer_id__ref_stg_clientes_  [[32mPASS[0m in 1.59s]
[0m18:10:33.548773 [debug] [Thread-1 (]: Finished running node test.shoesbr.relationships_stg_vendas_customer_id__customer_id__ref_stg_clientes_.5f6facf66a
[0m18:10:33.550188 [debug] [Thread-1 (]: Began running node test.shoesbr.relationships_stg_vendas_product_id__product_id__ref_stg_produtos_.1ff89a1ffb
[0m18:10:33.551530 [info ] [Thread-1 (]: 5 of 8 START test relationships_stg_vendas_product_id__product_id__ref_stg_produtos_  [RUN]
[0m18:10:33.563441 [debug] [Thread-1 (]: Re-using an available connection from the pool (formerly test.shoesbr.relationships_stg_vendas_customer_id__customer_id__ref_stg_clientes_.5f6facf66a, now test.shoesbr.relationships_stg_vendas_product_id__product_id__ref_stg_produtos_.1ff89a1ffb)
[0m18:10:33.565342 [debug] [Thread-1 (]: Began compiling node test.shoesbr.relationships_stg_vendas_product_id__product_id__ref_stg_produtos_.1ff89a1ffb
[0m18:10:33.582033 [debug] [Thread-1 (]: Writing injected SQL for node "test.shoesbr.relationships_stg_vendas_product_id__product_id__ref_stg_produtos_.1ff89a1ffb"
[0m18:10:33.585191 [debug] [Thread-1 (]: Began executing node test.shoesbr.relationships_stg_vendas_product_id__product_id__ref_stg_produtos_.1ff89a1ffb
[0m18:10:33.593021 [debug] [Thread-1 (]: Writing runtime sql for node "test.shoesbr.relationships_stg_vendas_product_id__product_id__ref_stg_produtos_.1ff89a1ffb"
[0m18:10:33.596598 [debug] [Thread-1 (]: Using postgres connection "test.shoesbr.relationships_stg_vendas_product_id__product_id__ref_stg_produtos_.1ff89a1ffb"
[0m18:10:33.598090 [debug] [Thread-1 (]: On test.shoesbr.relationships_stg_vendas_product_id__product_id__ref_stg_produtos_.1ff89a1ffb: /* {"app": "dbt", "dbt_version": "1.12.0b3", "profile_name": "shoesbr", "target_name": "dev", "node_id": "test.shoesbr.relationships_stg_vendas_product_id__product_id__ref_stg_produtos_.1ff89a1ffb"} */

    
    select
      count(*) as failures,
      count(*) != 0 as should_warn,
      count(*) != 0 as should_error
    from (
      
    
  
    
    

with child as (
    select product_id as from_field
    from "shoesbr"."staging"."stg_vendas"
    where product_id is not null
),

parent as (
    select product_id as to_field
    from "shoesbr"."staging"."stg_produtos"
)

select
    from_field

from child
left join parent
    on child.from_field = parent.to_field

where parent.to_field is null



  
  
      
    ) dbt_internal_test
[0m18:10:33.599611 [debug] [Thread-1 (]: Opening a new connection, currently in state closed
[0m18:10:35.019405 [debug] [Thread-1 (]: SQL status: SELECT 1 in 1.420 seconds
[0m18:10:35.023931 [debug] [Thread-1 (]: On test.shoesbr.relationships_stg_vendas_product_id__product_id__ref_stg_produtos_.1ff89a1ffb: ROLLBACK
[0m18:10:35.185758 [debug] [Thread-1 (]: On test.shoesbr.relationships_stg_vendas_product_id__product_id__ref_stg_produtos_.1ff89a1ffb: Close
[0m18:10:35.188177 [info ] [Thread-1 (]: 5 of 8 PASS relationships_stg_vendas_product_id__product_id__ref_stg_produtos_ . [[32mPASS[0m in 1.62s]
[0m18:10:35.199820 [debug] [Thread-1 (]: Finished running node test.shoesbr.relationships_stg_vendas_product_id__product_id__ref_stg_produtos_.1ff89a1ffb
[0m18:10:35.201249 [debug] [Thread-1 (]: Began running node test.shoesbr.unique_stg_clientes_customer_id.4502584758
[0m18:10:35.202764 [info ] [Thread-1 (]: 6 of 8 START test unique_stg_clientes_customer_id .............................. [RUN]
[0m18:10:35.211484 [debug] [Thread-1 (]: Re-using an available connection from the pool (formerly test.shoesbr.relationships_stg_vendas_product_id__product_id__ref_stg_produtos_.1ff89a1ffb, now test.shoesbr.unique_stg_clientes_customer_id.4502584758)
[0m18:10:35.212765 [debug] [Thread-1 (]: Began compiling node test.shoesbr.unique_stg_clientes_customer_id.4502584758
[0m18:10:35.234619 [debug] [Thread-1 (]: Writing injected SQL for node "test.shoesbr.unique_stg_clientes_customer_id.4502584758"
[0m18:10:35.237608 [debug] [Thread-1 (]: Began executing node test.shoesbr.unique_stg_clientes_customer_id.4502584758
[0m18:10:35.245585 [debug] [Thread-1 (]: Writing runtime sql for node "test.shoesbr.unique_stg_clientes_customer_id.4502584758"
[0m18:10:35.248433 [debug] [Thread-1 (]: Using postgres connection "test.shoesbr.unique_stg_clientes_customer_id.4502584758"
[0m18:10:35.249885 [debug] [Thread-1 (]: On test.shoesbr.unique_stg_clientes_customer_id.4502584758: /* {"app": "dbt", "dbt_version": "1.12.0b3", "profile_name": "shoesbr", "target_name": "dev", "node_id": "test.shoesbr.unique_stg_clientes_customer_id.4502584758"} */

    
    select
      count(*) as failures,
      count(*) != 0 as should_warn,
      count(*) != 0 as should_error
    from (
      
    
  
    
    

select
    customer_id as unique_field,
    count(*) as n_records

from "shoesbr"."staging"."stg_clientes"
where customer_id is not null
group by customer_id
having count(*) > 1



  
  
      
    ) dbt_internal_test
[0m18:10:35.251290 [debug] [Thread-1 (]: Opening a new connection, currently in state closed
[0m18:10:36.663644 [debug] [Thread-1 (]: SQL status: SELECT 1 in 1.412 seconds
[0m18:10:36.667813 [debug] [Thread-1 (]: On test.shoesbr.unique_stg_clientes_customer_id.4502584758: ROLLBACK
[0m18:10:36.821972 [debug] [Thread-1 (]: On test.shoesbr.unique_stg_clientes_customer_id.4502584758: Close
[0m18:10:36.824137 [info ] [Thread-1 (]: 6 of 8 PASS unique_stg_clientes_customer_id .................................... [[32mPASS[0m in 1.61s]
[0m18:10:36.878304 [debug] [Thread-1 (]: Finished running node test.shoesbr.unique_stg_clientes_customer_id.4502584758
[0m18:10:36.879546 [debug] [Thread-1 (]: Began running node test.shoesbr.unique_stg_produtos_product_id.478a2f9896
[0m18:10:36.880801 [info ] [Thread-1 (]: 7 of 8 START test unique_stg_produtos_product_id ............................... [RUN]
[0m18:10:36.963726 [debug] [Thread-1 (]: Re-using an available connection from the pool (formerly test.shoesbr.unique_stg_clientes_customer_id.4502584758, now test.shoesbr.unique_stg_produtos_product_id.478a2f9896)
[0m18:10:36.964833 [debug] [Thread-1 (]: Began compiling node test.shoesbr.unique_stg_produtos_product_id.478a2f9896
[0m18:10:36.987658 [debug] [Thread-1 (]: Writing injected SQL for node "test.shoesbr.unique_stg_produtos_product_id.478a2f9896"
[0m18:10:37.027591 [debug] [Thread-1 (]: Began executing node test.shoesbr.unique_stg_produtos_product_id.478a2f9896
[0m18:10:37.035987 [debug] [Thread-1 (]: Writing runtime sql for node "test.shoesbr.unique_stg_produtos_product_id.478a2f9896"
[0m18:10:37.041435 [debug] [Thread-1 (]: Using postgres connection "test.shoesbr.unique_stg_produtos_product_id.478a2f9896"
[0m18:10:37.042684 [debug] [Thread-1 (]: On test.shoesbr.unique_stg_produtos_product_id.478a2f9896: /* {"app": "dbt", "dbt_version": "1.12.0b3", "profile_name": "shoesbr", "target_name": "dev", "node_id": "test.shoesbr.unique_stg_produtos_product_id.478a2f9896"} */

    
    select
      count(*) as failures,
      count(*) != 0 as should_warn,
      count(*) != 0 as should_error
    from (
      
    
  
    
    

select
    product_id as unique_field,
    count(*) as n_records

from "shoesbr"."staging"."stg_produtos"
where product_id is not null
group by product_id
having count(*) > 1



  
  
      
    ) dbt_internal_test
[0m18:10:37.043897 [debug] [Thread-1 (]: Opening a new connection, currently in state closed
[0m18:10:38.396909 [debug] [Thread-1 (]: SQL status: SELECT 1 in 1.353 seconds
[0m18:10:38.401551 [debug] [Thread-1 (]: On test.shoesbr.unique_stg_produtos_product_id.478a2f9896: ROLLBACK
[0m18:10:38.545785 [debug] [Thread-1 (]: On test.shoesbr.unique_stg_produtos_product_id.478a2f9896: Close
[0m18:10:38.549386 [info ] [Thread-1 (]: 7 of 8 PASS unique_stg_produtos_product_id ..................................... [[32mPASS[0m in 1.59s]
[0m18:10:38.551707 [debug] [Thread-1 (]: Finished running node test.shoesbr.unique_stg_produtos_product_id.478a2f9896
[0m18:10:38.553211 [debug] [Thread-1 (]: Began running node test.shoesbr.unique_stg_vendas_purchase_id.1b7f8e5d19
[0m18:10:38.554713 [info ] [Thread-1 (]: 8 of 8 START test unique_stg_vendas_purchase_id ................................ [RUN]
[0m18:10:38.556318 [debug] [Thread-1 (]: Re-using an available connection from the pool (formerly test.shoesbr.unique_stg_produtos_product_id.478a2f9896, now test.shoesbr.unique_stg_vendas_purchase_id.1b7f8e5d19)
[0m18:10:38.557834 [debug] [Thread-1 (]: Began compiling node test.shoesbr.unique_stg_vendas_purchase_id.1b7f8e5d19
[0m18:10:38.569475 [debug] [Thread-1 (]: Writing injected SQL for node "test.shoesbr.unique_stg_vendas_purchase_id.1b7f8e5d19"
[0m18:10:38.572049 [debug] [Thread-1 (]: Began executing node test.shoesbr.unique_stg_vendas_purchase_id.1b7f8e5d19
[0m18:10:38.582089 [debug] [Thread-1 (]: Writing runtime sql for node "test.shoesbr.unique_stg_vendas_purchase_id.1b7f8e5d19"
[0m18:10:38.585727 [debug] [Thread-1 (]: Using postgres connection "test.shoesbr.unique_stg_vendas_purchase_id.1b7f8e5d19"
[0m18:10:38.587098 [debug] [Thread-1 (]: On test.shoesbr.unique_stg_vendas_purchase_id.1b7f8e5d19: /* {"app": "dbt", "dbt_version": "1.12.0b3", "profile_name": "shoesbr", "target_name": "dev", "node_id": "test.shoesbr.unique_stg_vendas_purchase_id.1b7f8e5d19"} */

    
    select
      count(*) as failures,
      count(*) != 0 as should_warn,
      count(*) != 0 as should_error
    from (
      
    
  
    
    

select
    purchase_id as unique_field,
    count(*) as n_records

from "shoesbr"."staging"."stg_vendas"
where purchase_id is not null
group by purchase_id
having count(*) > 1



  
  
      
    ) dbt_internal_test
[0m18:10:38.588460 [debug] [Thread-1 (]: Opening a new connection, currently in state closed
[0m18:10:40.177594 [debug] [Thread-1 (]: SQL status: SELECT 1 in 1.589 seconds
[0m18:10:40.181581 [debug] [Thread-1 (]: On test.shoesbr.unique_stg_vendas_purchase_id.1b7f8e5d19: ROLLBACK
[0m18:10:40.351249 [debug] [Thread-1 (]: On test.shoesbr.unique_stg_vendas_purchase_id.1b7f8e5d19: Close
[0m18:10:40.353451 [info ] [Thread-1 (]: 8 of 8 PASS unique_stg_vendas_purchase_id ...................................... [[32mPASS[0m in 1.80s]
[0m18:10:40.361285 [debug] [Thread-1 (]: Finished running node test.shoesbr.unique_stg_vendas_purchase_id.1b7f8e5d19
[0m18:10:40.364467 [debug] [MainThread]: On master: COMMIT
[0m18:10:40.365619 [debug] [MainThread]: Using postgres connection "master"
[0m18:10:40.366636 [debug] [MainThread]: On master: COMMIT
[0m18:10:40.367636 [debug] [MainThread]: Opening a new connection, currently in state closed
[0m18:10:41.744466 [debug] [MainThread]: SQL status: COMMIT in 1.377 seconds
[0m18:10:41.745660 [debug] [MainThread]: On master: Close
[0m18:10:41.747295 [debug] [MainThread]: Connection 'master' was properly closed.
[0m18:10:41.748245 [debug] [MainThread]: Connection 'list_shoesbr_staging' was properly closed.
[0m18:10:41.749188 [debug] [MainThread]: Connection 'test.shoesbr.unique_stg_vendas_purchase_id.1b7f8e5d19' was properly closed.
[0m18:10:41.750985 [info ] [MainThread]: 
[0m18:10:41.764747 [info ] [MainThread]: Finished running 8 data tests in 0 hours 0 minutes and 19.46 seconds (19.46s).
[0m18:10:41.793871 [debug] [MainThread]: Command end result
[0m18:10:41.949871 [debug] [MainThread]: Wrote artifact WritableManifest to C:\Users\User\OneDrive\Documentos\workspace\projeto-shoesbr\shoesbr\target\manifest.json
[0m18:10:41.964408 [debug] [MainThread]: Wrote artifact SemanticManifest to C:\Users\User\OneDrive\Documentos\workspace\projeto-shoesbr\shoesbr\target\semantic_manifest.json
[0m18:10:41.987281 [debug] [MainThread]: Wrote artifact OsiDocument to C:\Users\User\OneDrive\Documentos\workspace\projeto-shoesbr\shoesbr\target\osi_document.json
[0m18:10:42.017372 [debug] [MainThread]: Wrote artifact RunExecutionResult to C:\Users\User\OneDrive\Documentos\workspace\projeto-shoesbr\shoesbr\target\run_results.json
[0m18:10:42.018343 [info ] [MainThread]: 
[0m18:10:42.022715 [info ] [MainThread]: [32mCompleted successfully[0m
[0m18:10:42.025457 [info ] [MainThread]: 
[0m18:10:42.028226 [info ] [MainThread]: Done. PASS=8 WARN=0 ERROR=0 SKIP=0 NO-OP=0 REUSED=0 TOTAL=8
[0m18:10:42.032178 [warn ] [MainThread]: [[33mWARNING[0m][DeprecationsSummary]: Deprecated functionality
Summary of encountered deprecations:
- MissingArgumentsPropertyInGenericTestDeprecation: 2 occurrences
To see all deprecation instances instead of just the first occurrence of each,
run command again with the `--show-all-deprecations` flag. You may also need to
run with `--no-partial-parse` as some deprecations are only encountered during
parsing.
[0m18:10:42.037321 [debug] [MainThread]: Command `dbt test` succeeded at 18:10:42.036937 after 28.22 seconds
[0m18:10:42.038462 [debug] [MainThread]: Sending event: {'category': 'dbt', 'action': 'invocation', 'label': 'end', 'context': [<snowplow_tracker.self_describing_json.SelfDescribingJson object at 0x000001F92C09F330>, <snowplow_tracker.self_describing_json.SelfDescribingJson object at 0x000001F92C53D770>, <snowplow_tracker.self_describing_json.SelfDescribingJson object at 0x000001F92C53DB30>]}
[0m18:10:42.039592 [debug] [MainThread]: Flushing usage events
[0m18:10:43.783008 [debug] [MainThread]: An error was encountered while trying to flush usage events
[0m18:22:59.983011 [debug] [MainThread]: Sending event: {'category': 'dbt', 'action': 'invocation', 'label': 'start', 'context': [<snowplow_tracker.self_describing_json.SelfDescribingJson object at 0x0000025E279F1A90>, <snowplow_tracker.self_describing_json.SelfDescribingJson object at 0x0000025E29FC3ED0>, <snowplow_tracker.self_describing_json.SelfDescribingJson object at 0x0000025E29FC3750>]}


============================== 18:22:59.993440 | 3809dc2b-4322-485e-a6e5-0e2a0446740e ==============================
[0m18:22:59.993440 [info ] [MainThread]: Running with dbt=1.12.0-b3
[0m18:22:59.995025 [debug] [MainThread]: running dbt with arguments {'maximum_seed_size_mib': '1', 'no_print': 'None', 'static_parser': 'True', 'warn_error_options': 'WarnErrorOptionsV2(error=[], warn=[], silence=[])', 'version_check': 'True', 'target_path': 'None', 'printer_width': '80', 'write_json': 'True', 'empty': 'False', 'log_cache_events': 'False', 'introspect': 'True', 'cache_selected_only': 'False', 'fail_fast': 'False', 'debug': 'False', 'log_format': 'default', 'profiles_dir': 'C:\\Users\\User\\.dbt', 'send_anonymous_usage_stats': 'True', 'quiet': 'False', 'warn_error': 'None', 'partial_parse': 'True', 'indirect_selection': 'eager', 'use_colors': 'True', 'invocation_command': 'dbt seed', 'use_experimental_parser': 'False', 'log_path': 'C:\\Users\\User\\OneDrive\\Documentos\\workspace\\projeto-shoesbr\\shoesbr\\logs'}
[0m18:23:00.414039 [debug] [MainThread]: Sending event: {'category': 'dbt', 'action': 'project_id', 'label': '3809dc2b-4322-485e-a6e5-0e2a0446740e', 'context': [<snowplow_tracker.self_describing_json.SelfDescribingJson object at 0x0000025E27F29CD0>]}
[0m18:23:00.548268 [debug] [MainThread]: Sending event: {'category': 'dbt', 'action': 'adapter_info', 'label': '3809dc2b-4322-485e-a6e5-0e2a0446740e', 'context': [<snowplow_tracker.self_describing_json.SelfDescribingJson object at 0x0000025E2A2A4AF0>]}
[0m18:23:00.551579 [info ] [MainThread]: Registered adapter: postgres=1.10.1
[0m18:23:01.219008 [debug] [MainThread]: checksum: 12227fd57f6d3c59d667ee20c9141c06a591c2bf7db00ae7c504e78d5392bdf2, vars: {}, profile: shoesbr, target: dev, version: 1.12.0b3
[0m18:23:01.522222 [info ] [MainThread]: Unable to do partial parsing because a project config has changed
[0m18:23:01.523519 [debug] [MainThread]: Sending event: {'category': 'dbt', 'action': 'partial_parser', 'label': '3809dc2b-4322-485e-a6e5-0e2a0446740e', 'context': [<snowplow_tracker.self_describing_json.SelfDescribingJson object at 0x0000025E2A66A250>]}
[0m18:23:04.398866 [warn ] [MainThread]: [[33mWARNING[0m][MissingArgumentsPropertyInGenericTestDeprecation]: Deprecated
functionality
Found top-level arguments to test `relationships` defined on 'stg_vendas' in
package 'shoesbr' (models\staging\schema.yml). Arguments to generic tests should
be nested under the `arguments` property.
[0m18:23:04.400288 [debug] [MainThread]: Sending event: {'category': 'dbt', 'action': 'deprecation', 'label': '3809dc2b-4322-485e-a6e5-0e2a0446740e', 'property_': 'warn', 'context': [<snowplow_tracker.self_describing_json.SelfDescribingJson object at 0x0000025E2A5F68A0>]}
[0m18:23:04.689090 [warn ] [MainThread]: [[33mWARNING[0m]: Configuration paths exist in your dbt_project.yml file which do not apply to any resources.
There are 1 unused configuration paths:
- models.shoesbr.intermediate
[0m18:23:04.721913 [debug] [MainThread]: Sending event: {'category': 'dbt', 'action': 'load_project', 'label': '3809dc2b-4322-485e-a6e5-0e2a0446740e', 'context': [<snowplow_tracker.self_describing_json.SelfDescribingJson object at 0x0000025E2AB79550>]}
[0m18:23:04.966106 [debug] [MainThread]: Wrote artifact WritableManifest to C:\Users\User\OneDrive\Documentos\workspace\projeto-shoesbr\shoesbr\target\manifest.json
[0m18:23:04.974012 [debug] [MainThread]: Wrote artifact SemanticManifest to C:\Users\User\OneDrive\Documentos\workspace\projeto-shoesbr\shoesbr\target\semantic_manifest.json
[0m18:23:05.034333 [debug] [MainThread]: Wrote artifact OsiDocument to C:\Users\User\OneDrive\Documentos\workspace\projeto-shoesbr\shoesbr\target\osi_document.json
[0m18:23:05.063653 [debug] [MainThread]: Sending event: {'category': 'dbt', 'action': 'resource_counts', 'label': '3809dc2b-4322-485e-a6e5-0e2a0446740e', 'context': [<snowplow_tracker.self_describing_json.SelfDescribingJson object at 0x0000025E2AD13E10>]}
[0m18:23:05.064754 [info ] [MainThread]: Found 3 models, 1 seed, 8 data tests, 4 sources, 476 macros
[0m18:23:05.065836 [debug] [MainThread]: Sending event: {'category': 'dbt', 'action': 'runnable_timing', 'label': '3809dc2b-4322-485e-a6e5-0e2a0446740e', 'context': [<snowplow_tracker.self_describing_json.SelfDescribingJson object at 0x0000025E2A8EE750>]}
[0m18:23:05.069801 [info ] [MainThread]: 
[0m18:23:05.070757 [info ] [MainThread]: Concurrency: 1 threads (target='dev')
[0m18:23:05.072084 [info ] [MainThread]: 
[0m18:23:05.073339 [debug] [MainThread]: Acquiring new postgres connection 'master'
[0m18:23:05.075433 [debug] [ThreadPool]: Acquiring new postgres connection 'list_shoesbr'
[0m18:23:05.403866 [debug] [ThreadPool]: Using postgres connection "list_shoesbr"
[0m18:23:05.404540 [debug] [ThreadPool]: On list_shoesbr: /* {"app": "dbt", "dbt_version": "1.12.0b3", "profile_name": "shoesbr", "target_name": "dev", "connection_name": "list_shoesbr"} */

    select distinct nspname from pg_namespace
  
[0m18:23:05.405276 [debug] [ThreadPool]: Opening a new connection, currently in state init
[0m18:23:07.007365 [debug] [ThreadPool]: SQL status: SELECT 7 in 1.602 seconds
[0m18:23:07.010154 [debug] [ThreadPool]: On list_shoesbr: Close
[0m18:23:07.022290 [debug] [ThreadPool]: Acquiring new postgres connection 'list_shoesbr_staging'
[0m18:23:07.034731 [debug] [ThreadPool]: Using postgres connection "list_shoesbr_staging"
[0m18:23:07.035501 [debug] [ThreadPool]: On list_shoesbr_staging: /* {"app": "dbt", "dbt_version": "1.12.0b3", "profile_name": "shoesbr", "target_name": "dev", "connection_name": "list_shoesbr_staging"} */
select
      'shoesbr' as database,
      tablename as name,
      schemaname as schema,
      'table' as type
    from pg_tables
    where schemaname ilike 'staging'
    union all
    select
      'shoesbr' as database,
      viewname as name,
      schemaname as schema,
      'view' as type
    from pg_views
    where schemaname ilike 'staging'
    union all
    select
      'shoesbr' as database,
      matviewname as name,
      schemaname as schema,
      'materialized_view' as type
    from pg_matviews
    where schemaname ilike 'staging'
  
[0m18:23:07.036308 [debug] [ThreadPool]: Opening a new connection, currently in state init
[0m18:23:08.412210 [debug] [ThreadPool]: SQL status: SELECT 3 in 1.376 seconds
[0m18:23:08.416012 [debug] [ThreadPool]: On list_shoesbr_staging: ROLLBACK
[0m18:23:08.562463 [debug] [ThreadPool]: On list_shoesbr_staging: Close
[0m18:23:08.564022 [debug] [ThreadPool]: Re-using an available connection from the pool (formerly list_shoesbr_staging, now list_shoesbr_landing)
[0m18:23:08.569446 [debug] [ThreadPool]: Using postgres connection "list_shoesbr_landing"
[0m18:23:08.570215 [debug] [ThreadPool]: On list_shoesbr_landing: /* {"app": "dbt", "dbt_version": "1.12.0b3", "profile_name": "shoesbr", "target_name": "dev", "connection_name": "list_shoesbr_landing"} */
select
      'shoesbr' as database,
      tablename as name,
      schemaname as schema,
      'table' as type
    from pg_tables
    where schemaname ilike 'landing'
    union all
    select
      'shoesbr' as database,
      viewname as name,
      schemaname as schema,
      'view' as type
    from pg_views
    where schemaname ilike 'landing'
    union all
    select
      'shoesbr' as database,
      matviewname as name,
      schemaname as schema,
      'materialized_view' as type
    from pg_matviews
    where schemaname ilike 'landing'
  
[0m18:23:08.571045 [debug] [ThreadPool]: Opening a new connection, currently in state closed
[0m18:23:10.123152 [debug] [ThreadPool]: SQL status: SELECT 6 in 1.552 seconds
[0m18:23:10.127134 [debug] [ThreadPool]: On list_shoesbr_landing: ROLLBACK
[0m18:23:10.293647 [debug] [ThreadPool]: On list_shoesbr_landing: Close
[0m18:23:10.308597 [debug] [MainThread]: Using postgres connection "master"
[0m18:23:10.309662 [debug] [MainThread]: On master: /* {"app": "dbt", "dbt_version": "1.12.0b3", "profile_name": "shoesbr", "target_name": "dev", "connection_name": "master"} */
select distinct
        dependent_namespace.nspname as dependent_schema,
        dependent_class.relname as dependent_name,
        referenced_namespace.nspname as referenced_schema,
        referenced_class.relname as referenced_name

    -- Query for views: views are entries in pg_class with an entry in pg_rewrite, but we avoid
    -- a seq scan on pg_rewrite by leveraging the fact there is an "internal" row in pg_depend for
    -- the view...
    from pg_class as dependent_class
    join pg_namespace as dependent_namespace on dependent_namespace.oid = dependent_class.relnamespace
    join pg_depend as dependent_depend on dependent_depend.refobjid = dependent_class.oid
        and dependent_depend.classid = 'pg_rewrite'::regclass
        and dependent_depend.refclassid = 'pg_class'::regclass
        and dependent_depend.deptype = 'i'

    -- ... and via pg_depend (that has a row per column, hence the need for "distinct" above, and
    -- making sure to exclude the internal row to avoid a view appearing to depend on itself)...
    join pg_depend as joining_depend on joining_depend.objid = dependent_depend.objid
        and joining_depend.classid = 'pg_rewrite'::regclass
        and joining_depend.refclassid = 'pg_class'::regclass
        and joining_depend.refobjid != dependent_depend.refobjid

    -- ... we can find the tables they query from in pg_class, but excluding system tables. Note we
    -- don't need need to exclude _dependent_ system tables, because they only query from other
    -- system tables, and so are automatically excluded by excluding _referenced_ system tables
    join pg_class as referenced_class on referenced_class.oid = joining_depend.refobjid
    join pg_namespace as referenced_namespace on referenced_namespace.oid = referenced_class.relnamespace
        and referenced_namespace.nspname != 'information_schema'
        and referenced_namespace.nspname not like 'pg\_%'

    order by
        dependent_schema, dependent_name, referenced_schema, referenced_name;
[0m18:23:10.310814 [debug] [MainThread]: Opening a new connection, currently in state init
[0m18:23:11.835980 [debug] [MainThread]: SQL status: SELECT 9 in 1.525 seconds
[0m18:23:11.855438 [debug] [MainThread]: Sending event: {'category': 'dbt', 'action': 'runnable_timing', 'label': '3809dc2b-4322-485e-a6e5-0e2a0446740e', 'context': [<snowplow_tracker.self_describing_json.SelfDescribingJson object at 0x0000025E2ACDE0A0>]}
[0m18:23:11.856781 [debug] [MainThread]: On master: ROLLBACK
[0m18:23:12.021883 [debug] [MainThread]: On master: COMMIT
[0m18:23:12.022537 [debug] [MainThread]: Using postgres connection "master"
[0m18:23:12.023063 [debug] [MainThread]: On master: COMMIT
[0m18:23:12.351358 [debug] [MainThread]: SQL status: COMMIT in 0.327 seconds
[0m18:23:12.352579 [debug] [MainThread]: On master: Close
[0m18:23:12.365425 [debug] [Thread-1 (]: Began running node seed.shoesbr.estorno
[0m18:23:12.366466 [info ] [Thread-1 (]: 1 of 1 START seed file landing.estorno ......................................... [RUN]
[0m18:23:12.368045 [debug] [Thread-1 (]: Acquiring new postgres connection 'seed.shoesbr.estorno'
[0m18:23:12.368821 [debug] [Thread-1 (]: Began compiling node seed.shoesbr.estorno
[0m18:23:12.369518 [debug] [Thread-1 (]: Began executing node seed.shoesbr.estorno
[0m18:23:12.443134 [debug] [Thread-1 (]: Using postgres connection "seed.shoesbr.estorno"
[0m18:23:12.443923 [debug] [Thread-1 (]: On seed.shoesbr.estorno: /* {"app": "dbt", "dbt_version": "1.12.0b3", "profile_name": "shoesbr", "target_name": "dev", "node_id": "seed.shoesbr.estorno"} */

    create table "shoesbr"."landing"."estorno" ("purchase_id" integer,"customer_id" integer,"product_id" integer,"refund_date" date,"refund_reason" text,"refund_amount" float8)
  
[0m18:23:12.444922 [debug] [Thread-1 (]: Opening a new connection, currently in state init
[0m18:23:13.843921 [debug] [Thread-1 (]: SQL status: CREATE TABLE in 1.398 seconds
[0m18:23:13.900398 [debug] [Thread-1 (]: Using postgres connection "seed.shoesbr.estorno"
[0m18:23:13.901140 [debug] [Thread-1 (]: On seed.shoesbr.estorno: 
          insert into "shoesbr"."landing"."estorno" ("purchase_id", "customer_id", "product_id", "refund_date", "refund_reason", "refund_amount") values
          (%s,%s,%s,%s,%s,%s),(%s,%s,%s,%s,%s,%s),(%s,%s,%s,%s,%s,%s),(%s,%s,%s,%s,%s,%s),(%s,%s,%s,%s,%s,%s)
      ...
[0m18:23:14.056201 [debug] [Thread-1 (]: SQL status: INSERT 0 5 in 0.154 seconds
[0m18:23:14.077433 [debug] [Thread-1 (]: Writing runtime SQL for node "seed.shoesbr.estorno"
[0m18:23:14.134029 [debug] [Thread-1 (]: On seed.shoesbr.estorno: COMMIT
[0m18:23:14.134900 [debug] [Thread-1 (]: Using postgres connection "seed.shoesbr.estorno"
[0m18:23:14.135700 [debug] [Thread-1 (]: On seed.shoesbr.estorno: COMMIT
[0m18:23:14.285975 [debug] [Thread-1 (]: SQL status: COMMIT in 0.149 seconds
[0m18:23:14.289181 [debug] [Thread-1 (]: On seed.shoesbr.estorno: Close
[0m18:23:14.294039 [debug] [Thread-1 (]: Sending event: {'category': 'dbt', 'action': 'run_model', 'label': '3809dc2b-4322-485e-a6e5-0e2a0446740e', 'context': [<snowplow_tracker.self_describing_json.SelfDescribingJson object at 0x0000025E27EBA2B0>]}
[0m18:23:14.295057 [info ] [Thread-1 (]: 1 of 1 OK loaded seed file landing.estorno ..................................... [[32mINSERT 5[0m in 1.92s]
[0m18:23:14.296581 [debug] [Thread-1 (]: Finished running node seed.shoesbr.estorno
[0m18:23:14.298624 [debug] [MainThread]: On master: COMMIT
[0m18:23:14.299288 [debug] [MainThread]: Using postgres connection "master"
[0m18:23:14.299862 [debug] [MainThread]: On master: COMMIT
[0m18:23:14.300685 [debug] [MainThread]: Opening a new connection, currently in state closed
[0m18:23:15.682271 [debug] [MainThread]: SQL status: COMMIT in 1.382 seconds
[0m18:23:15.683037 [debug] [MainThread]: On master: Close
[0m18:23:15.684317 [debug] [MainThread]: Connection 'master' was properly closed.
[0m18:23:15.685118 [debug] [MainThread]: Connection 'list_shoesbr' was properly closed.
[0m18:23:15.685801 [debug] [MainThread]: Connection 'list_shoesbr_landing' was properly closed.
[0m18:23:15.686375 [debug] [MainThread]: Connection 'seed.shoesbr.estorno' was properly closed.
[0m18:23:15.687519 [info ] [MainThread]: 
[0m18:23:15.688590 [info ] [MainThread]: Finished running 1 seed in 0 hours 0 minutes and 10.61 seconds (10.61s).
[0m18:23:15.690402 [debug] [MainThread]: Command end result
[0m18:23:15.797060 [debug] [MainThread]: Wrote artifact WritableManifest to C:\Users\User\OneDrive\Documentos\workspace\projeto-shoesbr\shoesbr\target\manifest.json
[0m18:23:15.813038 [debug] [MainThread]: Wrote artifact SemanticManifest to C:\Users\User\OneDrive\Documentos\workspace\projeto-shoesbr\shoesbr\target\semantic_manifest.json
[0m18:23:15.825138 [debug] [MainThread]: Wrote artifact OsiDocument to C:\Users\User\OneDrive\Documentos\workspace\projeto-shoesbr\shoesbr\target\osi_document.json
[0m18:23:15.860831 [debug] [MainThread]: Wrote artifact RunExecutionResult to C:\Users\User\OneDrive\Documentos\workspace\projeto-shoesbr\shoesbr\target\run_results.json
[0m18:23:15.861998 [info ] [MainThread]: 
[0m18:23:15.866408 [info ] [MainThread]: [32mCompleted successfully[0m
[0m18:23:15.870408 [info ] [MainThread]: 
[0m18:23:15.876356 [info ] [MainThread]: Done. PASS=1 WARN=0 ERROR=0 SKIP=0 NO-OP=0 REUSED=0 TOTAL=1
[0m18:23:15.879105 [warn ] [MainThread]: [[33mWARNING[0m][DeprecationsSummary]: Deprecated functionality
Summary of encountered deprecations:
- MissingArgumentsPropertyInGenericTestDeprecation: 2 occurrences
To see all deprecation instances instead of just the first occurrence of each,
run command again with the `--show-all-deprecations` flag. You may also need to
run with `--no-partial-parse` as some deprecations are only encountered during
parsing.
[0m18:23:15.883850 [debug] [MainThread]: Command `dbt seed` succeeded at 18:23:15.883462 after 16.18 seconds
[0m18:23:15.885131 [debug] [MainThread]: Sending event: {'category': 'dbt', 'action': 'invocation', 'label': 'end', 'context': [<snowplow_tracker.self_describing_json.SelfDescribingJson object at 0x0000025E2AB393D0>, <snowplow_tracker.self_describing_json.SelfDescribingJson object at 0x0000025E2AA7A3D0>, <snowplow_tracker.self_describing_json.SelfDescribingJson object at 0x0000025E2A0415C0>]}
[0m18:23:15.886328 [debug] [MainThread]: Flushing usage events
[0m18:23:17.198814 [debug] [MainThread]: An error was encountered while trying to flush usage events
[0m18:30:11.883446 [debug] [MainThread]: Sending event: {'category': 'dbt', 'action': 'invocation', 'label': 'start', 'context': [<snowplow_tracker.self_describing_json.SelfDescribingJson object at 0x000002424A731A90>, <snowplow_tracker.self_describing_json.SelfDescribingJson object at 0x000002424CD03ED0>, <snowplow_tracker.self_describing_json.SelfDescribingJson object at 0x000002424CD03750>]}


============================== 18:30:11.898704 | 5832e4de-c9a2-4dd5-887b-8f0ae9a9a990 ==============================
[0m18:30:11.898704 [info ] [MainThread]: Running with dbt=1.12.0-b3
[0m18:30:11.901046 [debug] [MainThread]: running dbt with arguments {'maximum_seed_size_mib': '1', 'no_print': 'None', 'static_parser': 'True', 'target_path': 'None', 'version_check': 'True', 'warn_error_options': 'WarnErrorOptionsV2(error=[], warn=[], silence=[])', 'printer_width': '80', 'write_json': 'True', 'introspect': 'True', 'log_cache_events': 'False', 'empty': 'False', 'cache_selected_only': 'False', 'log_format': 'default', 'debug': 'False', 'fail_fast': 'False', 'profiles_dir': 'C:\\Users\\User\\.dbt', 'send_anonymous_usage_stats': 'True', 'quiet': 'False', 'warn_error': 'None', 'partial_parse': 'True', 'invocation_command': 'dbt run -s .\\models\\staging\\stg_estorno.sql', 'indirect_selection': 'eager', 'use_colors': 'True', 'use_experimental_parser': 'False', 'log_path': 'C:\\Users\\User\\OneDrive\\Documentos\\workspace\\projeto-shoesbr\\shoesbr\\logs'}
[0m18:30:12.572696 [debug] [MainThread]: Sending event: {'category': 'dbt', 'action': 'project_id', 'label': '5832e4de-c9a2-4dd5-887b-8f0ae9a9a990', 'context': [<snowplow_tracker.self_describing_json.SelfDescribingJson object at 0x000002424AC69CD0>]}
[0m18:30:12.738315 [debug] [MainThread]: Sending event: {'category': 'dbt', 'action': 'adapter_info', 'label': '5832e4de-c9a2-4dd5-887b-8f0ae9a9a990', 'context': [<snowplow_tracker.self_describing_json.SelfDescribingJson object at 0x000002424CF74AF0>]}
[0m18:30:12.743266 [info ] [MainThread]: Registered adapter: postgres=1.10.1
[0m18:30:13.546930 [debug] [MainThread]: checksum: 12227fd57f6d3c59d667ee20c9141c06a591c2bf7db00ae7c504e78d5392bdf2, vars: {}, profile: shoesbr, target: dev, version: 1.12.0b3
[0m18:30:14.197381 [debug] [MainThread]: Partial parsing enabled: 0 files deleted, 1 files added, 1 files changed.
[0m18:30:14.199153 [debug] [MainThread]: Partial parsing: added file: shoesbr://models\staging\stg_estorno.sql
[0m18:30:14.200693 [debug] [MainThread]: Partial parsing: updated file: shoesbr://models\staging\schema.yml
[0m18:30:15.589563 [warn ] [MainThread]: [[33mWARNING[0m][MissingArgumentsPropertyInGenericTestDeprecation]: Deprecated
functionality
Found top-level arguments to test `accepted_values` defined on 'stg_estorno' in
package 'shoesbr' (models\staging\schema.yml). Arguments to generic tests should
be nested under the `arguments` property.
[0m18:30:15.590726 [debug] [MainThread]: Sending event: {'category': 'dbt', 'action': 'deprecation', 'label': '5832e4de-c9a2-4dd5-887b-8f0ae9a9a990', 'property_': 'warn', 'context': [<snowplow_tracker.self_describing_json.SelfDescribingJson object at 0x000002424D3E3350>]}
[0m18:30:15.808800 [warn ] [MainThread]: [[33mWARNING[0m]: Configuration paths exist in your dbt_project.yml file which do not apply to any resources.
There are 1 unused configuration paths:
- models.shoesbr.intermediate
[0m18:30:15.851188 [debug] [MainThread]: Sending event: {'category': 'dbt', 'action': 'load_project', 'label': '5832e4de-c9a2-4dd5-887b-8f0ae9a9a990', 'context': [<snowplow_tracker.self_describing_json.SelfDescribingJson object at 0x000002424D677200>]}
[0m18:30:16.100104 [debug] [MainThread]: Wrote artifact WritableManifest to C:\Users\User\OneDrive\Documentos\workspace\projeto-shoesbr\shoesbr\target\manifest.json
[0m18:30:16.108768 [debug] [MainThread]: Wrote artifact SemanticManifest to C:\Users\User\OneDrive\Documentos\workspace\projeto-shoesbr\shoesbr\target\semantic_manifest.json
[0m18:30:16.179626 [debug] [MainThread]: Wrote artifact OsiDocument to C:\Users\User\OneDrive\Documentos\workspace\projeto-shoesbr\shoesbr\target\osi_document.json
[0m18:30:16.215515 [debug] [MainThread]: Sending event: {'category': 'dbt', 'action': 'resource_counts', 'label': '5832e4de-c9a2-4dd5-887b-8f0ae9a9a990', 'context': [<snowplow_tracker.self_describing_json.SelfDescribingJson object at 0x000002424D784C90>]}
[0m18:30:16.216895 [info ] [MainThread]: Found 4 models, 1 seed, 16 data tests, 4 sources, 476 macros
[0m18:30:16.219614 [debug] [MainThread]: Sending event: {'category': 'dbt', 'action': 'runnable_timing', 'label': '5832e4de-c9a2-4dd5-887b-8f0ae9a9a990', 'context': [<snowplow_tracker.self_describing_json.SelfDescribingJson object at 0x000002424D6CD160>]}
[0m18:30:16.224928 [info ] [MainThread]: 
[0m18:30:16.226519 [info ] [MainThread]: Concurrency: 1 threads (target='dev')
[0m18:30:16.229045 [info ] [MainThread]: 
[0m18:30:16.231412 [debug] [MainThread]: Acquiring new postgres connection 'master'
[0m18:30:16.234465 [debug] [ThreadPool]: Acquiring new postgres connection 'list_shoesbr'
[0m18:30:16.543193 [debug] [ThreadPool]: Using postgres connection "list_shoesbr"
[0m18:30:16.543868 [debug] [ThreadPool]: On list_shoesbr: /* {"app": "dbt", "dbt_version": "1.12.0b3", "profile_name": "shoesbr", "target_name": "dev", "connection_name": "list_shoesbr"} */

    select distinct nspname from pg_namespace
  
[0m18:30:16.544441 [debug] [ThreadPool]: Opening a new connection, currently in state init
[0m18:30:18.390966 [debug] [ThreadPool]: SQL status: SELECT 7 in 1.846 seconds
[0m18:30:18.396302 [debug] [ThreadPool]: On list_shoesbr: Close
[0m18:30:18.421774 [debug] [ThreadPool]: Acquiring new postgres connection 'list_shoesbr_landing'
[0m18:30:18.444175 [debug] [ThreadPool]: Using postgres connection "list_shoesbr_landing"
[0m18:30:18.446049 [debug] [ThreadPool]: On list_shoesbr_landing: /* {"app": "dbt", "dbt_version": "1.12.0b3", "profile_name": "shoesbr", "target_name": "dev", "connection_name": "list_shoesbr_landing"} */
select
      'shoesbr' as database,
      tablename as name,
      schemaname as schema,
      'table' as type
    from pg_tables
    where schemaname ilike 'landing'
    union all
    select
      'shoesbr' as database,
      viewname as name,
      schemaname as schema,
      'view' as type
    from pg_views
    where schemaname ilike 'landing'
    union all
    select
      'shoesbr' as database,
      matviewname as name,
      schemaname as schema,
      'materialized_view' as type
    from pg_matviews
    where schemaname ilike 'landing'
  
[0m18:30:18.448915 [debug] [ThreadPool]: Opening a new connection, currently in state init
[0m18:30:19.933312 [debug] [ThreadPool]: SQL status: SELECT 7 in 1.485 seconds
[0m18:30:19.937895 [debug] [ThreadPool]: On list_shoesbr_landing: ROLLBACK
[0m18:30:20.094239 [debug] [ThreadPool]: On list_shoesbr_landing: Close
[0m18:30:20.096427 [debug] [ThreadPool]: Re-using an available connection from the pool (formerly list_shoesbr_landing, now list_shoesbr_staging)
[0m18:30:20.106805 [debug] [ThreadPool]: Using postgres connection "list_shoesbr_staging"
[0m18:30:20.108085 [debug] [ThreadPool]: On list_shoesbr_staging: /* {"app": "dbt", "dbt_version": "1.12.0b3", "profile_name": "shoesbr", "target_name": "dev", "connection_name": "list_shoesbr_staging"} */
select
      'shoesbr' as database,
      tablename as name,
      schemaname as schema,
      'table' as type
    from pg_tables
    where schemaname ilike 'staging'
    union all
    select
      'shoesbr' as database,
      viewname as name,
      schemaname as schema,
      'view' as type
    from pg_views
    where schemaname ilike 'staging'
    union all
    select
      'shoesbr' as database,
      matviewname as name,
      schemaname as schema,
      'materialized_view' as type
    from pg_matviews
    where schemaname ilike 'staging'
  
[0m18:30:20.109327 [debug] [ThreadPool]: Opening a new connection, currently in state closed
[0m18:30:21.928887 [debug] [ThreadPool]: SQL status: SELECT 3 in 1.819 seconds
[0m18:30:21.938932 [debug] [ThreadPool]: On list_shoesbr_staging: ROLLBACK
[0m18:30:22.132105 [debug] [ThreadPool]: On list_shoesbr_staging: Close
[0m18:30:22.150658 [debug] [MainThread]: Using postgres connection "master"
[0m18:30:22.152495 [debug] [MainThread]: On master: /* {"app": "dbt", "dbt_version": "1.12.0b3", "profile_name": "shoesbr", "target_name": "dev", "connection_name": "master"} */
select distinct
        dependent_namespace.nspname as dependent_schema,
        dependent_class.relname as dependent_name,
        referenced_namespace.nspname as referenced_schema,
        referenced_class.relname as referenced_name

    -- Query for views: views are entries in pg_class with an entry in pg_rewrite, but we avoid
    -- a seq scan on pg_rewrite by leveraging the fact there is an "internal" row in pg_depend for
    -- the view...
    from pg_class as dependent_class
    join pg_namespace as dependent_namespace on dependent_namespace.oid = dependent_class.relnamespace
    join pg_depend as dependent_depend on dependent_depend.refobjid = dependent_class.oid
        and dependent_depend.classid = 'pg_rewrite'::regclass
        and dependent_depend.refclassid = 'pg_class'::regclass
        and dependent_depend.deptype = 'i'

    -- ... and via pg_depend (that has a row per column, hence the need for "distinct" above, and
    -- making sure to exclude the internal row to avoid a view appearing to depend on itself)...
    join pg_depend as joining_depend on joining_depend.objid = dependent_depend.objid
        and joining_depend.classid = 'pg_rewrite'::regclass
        and joining_depend.refclassid = 'pg_class'::regclass
        and joining_depend.refobjid != dependent_depend.refobjid

    -- ... we can find the tables they query from in pg_class, but excluding system tables. Note we
    -- don't need need to exclude _dependent_ system tables, because they only query from other
    -- system tables, and so are automatically excluded by excluding _referenced_ system tables
    join pg_class as referenced_class on referenced_class.oid = joining_depend.refobjid
    join pg_namespace as referenced_namespace on referenced_namespace.oid = referenced_class.relnamespace
        and referenced_namespace.nspname != 'information_schema'
        and referenced_namespace.nspname not like 'pg\_%'

    order by
        dependent_schema, dependent_name, referenced_schema, referenced_name;
[0m18:30:22.154352 [debug] [MainThread]: Opening a new connection, currently in state init
[0m18:30:23.976063 [debug] [MainThread]: SQL status: SELECT 9 in 1.822 seconds
[0m18:30:23.994258 [debug] [MainThread]: Sending event: {'category': 'dbt', 'action': 'runnable_timing', 'label': '5832e4de-c9a2-4dd5-887b-8f0ae9a9a990', 'context': [<snowplow_tracker.self_describing_json.SelfDescribingJson object at 0x000002424D6C5850>]}
[0m18:30:23.996217 [debug] [MainThread]: On master: ROLLBACK
[0m18:30:24.180551 [debug] [MainThread]: On master: COMMIT
[0m18:30:24.182353 [debug] [MainThread]: Using postgres connection "master"
[0m18:30:24.183830 [debug] [MainThread]: On master: COMMIT
[0m18:30:24.590193 [debug] [MainThread]: SQL status: COMMIT in 0.405 seconds
[0m18:30:24.592016 [debug] [MainThread]: On master: Close
[0m18:30:24.618411 [debug] [Thread-1 (]: Began running node model.shoesbr.stg_estorno
[0m18:30:24.620981 [info ] [Thread-1 (]: 1 of 1 START sql view model staging.stg_estorno ................................ [RUN]
[0m18:30:24.624667 [debug] [Thread-1 (]: Acquiring new postgres connection 'model.shoesbr.stg_estorno'
[0m18:30:24.626721 [debug] [Thread-1 (]: Began compiling node model.shoesbr.stg_estorno
[0m18:30:24.669633 [debug] [Thread-1 (]: Writing injected SQL for node "model.shoesbr.stg_estorno"
[0m18:30:24.677836 [debug] [Thread-1 (]: Began executing node model.shoesbr.stg_estorno
[0m18:30:24.865905 [debug] [Thread-1 (]: Writing runtime sql for node "model.shoesbr.stg_estorno"
[0m18:30:24.868678 [debug] [Thread-1 (]: Using postgres connection "model.shoesbr.stg_estorno"
[0m18:30:24.870430 [debug] [Thread-1 (]: On model.shoesbr.stg_estorno: /* {"app": "dbt", "dbt_version": "1.12.0b3", "profile_name": "shoesbr", "target_name": "dev", "node_id": "model.shoesbr.stg_estorno"} */

  create view "shoesbr"."staging"."stg_estorno__dbt_tmp"
    
    
  as (
    WITH source AS (
    SELECT *
    FROM "shoesbr"."landing"."estorno"
),

renamed AS (
    SELECT 
        CAST(purchase_id AS INT) AS purchase_id,
        CAST(customer_id AS INT) AS customer_id,
        CAST(product_id AS INT) AS product_id,
        CAST(refund_date AS DATE) AS refund_date,
        refund_reason,
        CAST(refund_amount AS DECIMAL(10,2)) AS refund_amount
    FROM source
)

SELECT * FROM renamed
  );
[0m18:30:24.871883 [debug] [Thread-1 (]: Opening a new connection, currently in state init
[0m18:30:26.741742 [debug] [Thread-1 (]: SQL status: CREATE VIEW in 1.869 seconds
[0m18:30:26.773227 [debug] [Thread-1 (]: Using postgres connection "model.shoesbr.stg_estorno"
[0m18:30:26.775478 [debug] [Thread-1 (]: On model.shoesbr.stg_estorno: /* {"app": "dbt", "dbt_version": "1.12.0b3", "profile_name": "shoesbr", "target_name": "dev", "node_id": "model.shoesbr.stg_estorno"} */
alter table "shoesbr"."staging"."stg_estorno__dbt_tmp" rename to "stg_estorno"
[0m18:30:26.946252 [debug] [Thread-1 (]: SQL status: ALTER TABLE in 0.168 seconds
[0m18:30:27.053356 [debug] [Thread-1 (]: On model.shoesbr.stg_estorno: COMMIT
[0m18:30:27.057078 [debug] [Thread-1 (]: Using postgres connection "model.shoesbr.stg_estorno"
[0m18:30:27.060490 [debug] [Thread-1 (]: On model.shoesbr.stg_estorno: COMMIT
[0m18:30:27.251966 [debug] [Thread-1 (]: SQL status: COMMIT in 0.189 seconds
[0m18:30:27.269801 [debug] [Thread-1 (]: Applying DROP to: "shoesbr"."staging"."stg_estorno__dbt_backup"
[0m18:30:27.286067 [debug] [Thread-1 (]: Using postgres connection "model.shoesbr.stg_estorno"
[0m18:30:27.287347 [debug] [Thread-1 (]: On model.shoesbr.stg_estorno: /* {"app": "dbt", "dbt_version": "1.12.0b3", "profile_name": "shoesbr", "target_name": "dev", "node_id": "model.shoesbr.stg_estorno"} */
drop view if exists "shoesbr"."staging"."stg_estorno__dbt_backup" cascade
[0m18:30:27.559919 [debug] [Thread-1 (]: SQL status: DROP VIEW in 0.271 seconds
[0m18:30:27.566717 [debug] [Thread-1 (]: On model.shoesbr.stg_estorno: Close
[0m18:30:27.574689 [debug] [Thread-1 (]: Sending event: {'category': 'dbt', 'action': 'run_model', 'label': '5832e4de-c9a2-4dd5-887b-8f0ae9a9a990', 'context': [<snowplow_tracker.self_describing_json.SelfDescribingJson object at 0x000002424D706DB0>]}
[0m18:30:27.576946 [info ] [Thread-1 (]: 1 of 1 OK created sql view model staging.stg_estorno ........................... [[32mCREATE VIEW[0m in 2.95s]
[0m18:30:27.579505 [debug] [Thread-1 (]: Finished running node model.shoesbr.stg_estorno
[0m18:30:27.582747 [debug] [MainThread]: On master: COMMIT
[0m18:30:27.583826 [debug] [MainThread]: Using postgres connection "master"
[0m18:30:27.584772 [debug] [MainThread]: On master: COMMIT
[0m18:30:27.585629 [debug] [MainThread]: Opening a new connection, currently in state closed
[0m18:30:29.402650 [debug] [MainThread]: SQL status: COMMIT in 1.817 seconds
[0m18:30:29.403756 [debug] [MainThread]: On master: Close
[0m18:30:29.405340 [debug] [MainThread]: Connection 'master' was properly closed.
[0m18:30:29.406276 [debug] [MainThread]: Connection 'list_shoesbr' was properly closed.
[0m18:30:29.407079 [debug] [MainThread]: Connection 'list_shoesbr_staging' was properly closed.
[0m18:30:29.408141 [debug] [MainThread]: Connection 'model.shoesbr.stg_estorno' was properly closed.
[0m18:30:29.413555 [info ] [MainThread]: 
[0m18:30:29.415124 [info ] [MainThread]: Finished running 1 view model in 0 hours 0 minutes and 13.18 seconds (13.18s).
[0m18:30:29.417807 [debug] [MainThread]: Command end result
[0m18:30:29.529083 [debug] [MainThread]: Wrote artifact WritableManifest to C:\Users\User\OneDrive\Documentos\workspace\projeto-shoesbr\shoesbr\target\manifest.json
[0m18:30:29.542645 [debug] [MainThread]: Wrote artifact SemanticManifest to C:\Users\User\OneDrive\Documentos\workspace\projeto-shoesbr\shoesbr\target\semantic_manifest.json
[0m18:30:29.557483 [debug] [MainThread]: Wrote artifact OsiDocument to C:\Users\User\OneDrive\Documentos\workspace\projeto-shoesbr\shoesbr\target\osi_document.json
[0m18:30:29.585056 [debug] [MainThread]: Wrote artifact RunExecutionResult to C:\Users\User\OneDrive\Documentos\workspace\projeto-shoesbr\shoesbr\target\run_results.json
[0m18:30:29.586799 [info ] [MainThread]: 
[0m18:30:29.590729 [info ] [MainThread]: [32mCompleted successfully[0m
[0m18:30:29.593953 [info ] [MainThread]: 
[0m18:30:29.603519 [info ] [MainThread]: Done. PASS=1 WARN=0 ERROR=0 SKIP=0 NO-OP=0 REUSED=0 TOTAL=1
[0m18:30:29.609046 [warn ] [MainThread]: [[33mWARNING[0m][DeprecationsSummary]: Deprecated functionality
Summary of encountered deprecations:
- MissingArgumentsPropertyInGenericTestDeprecation: 1 occurrence
To see all deprecation instances instead of just the first occurrence of each,
run command again with the `--show-all-deprecations` flag. You may also need to
run with `--no-partial-parse` as some deprecations are only encountered during
parsing.
[0m18:30:29.616654 [debug] [MainThread]: Command `dbt run` succeeded at 18:30:29.616065 after 18.19 seconds
[0m18:30:29.618390 [debug] [MainThread]: Sending event: {'category': 'dbt', 'action': 'invocation', 'label': 'end', 'context': [<snowplow_tracker.self_describing_json.SelfDescribingJson object at 0x000002424DD03E30>, <snowplow_tracker.self_describing_json.SelfDescribingJson object at 0x000002424D6E3DA0>, <snowplow_tracker.self_describing_json.SelfDescribingJson object at 0x000002424D728750>]}
[0m18:30:29.620102 [debug] [MainThread]: Flushing usage events
[0m18:30:31.176242 [debug] [MainThread]: An error was encountered while trying to flush usage events
[0m18:47:15.772528 [debug] [MainThread]: Sending event: {'category': 'dbt', 'action': 'invocation', 'label': 'start', 'context': [<snowplow_tracker.self_describing_json.SelfDescribingJson object at 0x000001D1D5A8DA90>, <snowplow_tracker.self_describing_json.SelfDescribingJson object at 0x000001D1D8063ED0>, <snowplow_tracker.self_describing_json.SelfDescribingJson object at 0x000001D1D8063750>]}


============================== 18:47:15.785602 | 0a89753b-547d-4a61-bf29-4b563f2a8e1d ==============================
[0m18:47:15.785602 [info ] [MainThread]: Running with dbt=1.12.0-b3
[0m18:47:15.787384 [debug] [MainThread]: running dbt with arguments {'static_parser': 'True', 'no_print': 'None', 'maximum_seed_size_mib': '1', 'target_path': 'None', 'warn_error_options': 'WarnErrorOptionsV2(error=[], warn=[], silence=[])', 'version_check': 'True', 'printer_width': '80', 'write_json': 'True', 'introspect': 'True', 'log_cache_events': 'False', 'empty': 'False', 'cache_selected_only': 'False', 'log_format': 'default', 'debug': 'False', 'fail_fast': 'False', 'partial_parse': 'True', 'send_anonymous_usage_stats': 'True', 'quiet': 'False', 'warn_error': 'None', 'profiles_dir': 'C:\\Users\\User\\.dbt', 'indirect_selection': 'eager', 'invocation_command': 'dbt run', 'use_colors': 'True', 'use_experimental_parser': 'False', 'log_path': 'C:\\Users\\User\\OneDrive\\Documentos\\workspace\\projeto-shoesbr\\shoesbr\\logs'}
[0m18:47:16.394385 [debug] [MainThread]: Sending event: {'category': 'dbt', 'action': 'project_id', 'label': '0a89753b-547d-4a61-bf29-4b563f2a8e1d', 'context': [<snowplow_tracker.self_describing_json.SelfDescribingJson object at 0x000001D1D5FC9CD0>]}
[0m18:47:16.626793 [debug] [MainThread]: Sending event: {'category': 'dbt', 'action': 'adapter_info', 'label': '0a89753b-547d-4a61-bf29-4b563f2a8e1d', 'context': [<snowplow_tracker.self_describing_json.SelfDescribingJson object at 0x000001D1D82D0AF0>]}
[0m18:47:16.630933 [info ] [MainThread]: Registered adapter: postgres=1.10.1
[0m18:47:17.613904 [debug] [MainThread]: checksum: 12227fd57f6d3c59d667ee20c9141c06a591c2bf7db00ae7c504e78d5392bdf2, vars: {}, profile: shoesbr, target: dev, version: 1.12.0b3
[0m18:47:18.400228 [debug] [MainThread]: Partial parsing enabled: 0 files deleted, 5 files added, 0 files changed.
[0m18:47:18.402369 [debug] [MainThread]: Partial parsing: added file: shoesbr://models\intermediate\int_estorno.sql
[0m18:47:18.403798 [debug] [MainThread]: Partial parsing: added file: shoesbr://models\intermediate\int_clientes.sql
[0m18:47:18.405311 [debug] [MainThread]: Partial parsing: added file: shoesbr://models\intermediate\int_produtos.sql
[0m18:47:18.407687 [debug] [MainThread]: Partial parsing: added file: shoesbr://models\intermediate\schema.yml
[0m18:47:18.410174 [debug] [MainThread]: Partial parsing: added file: shoesbr://models\intermediate\int_vendas.sql
[0m18:47:20.072115 [debug] [MainThread]: Sending event: {'category': 'dbt', 'action': 'load_project', 'label': '0a89753b-547d-4a61-bf29-4b563f2a8e1d', 'context': [<snowplow_tracker.self_describing_json.SelfDescribingJson object at 0x000001D1D8108350>]}
[0m18:47:20.378426 [debug] [MainThread]: Wrote artifact WritableManifest to C:\Users\User\OneDrive\Documentos\workspace\projeto-shoesbr\shoesbr\target\manifest.json
[0m18:47:20.392292 [debug] [MainThread]: Wrote artifact SemanticManifest to C:\Users\User\OneDrive\Documentos\workspace\projeto-shoesbr\shoesbr\target\semantic_manifest.json
[0m18:47:20.486204 [debug] [MainThread]: Wrote artifact OsiDocument to C:\Users\User\OneDrive\Documentos\workspace\projeto-shoesbr\shoesbr\target\osi_document.json
[0m18:47:20.524797 [debug] [MainThread]: Sending event: {'category': 'dbt', 'action': 'resource_counts', 'label': '0a89753b-547d-4a61-bf29-4b563f2a8e1d', 'context': [<snowplow_tracker.self_describing_json.SelfDescribingJson object at 0x000001D1D88CAD50>]}
[0m18:47:20.525865 [info ] [MainThread]: Found 8 models, 1 seed, 16 data tests, 4 sources, 476 macros
[0m18:47:20.530276 [debug] [MainThread]: Sending event: {'category': 'dbt', 'action': 'runnable_timing', 'label': '0a89753b-547d-4a61-bf29-4b563f2a8e1d', 'context': [<snowplow_tracker.self_describing_json.SelfDescribingJson object at 0x000001D1D8CE6510>]}
[0m18:47:20.535493 [info ] [MainThread]: 
[0m18:47:20.538203 [info ] [MainThread]: Concurrency: 1 threads (target='dev')
[0m18:47:20.540679 [info ] [MainThread]: 
[0m18:47:20.551489 [debug] [MainThread]: Acquiring new postgres connection 'master'
[0m18:47:20.639835 [debug] [ThreadPool]: Acquiring new postgres connection 'list_shoesbr'
[0m18:47:20.952986 [debug] [ThreadPool]: Using postgres connection "list_shoesbr"
[0m18:47:20.953853 [debug] [ThreadPool]: On list_shoesbr: /* {"app": "dbt", "dbt_version": "1.12.0b3", "profile_name": "shoesbr", "target_name": "dev", "connection_name": "list_shoesbr"} */

    select distinct nspname from pg_namespace
  
[0m18:47:20.954643 [debug] [ThreadPool]: Opening a new connection, currently in state init
[0m18:47:22.801705 [debug] [ThreadPool]: SQL status: SELECT 7 in 1.847 seconds
[0m18:47:22.808160 [debug] [ThreadPool]: On list_shoesbr: Close
[0m18:47:22.823913 [debug] [ThreadPool]: Using postgres connection "list_shoesbr"
[0m18:47:22.826175 [debug] [ThreadPool]: On list_shoesbr: /* {"app": "dbt", "dbt_version": "1.12.0b3", "profile_name": "shoesbr", "target_name": "dev", "connection_name": "list_shoesbr"} */

    select distinct nspname from pg_namespace
  
[0m18:47:22.829398 [debug] [ThreadPool]: Opening a new connection, currently in state closed
[0m18:47:24.521697 [debug] [ThreadPool]: SQL status: SELECT 7 in 1.693 seconds
[0m18:47:24.525862 [debug] [ThreadPool]: On list_shoesbr: Close
[0m18:47:24.528408 [debug] [ThreadPool]: Re-using an available connection from the pool (formerly list_shoesbr, now create_shoesbr_intermediate)
[0m18:47:24.530572 [debug] [ThreadPool]: Creating schema "database: "shoesbr"
schema: "intermediate"
"
[0m18:47:24.547125 [debug] [ThreadPool]: Using postgres connection "create_shoesbr_intermediate"
[0m18:47:24.548571 [debug] [ThreadPool]: On create_shoesbr_intermediate: /* {"app": "dbt", "dbt_version": "1.12.0b3", "profile_name": "shoesbr", "target_name": "dev", "connection_name": "create_shoesbr_intermediate"} */
create schema if not exists "intermediate"
[0m18:47:24.549765 [debug] [ThreadPool]: Opening a new connection, currently in state closed
[0m18:47:26.135992 [debug] [ThreadPool]: SQL status: CREATE SCHEMA in 1.567 seconds
[0m18:47:26.148963 [debug] [ThreadPool]: On create_shoesbr_intermediate: COMMIT
[0m18:47:26.151588 [debug] [ThreadPool]: Using postgres connection "create_shoesbr_intermediate"
[0m18:47:26.154584 [debug] [ThreadPool]: On create_shoesbr_intermediate: COMMIT
[0m18:47:26.333472 [debug] [ThreadPool]: SQL status: COMMIT in 0.177 seconds
[0m18:47:26.334586 [debug] [ThreadPool]: On create_shoesbr_intermediate: Close
[0m18:47:26.339498 [debug] [ThreadPool]: Acquiring new postgres connection 'list_shoesbr_intermediate'
[0m18:47:26.359264 [debug] [ThreadPool]: Using postgres connection "list_shoesbr_intermediate"
[0m18:47:26.360669 [debug] [ThreadPool]: On list_shoesbr_intermediate: /* {"app": "dbt", "dbt_version": "1.12.0b3", "profile_name": "shoesbr", "target_name": "dev", "connection_name": "list_shoesbr_intermediate"} */
select
      'shoesbr' as database,
      tablename as name,
      schemaname as schema,
      'table' as type
    from pg_tables
    where schemaname ilike 'intermediate'
    union all
    select
      'shoesbr' as database,
      viewname as name,
      schemaname as schema,
      'view' as type
    from pg_views
    where schemaname ilike 'intermediate'
    union all
    select
      'shoesbr' as database,
      matviewname as name,
      schemaname as schema,
      'materialized_view' as type
    from pg_matviews
    where schemaname ilike 'intermediate'
  
[0m18:47:26.362015 [debug] [ThreadPool]: Opening a new connection, currently in state init
[0m18:47:28.177014 [debug] [ThreadPool]: SQL status: SELECT 0 in 1.815 seconds
[0m18:47:28.184347 [debug] [ThreadPool]: On list_shoesbr_intermediate: ROLLBACK
[0m18:47:28.381198 [debug] [ThreadPool]: On list_shoesbr_intermediate: Close
[0m18:47:28.387741 [debug] [ThreadPool]: Re-using an available connection from the pool (formerly list_shoesbr_intermediate, now list_shoesbr_landing)
[0m18:47:28.397095 [debug] [ThreadPool]: Using postgres connection "list_shoesbr_landing"
[0m18:47:28.399471 [debug] [ThreadPool]: On list_shoesbr_landing: /* {"app": "dbt", "dbt_version": "1.12.0b3", "profile_name": "shoesbr", "target_name": "dev", "connection_name": "list_shoesbr_landing"} */
select
      'shoesbr' as database,
      tablename as name,
      schemaname as schema,
      'table' as type
    from pg_tables
    where schemaname ilike 'landing'
    union all
    select
      'shoesbr' as database,
      viewname as name,
      schemaname as schema,
      'view' as type
    from pg_views
    where schemaname ilike 'landing'
    union all
    select
      'shoesbr' as database,
      matviewname as name,
      schemaname as schema,
      'materialized_view' as type
    from pg_matviews
    where schemaname ilike 'landing'
  
[0m18:47:28.403585 [debug] [ThreadPool]: Opening a new connection, currently in state closed
[0m18:47:30.122981 [debug] [ThreadPool]: SQL status: SELECT 7 in 1.720 seconds
[0m18:47:30.131172 [debug] [ThreadPool]: On list_shoesbr_landing: ROLLBACK
[0m18:47:30.326865 [debug] [ThreadPool]: On list_shoesbr_landing: Close
[0m18:47:30.330835 [debug] [ThreadPool]: Re-using an available connection from the pool (formerly list_shoesbr_landing, now list_shoesbr_staging)
[0m18:47:30.356560 [debug] [ThreadPool]: Using postgres connection "list_shoesbr_staging"
[0m18:47:30.358556 [debug] [ThreadPool]: On list_shoesbr_staging: /* {"app": "dbt", "dbt_version": "1.12.0b3", "profile_name": "shoesbr", "target_name": "dev", "connection_name": "list_shoesbr_staging"} */
select
      'shoesbr' as database,
      tablename as name,
      schemaname as schema,
      'table' as type
    from pg_tables
    where schemaname ilike 'staging'
    union all
    select
      'shoesbr' as database,
      viewname as name,
      schemaname as schema,
      'view' as type
    from pg_views
    where schemaname ilike 'staging'
    union all
    select
      'shoesbr' as database,
      matviewname as name,
      schemaname as schema,
      'materialized_view' as type
    from pg_matviews
    where schemaname ilike 'staging'
  
[0m18:47:30.360369 [debug] [ThreadPool]: Opening a new connection, currently in state closed
[0m18:47:32.171626 [debug] [ThreadPool]: SQL status: SELECT 4 in 1.811 seconds
[0m18:47:32.179562 [debug] [ThreadPool]: On list_shoesbr_staging: ROLLBACK
[0m18:47:32.374551 [debug] [ThreadPool]: On list_shoesbr_staging: Close
[0m18:47:32.412713 [debug] [MainThread]: Using postgres connection "master"
[0m18:47:32.415878 [debug] [MainThread]: On master: /* {"app": "dbt", "dbt_version": "1.12.0b3", "profile_name": "shoesbr", "target_name": "dev", "connection_name": "master"} */
select distinct
        dependent_namespace.nspname as dependent_schema,
        dependent_class.relname as dependent_name,
        referenced_namespace.nspname as referenced_schema,
        referenced_class.relname as referenced_name

    -- Query for views: views are entries in pg_class with an entry in pg_rewrite, but we avoid
    -- a seq scan on pg_rewrite by leveraging the fact there is an "internal" row in pg_depend for
    -- the view...
    from pg_class as dependent_class
    join pg_namespace as dependent_namespace on dependent_namespace.oid = dependent_class.relnamespace
    join pg_depend as dependent_depend on dependent_depend.refobjid = dependent_class.oid
        and dependent_depend.classid = 'pg_rewrite'::regclass
        and dependent_depend.refclassid = 'pg_class'::regclass
        and dependent_depend.deptype = 'i'

    -- ... and via pg_depend (that has a row per column, hence the need for "distinct" above, and
    -- making sure to exclude the internal row to avoid a view appearing to depend on itself)...
    join pg_depend as joining_depend on joining_depend.objid = dependent_depend.objid
        and joining_depend.classid = 'pg_rewrite'::regclass
        and joining_depend.refclassid = 'pg_class'::regclass
        and joining_depend.refobjid != dependent_depend.refobjid

    -- ... we can find the tables they query from in pg_class, but excluding system tables. Note we
    -- don't need need to exclude _dependent_ system tables, because they only query from other
    -- system tables, and so are automatically excluded by excluding _referenced_ system tables
    join pg_class as referenced_class on referenced_class.oid = joining_depend.refobjid
    join pg_namespace as referenced_namespace on referenced_namespace.oid = referenced_class.relnamespace
        and referenced_namespace.nspname != 'information_schema'
        and referenced_namespace.nspname not like 'pg\_%'

    order by
        dependent_schema, dependent_name, referenced_schema, referenced_name;
[0m18:47:32.419215 [debug] [MainThread]: Opening a new connection, currently in state init
[0m18:47:34.116418 [debug] [MainThread]: SQL status: SELECT 10 in 1.697 seconds
[0m18:47:34.136189 [debug] [MainThread]: Sending event: {'category': 'dbt', 'action': 'runnable_timing', 'label': '0a89753b-547d-4a61-bf29-4b563f2a8e1d', 'context': [<snowplow_tracker.self_describing_json.SelfDescribingJson object at 0x000001D1D9370A10>]}
[0m18:47:34.138375 [debug] [MainThread]: On master: ROLLBACK
[0m18:47:34.320286 [debug] [MainThread]: On master: COMMIT
[0m18:47:34.322195 [debug] [MainThread]: Using postgres connection "master"
[0m18:47:34.323966 [debug] [MainThread]: On master: COMMIT
[0m18:47:34.729825 [debug] [MainThread]: SQL status: COMMIT in 0.404 seconds
[0m18:47:34.731613 [debug] [MainThread]: On master: Close
[0m18:47:34.756121 [debug] [Thread-1 (]: Began running node model.shoesbr.stg_clientes
[0m18:47:34.758910 [info ] [Thread-1 (]: 1 of 8 START sql view model staging.stg_clientes ............................... [RUN]
[0m18:47:34.762545 [debug] [Thread-1 (]: Acquiring new postgres connection 'model.shoesbr.stg_clientes'
[0m18:47:34.764545 [debug] [Thread-1 (]: Began compiling node model.shoesbr.stg_clientes
[0m18:47:34.829720 [debug] [Thread-1 (]: Writing injected SQL for node "model.shoesbr.stg_clientes"
[0m18:47:34.841467 [debug] [Thread-1 (]: Began executing node model.shoesbr.stg_clientes
[0m18:47:35.082999 [debug] [Thread-1 (]: Writing runtime sql for node "model.shoesbr.stg_clientes"
[0m18:47:35.086863 [debug] [Thread-1 (]: Using postgres connection "model.shoesbr.stg_clientes"
[0m18:47:35.088343 [debug] [Thread-1 (]: On model.shoesbr.stg_clientes: /* {"app": "dbt", "dbt_version": "1.12.0b3", "profile_name": "shoesbr", "target_name": "dev", "node_id": "model.shoesbr.stg_clientes"} */

  create view "shoesbr"."staging"."stg_clientes__dbt_tmp"
    
    
  as (
    WITH source AS (
    SELECT *
    FROM "shoesbr"."landing"."clientes"
),

renamed AS (
    SELECT 
        CAST(customer_id AS INT) AS customer_id,
        name AS customer_name,
        address AS customer_address,
        phone AS customer_phone,
        email AS customer_email
    FROM source
)

SELECT * FROM renamed
  );
[0m18:47:35.090220 [debug] [Thread-1 (]: Opening a new connection, currently in state init
[0m18:47:37.011239 [debug] [Thread-1 (]: SQL status: CREATE VIEW in 1.921 seconds
[0m18:47:37.046437 [debug] [Thread-1 (]: Using postgres connection "model.shoesbr.stg_clientes"
[0m18:47:37.050184 [debug] [Thread-1 (]: On model.shoesbr.stg_clientes: /* {"app": "dbt", "dbt_version": "1.12.0b3", "profile_name": "shoesbr", "target_name": "dev", "node_id": "model.shoesbr.stg_clientes"} */
alter table "shoesbr"."staging"."stg_clientes" rename to "stg_clientes__dbt_backup"
[0m18:47:37.290409 [debug] [Thread-1 (]: SQL status: ALTER TABLE in 0.237 seconds
[0m18:47:37.300585 [debug] [Thread-1 (]: Using postgres connection "model.shoesbr.stg_clientes"
[0m18:47:37.302511 [debug] [Thread-1 (]: On model.shoesbr.stg_clientes: /* {"app": "dbt", "dbt_version": "1.12.0b3", "profile_name": "shoesbr", "target_name": "dev", "node_id": "model.shoesbr.stg_clientes"} */
alter table "shoesbr"."staging"."stg_clientes__dbt_tmp" rename to "stg_clientes"
[0m18:47:37.496739 [debug] [Thread-1 (]: SQL status: ALTER TABLE in 0.192 seconds
[0m18:47:37.562978 [debug] [Thread-1 (]: On model.shoesbr.stg_clientes: COMMIT
[0m18:47:37.565136 [debug] [Thread-1 (]: Using postgres connection "model.shoesbr.stg_clientes"
[0m18:47:37.567040 [debug] [Thread-1 (]: On model.shoesbr.stg_clientes: COMMIT
[0m18:47:37.802159 [debug] [Thread-1 (]: SQL status: COMMIT in 0.233 seconds
[0m18:47:37.831248 [debug] [Thread-1 (]: Applying DROP to: "shoesbr"."staging"."stg_clientes__dbt_backup"
[0m18:47:37.851866 [debug] [Thread-1 (]: Using postgres connection "model.shoesbr.stg_clientes"
[0m18:47:37.853081 [debug] [Thread-1 (]: On model.shoesbr.stg_clientes: /* {"app": "dbt", "dbt_version": "1.12.0b3", "profile_name": "shoesbr", "target_name": "dev", "node_id": "model.shoesbr.stg_clientes"} */
drop view if exists "shoesbr"."staging"."stg_clientes__dbt_backup" cascade
[0m18:47:38.109811 [debug] [Thread-1 (]: SQL status: DROP VIEW in 0.255 seconds
[0m18:47:38.122075 [debug] [Thread-1 (]: On model.shoesbr.stg_clientes: Close
[0m18:47:38.139691 [debug] [Thread-1 (]: Sending event: {'category': 'dbt', 'action': 'run_model', 'label': '0a89753b-547d-4a61-bf29-4b563f2a8e1d', 'context': [<snowplow_tracker.self_describing_json.SelfDescribingJson object at 0x000001D1D8A9B650>]}
[0m18:47:38.143260 [info ] [Thread-1 (]: 1 of 8 OK created sql view model staging.stg_clientes .......................... [[32mCREATE VIEW[0m in 3.36s]
[0m18:47:38.147443 [debug] [Thread-1 (]: Finished running node model.shoesbr.stg_clientes
[0m18:47:38.149889 [debug] [Thread-1 (]: Began running node model.shoesbr.stg_estorno
[0m18:47:38.152829 [info ] [Thread-1 (]: 2 of 8 START sql view model staging.stg_estorno ................................ [RUN]
[0m18:47:38.156348 [debug] [Thread-1 (]: Re-using an available connection from the pool (formerly model.shoesbr.stg_clientes, now model.shoesbr.stg_estorno)
[0m18:47:38.159991 [debug] [Thread-1 (]: Began compiling node model.shoesbr.stg_estorno
[0m18:47:38.180048 [debug] [Thread-1 (]: Writing injected SQL for node "model.shoesbr.stg_estorno"
[0m18:47:38.188370 [debug] [Thread-1 (]: Began executing node model.shoesbr.stg_estorno
[0m18:47:38.258489 [debug] [Thread-1 (]: Writing runtime sql for node "model.shoesbr.stg_estorno"
[0m18:47:38.268085 [debug] [Thread-1 (]: Using postgres connection "model.shoesbr.stg_estorno"
[0m18:47:38.271338 [debug] [Thread-1 (]: On model.shoesbr.stg_estorno: /* {"app": "dbt", "dbt_version": "1.12.0b3", "profile_name": "shoesbr", "target_name": "dev", "node_id": "model.shoesbr.stg_estorno"} */

  create view "shoesbr"."staging"."stg_estorno__dbt_tmp"
    
    
  as (
    WITH source AS (
    SELECT *
    FROM "shoesbr"."landing"."estorno"
),

renamed AS (
    SELECT 
        CAST(purchase_id AS INT) AS purchase_id,
        CAST(customer_id AS INT) AS customer_id,
        CAST(product_id AS INT) AS product_id,
        CAST(refund_date AS DATE) AS refund_date,
        refund_reason,
        CAST(refund_amount AS DECIMAL(10,2)) AS refund_amount
    FROM source
)

SELECT * FROM renamed
  );
[0m18:47:38.274656 [debug] [Thread-1 (]: Opening a new connection, currently in state closed
[0m18:47:40.007092 [debug] [Thread-1 (]: SQL status: CREATE VIEW in 1.733 seconds
[0m18:47:40.022014 [debug] [Thread-1 (]: Using postgres connection "model.shoesbr.stg_estorno"
[0m18:47:40.023990 [debug] [Thread-1 (]: On model.shoesbr.stg_estorno: /* {"app": "dbt", "dbt_version": "1.12.0b3", "profile_name": "shoesbr", "target_name": "dev", "node_id": "model.shoesbr.stg_estorno"} */
alter table "shoesbr"."staging"."stg_estorno" rename to "stg_estorno__dbt_backup"
[0m18:47:40.192893 [debug] [Thread-1 (]: SQL status: ALTER TABLE in 0.167 seconds
[0m18:47:40.218307 [debug] [Thread-1 (]: Using postgres connection "model.shoesbr.stg_estorno"
[0m18:47:40.222063 [debug] [Thread-1 (]: On model.shoesbr.stg_estorno: /* {"app": "dbt", "dbt_version": "1.12.0b3", "profile_name": "shoesbr", "target_name": "dev", "node_id": "model.shoesbr.stg_estorno"} */
alter table "shoesbr"."staging"."stg_estorno__dbt_tmp" rename to "stg_estorno"
[0m18:47:40.465358 [debug] [Thread-1 (]: SQL status: ALTER TABLE in 0.240 seconds
[0m18:47:40.468997 [debug] [Thread-1 (]: On model.shoesbr.stg_estorno: COMMIT
[0m18:47:40.470203 [debug] [Thread-1 (]: Using postgres connection "model.shoesbr.stg_estorno"
[0m18:47:40.471327 [debug] [Thread-1 (]: On model.shoesbr.stg_estorno: COMMIT
[0m18:47:40.671174 [debug] [Thread-1 (]: SQL status: COMMIT in 0.199 seconds
[0m18:47:40.680204 [debug] [Thread-1 (]: Applying DROP to: "shoesbr"."staging"."stg_estorno__dbt_backup"
[0m18:47:40.682005 [debug] [Thread-1 (]: Using postgres connection "model.shoesbr.stg_estorno"
[0m18:47:40.682937 [debug] [Thread-1 (]: On model.shoesbr.stg_estorno: /* {"app": "dbt", "dbt_version": "1.12.0b3", "profile_name": "shoesbr", "target_name": "dev", "node_id": "model.shoesbr.stg_estorno"} */
drop view if exists "shoesbr"."staging"."stg_estorno__dbt_backup" cascade
[0m18:47:40.874520 [debug] [Thread-1 (]: SQL status: DROP VIEW in 0.190 seconds
[0m18:47:40.881090 [debug] [Thread-1 (]: On model.shoesbr.stg_estorno: Close
[0m18:47:40.884599 [debug] [Thread-1 (]: Sending event: {'category': 'dbt', 'action': 'run_model', 'label': '0a89753b-547d-4a61-bf29-4b563f2a8e1d', 'context': [<snowplow_tracker.self_describing_json.SelfDescribingJson object at 0x000001D1D8AA7120>]}
[0m18:47:40.887950 [info ] [Thread-1 (]: 2 of 8 OK created sql view model staging.stg_estorno ........................... [[32mCREATE VIEW[0m in 2.73s]
[0m18:47:40.891777 [debug] [Thread-1 (]: Finished running node model.shoesbr.stg_estorno
[0m18:47:40.893873 [debug] [Thread-1 (]: Began running node model.shoesbr.stg_produtos
[0m18:47:40.896677 [info ] [Thread-1 (]: 3 of 8 START sql view model staging.stg_produtos ............................... [RUN]
[0m18:47:40.900315 [debug] [Thread-1 (]: Re-using an available connection from the pool (formerly model.shoesbr.stg_estorno, now model.shoesbr.stg_produtos)
[0m18:47:40.904025 [debug] [Thread-1 (]: Began compiling node model.shoesbr.stg_produtos
[0m18:47:40.925906 [debug] [Thread-1 (]: Writing injected SQL for node "model.shoesbr.stg_produtos"
[0m18:47:40.933881 [debug] [Thread-1 (]: Began executing node model.shoesbr.stg_produtos
[0m18:47:40.967236 [debug] [Thread-1 (]: Writing runtime sql for node "model.shoesbr.stg_produtos"
[0m18:47:40.983130 [debug] [Thread-1 (]: Using postgres connection "model.shoesbr.stg_produtos"
[0m18:47:40.994908 [debug] [Thread-1 (]: On model.shoesbr.stg_produtos: /* {"app": "dbt", "dbt_version": "1.12.0b3", "profile_name": "shoesbr", "target_name": "dev", "node_id": "model.shoesbr.stg_produtos"} */

  create view "shoesbr"."staging"."stg_produtos__dbt_tmp"
    
    
  as (
    WITH source AS (
    SELECT *
    FROM "shoesbr"."landing"."produtos"
),

renamed AS (
    SELECT
    cast(product_id as int) as product_id,
    name as name_product,
    price as price_product
    FROM source
)

SELECT * FROM renamed
  );
[0m18:47:41.003759 [debug] [Thread-1 (]: Opening a new connection, currently in state closed
[0m18:47:42.717619 [debug] [Thread-1 (]: SQL status: CREATE VIEW in 1.715 seconds
[0m18:47:42.731465 [debug] [Thread-1 (]: Using postgres connection "model.shoesbr.stg_produtos"
[0m18:47:42.733526 [debug] [Thread-1 (]: On model.shoesbr.stg_produtos: /* {"app": "dbt", "dbt_version": "1.12.0b3", "profile_name": "shoesbr", "target_name": "dev", "node_id": "model.shoesbr.stg_produtos"} */
alter table "shoesbr"."staging"."stg_produtos" rename to "stg_produtos__dbt_backup"
[0m18:47:42.923027 [debug] [Thread-1 (]: SQL status: ALTER TABLE in 0.187 seconds
[0m18:47:42.945711 [debug] [Thread-1 (]: Using postgres connection "model.shoesbr.stg_produtos"
[0m18:47:42.947788 [debug] [Thread-1 (]: On model.shoesbr.stg_produtos: /* {"app": "dbt", "dbt_version": "1.12.0b3", "profile_name": "shoesbr", "target_name": "dev", "node_id": "model.shoesbr.stg_produtos"} */
alter table "shoesbr"."staging"."stg_produtos__dbt_tmp" rename to "stg_produtos"
[0m18:47:43.135274 [debug] [Thread-1 (]: SQL status: ALTER TABLE in 0.185 seconds
[0m18:47:43.141550 [debug] [Thread-1 (]: On model.shoesbr.stg_produtos: COMMIT
[0m18:47:43.143577 [debug] [Thread-1 (]: Using postgres connection "model.shoesbr.stg_produtos"
[0m18:47:43.145517 [debug] [Thread-1 (]: On model.shoesbr.stg_produtos: COMMIT
[0m18:47:43.337156 [debug] [Thread-1 (]: SQL status: COMMIT in 0.190 seconds
[0m18:47:43.346914 [debug] [Thread-1 (]: Applying DROP to: "shoesbr"."staging"."stg_produtos__dbt_backup"
[0m18:47:43.349535 [debug] [Thread-1 (]: Using postgres connection "model.shoesbr.stg_produtos"
[0m18:47:43.351366 [debug] [Thread-1 (]: On model.shoesbr.stg_produtos: /* {"app": "dbt", "dbt_version": "1.12.0b3", "profile_name": "shoesbr", "target_name": "dev", "node_id": "model.shoesbr.stg_produtos"} */
drop view if exists "shoesbr"."staging"."stg_produtos__dbt_backup" cascade
[0m18:47:43.536529 [debug] [Thread-1 (]: SQL status: DROP VIEW in 0.183 seconds
[0m18:47:43.542954 [debug] [Thread-1 (]: On model.shoesbr.stg_produtos: Close
[0m18:47:43.546847 [debug] [Thread-1 (]: Sending event: {'category': 'dbt', 'action': 'run_model', 'label': '0a89753b-547d-4a61-bf29-4b563f2a8e1d', 'context': [<snowplow_tracker.self_describing_json.SelfDescribingJson object at 0x000001D1D93F7CF0>]}
[0m18:47:43.550643 [info ] [Thread-1 (]: 3 of 8 OK created sql view model staging.stg_produtos .......................... [[32mCREATE VIEW[0m in 2.65s]
[0m18:47:43.554566 [debug] [Thread-1 (]: Finished running node model.shoesbr.stg_produtos
[0m18:47:43.556729 [debug] [Thread-1 (]: Began running node model.shoesbr.stg_vendas
[0m18:47:43.559891 [info ] [Thread-1 (]: 4 of 8 START sql view model staging.stg_vendas ................................. [RUN]
[0m18:47:43.563486 [debug] [Thread-1 (]: Re-using an available connection from the pool (formerly model.shoesbr.stg_produtos, now model.shoesbr.stg_vendas)
[0m18:47:43.567407 [debug] [Thread-1 (]: Began compiling node model.shoesbr.stg_vendas
[0m18:47:43.582350 [debug] [Thread-1 (]: Writing injected SQL for node "model.shoesbr.stg_vendas"
[0m18:47:43.593371 [debug] [Thread-1 (]: Began executing node model.shoesbr.stg_vendas
[0m18:47:43.641243 [debug] [Thread-1 (]: Writing runtime sql for node "model.shoesbr.stg_vendas"
[0m18:47:43.654182 [debug] [Thread-1 (]: Using postgres connection "model.shoesbr.stg_vendas"
[0m18:47:43.657911 [debug] [Thread-1 (]: On model.shoesbr.stg_vendas: /* {"app": "dbt", "dbt_version": "1.12.0b3", "profile_name": "shoesbr", "target_name": "dev", "node_id": "model.shoesbr.stg_vendas"} */

  create view "shoesbr"."staging"."stg_vendas__dbt_tmp"
    
    
  as (
    WITH source AS (
    SELECT *
    FROM "shoesbr"."landing"."vendas"
),

renamed AS (
    SELECT 
        CAST(purchase_id AS INT) AS purchase_id,
        CAST(customer_id AS INT) AS customer_id,
        CAST(product_id AS INT) AS product_id,
        CAST(date AS DATE) AS purchase_date,
        CAST(quantity AS INT) AS quantity,
        CAST(total_price AS DECIMAL(10,2)) AS total_price,
        payment_method
    FROM source
)

SELECT * FROM renamed
  );
[0m18:47:43.661343 [debug] [Thread-1 (]: Opening a new connection, currently in state closed
[0m18:47:45.277772 [debug] [Thread-1 (]: SQL status: CREATE VIEW in 1.616 seconds
[0m18:47:45.299438 [debug] [Thread-1 (]: Using postgres connection "model.shoesbr.stg_vendas"
[0m18:47:45.305414 [debug] [Thread-1 (]: On model.shoesbr.stg_vendas: /* {"app": "dbt", "dbt_version": "1.12.0b3", "profile_name": "shoesbr", "target_name": "dev", "node_id": "model.shoesbr.stg_vendas"} */
alter table "shoesbr"."staging"."stg_vendas" rename to "stg_vendas__dbt_backup"
[0m18:47:45.453932 [debug] [Thread-1 (]: SQL status: ALTER TABLE in 0.145 seconds
[0m18:47:45.467277 [debug] [Thread-1 (]: Using postgres connection "model.shoesbr.stg_vendas"
[0m18:47:45.469441 [debug] [Thread-1 (]: On model.shoesbr.stg_vendas: /* {"app": "dbt", "dbt_version": "1.12.0b3", "profile_name": "shoesbr", "target_name": "dev", "node_id": "model.shoesbr.stg_vendas"} */
alter table "shoesbr"."staging"."stg_vendas__dbt_tmp" rename to "stg_vendas"
[0m18:47:45.620488 [debug] [Thread-1 (]: SQL status: ALTER TABLE in 0.149 seconds
[0m18:47:45.631654 [debug] [Thread-1 (]: On model.shoesbr.stg_vendas: COMMIT
[0m18:47:45.635176 [debug] [Thread-1 (]: Using postgres connection "model.shoesbr.stg_vendas"
[0m18:47:45.638548 [debug] [Thread-1 (]: On model.shoesbr.stg_vendas: COMMIT
[0m18:47:45.896925 [debug] [Thread-1 (]: SQL status: COMMIT in 0.255 seconds
[0m18:47:45.906811 [debug] [Thread-1 (]: Applying DROP to: "shoesbr"."staging"."stg_vendas__dbt_backup"
[0m18:47:45.909517 [debug] [Thread-1 (]: Using postgres connection "model.shoesbr.stg_vendas"
[0m18:47:45.911417 [debug] [Thread-1 (]: On model.shoesbr.stg_vendas: /* {"app": "dbt", "dbt_version": "1.12.0b3", "profile_name": "shoesbr", "target_name": "dev", "node_id": "model.shoesbr.stg_vendas"} */
drop view if exists "shoesbr"."staging"."stg_vendas__dbt_backup" cascade
[0m18:47:46.096261 [debug] [Thread-1 (]: SQL status: DROP VIEW in 0.183 seconds
[0m18:47:46.101755 [debug] [Thread-1 (]: On model.shoesbr.stg_vendas: Close
[0m18:47:46.104566 [debug] [Thread-1 (]: Sending event: {'category': 'dbt', 'action': 'run_model', 'label': '0a89753b-547d-4a61-bf29-4b563f2a8e1d', 'context': [<snowplow_tracker.self_describing_json.SelfDescribingJson object at 0x000001D1D9023750>]}
[0m18:47:46.107447 [info ] [Thread-1 (]: 4 of 8 OK created sql view model staging.stg_vendas ............................ [[32mCREATE VIEW[0m in 2.54s]
[0m18:47:46.110735 [debug] [Thread-1 (]: Finished running node model.shoesbr.stg_vendas
[0m18:47:46.113488 [debug] [Thread-1 (]: Began running node model.shoesbr.int_estorno
[0m18:47:46.115480 [info ] [Thread-1 (]: 5 of 8 START sql view model intermediate.int_estorno ........................... [RUN]
[0m18:47:46.117838 [debug] [Thread-1 (]: Re-using an available connection from the pool (formerly model.shoesbr.stg_vendas, now model.shoesbr.int_estorno)
[0m18:47:46.119849 [debug] [Thread-1 (]: Began compiling node model.shoesbr.int_estorno
[0m18:47:46.132340 [debug] [Thread-1 (]: Writing injected SQL for node "model.shoesbr.int_estorno"
[0m18:47:46.137436 [debug] [Thread-1 (]: Began executing node model.shoesbr.int_estorno
[0m18:47:46.155234 [debug] [Thread-1 (]: Writing runtime sql for node "model.shoesbr.int_estorno"
[0m18:47:46.159815 [debug] [Thread-1 (]: Using postgres connection "model.shoesbr.int_estorno"
[0m18:47:46.161772 [debug] [Thread-1 (]: On model.shoesbr.int_estorno: /* {"app": "dbt", "dbt_version": "1.12.0b3", "profile_name": "shoesbr", "target_name": "dev", "node_id": "model.shoesbr.int_estorno"} */

  create view "shoesbr"."intermediate"."int_estorno__dbt_tmp"
    
    
  as (
    WITH source AS (
    SELECT *
    FROM "shoesbr"."staging"."stg_estorno"
)

SELECT * FROM source
  );
[0m18:47:46.163592 [debug] [Thread-1 (]: Opening a new connection, currently in state closed
[0m18:47:48.145046 [debug] [Thread-1 (]: SQL status: CREATE VIEW in 1.981 seconds
[0m18:47:48.158198 [debug] [Thread-1 (]: Using postgres connection "model.shoesbr.int_estorno"
[0m18:47:48.159990 [debug] [Thread-1 (]: On model.shoesbr.int_estorno: /* {"app": "dbt", "dbt_version": "1.12.0b3", "profile_name": "shoesbr", "target_name": "dev", "node_id": "model.shoesbr.int_estorno"} */
alter table "shoesbr"."intermediate"."int_estorno__dbt_tmp" rename to "int_estorno"
[0m18:47:48.349003 [debug] [Thread-1 (]: SQL status: ALTER TABLE in 0.187 seconds
[0m18:47:48.352803 [debug] [Thread-1 (]: On model.shoesbr.int_estorno: COMMIT
[0m18:47:48.354189 [debug] [Thread-1 (]: Using postgres connection "model.shoesbr.int_estorno"
[0m18:47:48.355641 [debug] [Thread-1 (]: On model.shoesbr.int_estorno: COMMIT
[0m18:47:48.540347 [debug] [Thread-1 (]: SQL status: COMMIT in 0.183 seconds
[0m18:47:48.547150 [debug] [Thread-1 (]: Applying DROP to: "shoesbr"."intermediate"."int_estorno__dbt_backup"
[0m18:47:48.549287 [debug] [Thread-1 (]: Using postgres connection "model.shoesbr.int_estorno"
[0m18:47:48.550896 [debug] [Thread-1 (]: On model.shoesbr.int_estorno: /* {"app": "dbt", "dbt_version": "1.12.0b3", "profile_name": "shoesbr", "target_name": "dev", "node_id": "model.shoesbr.int_estorno"} */
drop view if exists "shoesbr"."intermediate"."int_estorno__dbt_backup" cascade
[0m18:47:48.758998 [debug] [Thread-1 (]: SQL status: DROP VIEW in 0.206 seconds
[0m18:47:48.764547 [debug] [Thread-1 (]: On model.shoesbr.int_estorno: Close
[0m18:47:48.767419 [debug] [Thread-1 (]: Sending event: {'category': 'dbt', 'action': 'run_model', 'label': '0a89753b-547d-4a61-bf29-4b563f2a8e1d', 'context': [<snowplow_tracker.self_describing_json.SelfDescribingJson object at 0x000001D1D8F79080>]}
[0m18:47:48.770114 [info ] [Thread-1 (]: 5 of 8 OK created sql view model intermediate.int_estorno ...................... [[32mCREATE VIEW[0m in 2.65s]
[0m18:47:48.772798 [debug] [Thread-1 (]: Finished running node model.shoesbr.int_estorno
[0m18:47:48.774778 [debug] [Thread-1 (]: Began running node model.shoesbr.int_clientes
[0m18:47:48.777055 [info ] [Thread-1 (]: 6 of 8 START sql view model intermediate.int_clientes .......................... [RUN]
[0m18:47:48.779431 [debug] [Thread-1 (]: Re-using an available connection from the pool (formerly model.shoesbr.int_estorno, now model.shoesbr.int_clientes)
[0m18:47:48.781457 [debug] [Thread-1 (]: Began compiling node model.shoesbr.int_clientes
[0m18:47:48.790673 [debug] [Thread-1 (]: Writing injected SQL for node "model.shoesbr.int_clientes"
[0m18:47:48.794379 [debug] [Thread-1 (]: Began executing node model.shoesbr.int_clientes
[0m18:47:48.829542 [debug] [Thread-1 (]: Writing runtime sql for node "model.shoesbr.int_clientes"
[0m18:47:48.841324 [debug] [Thread-1 (]: Using postgres connection "model.shoesbr.int_clientes"
[0m18:47:48.843320 [debug] [Thread-1 (]: On model.shoesbr.int_clientes: /* {"app": "dbt", "dbt_version": "1.12.0b3", "profile_name": "shoesbr", "target_name": "dev", "node_id": "model.shoesbr.int_clientes"} */

  create view "shoesbr"."intermediate"."int_clientes__dbt_tmp"
    
    
  as (
    WITH clientes AS (
    SELECT * FROM "shoesbr"."staging"."stg_clientes"
),

vendas AS (
    SELECT customer_id, SUM(total_price) AS total_gasto, COUNT(*) AS total_compras
    FROM "shoesbr"."staging"."stg_vendas"
    GROUP BY customer_id
)

SELECT 
    c.customer_id,
    c.customer_name,
    c.customer_address,
    c.customer_phone,
    c.customer_email,
    COALESCE(v.total_gasto, 0) AS total_gasto,
    COALESCE(v.total_compras, 0) AS total_compras
FROM clientes c
LEFT JOIN vendas v ON c.customer_id = v.customer_id
ORDER BY total_compras DESC
  );
[0m18:47:48.845424 [debug] [Thread-1 (]: Opening a new connection, currently in state closed
[0m18:47:50.602149 [debug] [Thread-1 (]: SQL status: CREATE VIEW in 1.757 seconds
[0m18:47:50.613517 [debug] [Thread-1 (]: Using postgres connection "model.shoesbr.int_clientes"
[0m18:47:50.615444 [debug] [Thread-1 (]: On model.shoesbr.int_clientes: /* {"app": "dbt", "dbt_version": "1.12.0b3", "profile_name": "shoesbr", "target_name": "dev", "node_id": "model.shoesbr.int_clientes"} */
alter table "shoesbr"."intermediate"."int_clientes__dbt_tmp" rename to "int_clientes"
[0m18:47:50.817805 [debug] [Thread-1 (]: SQL status: ALTER TABLE in 0.200 seconds
[0m18:47:50.827763 [debug] [Thread-1 (]: On model.shoesbr.int_clientes: COMMIT
[0m18:47:50.830719 [debug] [Thread-1 (]: Using postgres connection "model.shoesbr.int_clientes"
[0m18:47:50.833494 [debug] [Thread-1 (]: On model.shoesbr.int_clientes: COMMIT
[0m18:47:50.994169 [debug] [Thread-1 (]: SQL status: COMMIT in 0.158 seconds
[0m18:47:51.000705 [debug] [Thread-1 (]: Applying DROP to: "shoesbr"."intermediate"."int_clientes__dbt_backup"
[0m18:47:51.002353 [debug] [Thread-1 (]: Using postgres connection "model.shoesbr.int_clientes"
[0m18:47:51.003506 [debug] [Thread-1 (]: On model.shoesbr.int_clientes: /* {"app": "dbt", "dbt_version": "1.12.0b3", "profile_name": "shoesbr", "target_name": "dev", "node_id": "model.shoesbr.int_clientes"} */
drop view if exists "shoesbr"."intermediate"."int_clientes__dbt_backup" cascade
[0m18:47:51.156451 [debug] [Thread-1 (]: SQL status: DROP VIEW in 0.151 seconds
[0m18:47:51.167551 [debug] [Thread-1 (]: On model.shoesbr.int_clientes: Close
[0m18:47:51.172560 [debug] [Thread-1 (]: Sending event: {'category': 'dbt', 'action': 'run_model', 'label': '0a89753b-547d-4a61-bf29-4b563f2a8e1d', 'context': [<snowplow_tracker.self_describing_json.SelfDescribingJson object at 0x000001D1D8F92DB0>]}
[0m18:47:51.177472 [info ] [Thread-1 (]: 6 of 8 OK created sql view model intermediate.int_clientes ..................... [[32mCREATE VIEW[0m in 2.39s]
[0m18:47:51.183132 [debug] [Thread-1 (]: Finished running node model.shoesbr.int_clientes
[0m18:47:51.186753 [debug] [Thread-1 (]: Began running node model.shoesbr.int_produtos
[0m18:47:51.191374 [info ] [Thread-1 (]: 7 of 8 START sql view model intermediate.int_produtos .......................... [RUN]
[0m18:47:51.195127 [debug] [Thread-1 (]: Re-using an available connection from the pool (formerly model.shoesbr.int_clientes, now model.shoesbr.int_produtos)
[0m18:47:51.197477 [debug] [Thread-1 (]: Began compiling node model.shoesbr.int_produtos
[0m18:47:51.214894 [debug] [Thread-1 (]: Writing injected SQL for node "model.shoesbr.int_produtos"
[0m18:47:51.226492 [debug] [Thread-1 (]: Began executing node model.shoesbr.int_produtos
[0m18:47:51.255360 [debug] [Thread-1 (]: Writing runtime sql for node "model.shoesbr.int_produtos"
[0m18:47:51.276024 [debug] [Thread-1 (]: Using postgres connection "model.shoesbr.int_produtos"
[0m18:47:51.281004 [debug] [Thread-1 (]: On model.shoesbr.int_produtos: /* {"app": "dbt", "dbt_version": "1.12.0b3", "profile_name": "shoesbr", "target_name": "dev", "node_id": "model.shoesbr.int_produtos"} */

  create view "shoesbr"."intermediate"."int_produtos__dbt_tmp"
    
    
  as (
    WITH produtos AS (
    SELECT * FROM "shoesbr"."staging"."stg_produtos"
),

vendas AS (
    SELECT product_id, 
    SUM(quantity) AS total_vendido, 
    SUM(total_price) AS total_faturado
    FROM "shoesbr"."staging"."stg_vendas"
    GROUP BY product_id
)

SELECT 
    p.product_id,
    p.name_product,
    p.price_product,
    COALESCE(v.total_vendido, 0) AS total_vendido,
    COALESCE(v.total_faturado, 0) AS total_faturado
FROM produtos p
LEFT JOIN vendas v ON p.product_id = v.product_id
ORDER BY total_faturado DESC
  );
[0m18:47:51.284575 [debug] [Thread-1 (]: Opening a new connection, currently in state closed
[0m18:47:52.798152 [debug] [Thread-1 (]: SQL status: CREATE VIEW in 1.514 seconds
[0m18:47:52.808143 [debug] [Thread-1 (]: Using postgres connection "model.shoesbr.int_produtos"
[0m18:47:52.809744 [debug] [Thread-1 (]: On model.shoesbr.int_produtos: /* {"app": "dbt", "dbt_version": "1.12.0b3", "profile_name": "shoesbr", "target_name": "dev", "node_id": "model.shoesbr.int_produtos"} */
alter table "shoesbr"."intermediate"."int_produtos__dbt_tmp" rename to "int_produtos"
[0m18:47:53.061976 [debug] [Thread-1 (]: SQL status: ALTER TABLE in 0.251 seconds
[0m18:47:53.068186 [debug] [Thread-1 (]: On model.shoesbr.int_produtos: COMMIT
[0m18:47:53.069993 [debug] [Thread-1 (]: Using postgres connection "model.shoesbr.int_produtos"
[0m18:47:53.071598 [debug] [Thread-1 (]: On model.shoesbr.int_produtos: COMMIT
[0m18:47:53.230382 [debug] [Thread-1 (]: SQL status: COMMIT in 0.157 seconds
[0m18:47:53.238386 [debug] [Thread-1 (]: Applying DROP to: "shoesbr"."intermediate"."int_produtos__dbt_backup"
[0m18:47:53.240673 [debug] [Thread-1 (]: Using postgres connection "model.shoesbr.int_produtos"
[0m18:47:53.242209 [debug] [Thread-1 (]: On model.shoesbr.int_produtos: /* {"app": "dbt", "dbt_version": "1.12.0b3", "profile_name": "shoesbr", "target_name": "dev", "node_id": "model.shoesbr.int_produtos"} */
drop view if exists "shoesbr"."intermediate"."int_produtos__dbt_backup" cascade
[0m18:47:53.386429 [debug] [Thread-1 (]: SQL status: DROP VIEW in 0.143 seconds
[0m18:47:53.391316 [debug] [Thread-1 (]: On model.shoesbr.int_produtos: Close
[0m18:47:53.393886 [debug] [Thread-1 (]: Sending event: {'category': 'dbt', 'action': 'run_model', 'label': '0a89753b-547d-4a61-bf29-4b563f2a8e1d', 'context': [<snowplow_tracker.self_describing_json.SelfDescribingJson object at 0x000001D1D8F923F0>]}
[0m18:47:53.396156 [info ] [Thread-1 (]: 7 of 8 OK created sql view model intermediate.int_produtos ..................... [[32mCREATE VIEW[0m in 2.20s]
[0m18:47:53.409548 [debug] [Thread-1 (]: Finished running node model.shoesbr.int_produtos
[0m18:47:53.411411 [debug] [Thread-1 (]: Began running node model.shoesbr.int_vendas
[0m18:47:53.413372 [info ] [Thread-1 (]: 8 of 8 START sql view model intermediate.int_vendas ............................ [RUN]
[0m18:47:53.465807 [debug] [Thread-1 (]: Re-using an available connection from the pool (formerly model.shoesbr.int_produtos, now model.shoesbr.int_vendas)
[0m18:47:53.467630 [debug] [Thread-1 (]: Began compiling node model.shoesbr.int_vendas
[0m18:47:53.483666 [debug] [Thread-1 (]: Writing injected SQL for node "model.shoesbr.int_vendas"
[0m18:47:53.486895 [debug] [Thread-1 (]: Began executing node model.shoesbr.int_vendas
[0m18:47:53.502061 [debug] [Thread-1 (]: Writing runtime sql for node "model.shoesbr.int_vendas"
[0m18:47:53.538036 [debug] [Thread-1 (]: Using postgres connection "model.shoesbr.int_vendas"
[0m18:47:53.557842 [debug] [Thread-1 (]: On model.shoesbr.int_vendas: /* {"app": "dbt", "dbt_version": "1.12.0b3", "profile_name": "shoesbr", "target_name": "dev", "node_id": "model.shoesbr.int_vendas"} */

  create view "shoesbr"."intermediate"."int_vendas__dbt_tmp"
    
    
  as (
    WITH vendas AS (
    SELECT * FROM "shoesbr"."staging"."stg_vendas"
),

estornos AS (
    SELECT purchase_id, refund_amount, refund_reason
    FROM "shoesbr"."staging"."stg_estorno"
)

SELECT 
    v.purchase_id,
    v.customer_id,
    v.product_id,
    v.purchase_date,
    v.quantity,
    v.total_price,
    v.payment_method,
    COALESCE(e.refund_amount, 0) AS valor_estornado,
    e.refund_reason
FROM vendas v
LEFT JOIN estornos e ON v.purchase_id = e.purchase_id
  );
[0m18:47:53.562008 [debug] [Thread-1 (]: Opening a new connection, currently in state closed
[0m18:47:55.326414 [debug] [Thread-1 (]: SQL status: CREATE VIEW in 1.764 seconds
[0m18:47:55.336902 [debug] [Thread-1 (]: Using postgres connection "model.shoesbr.int_vendas"
[0m18:47:55.338489 [debug] [Thread-1 (]: On model.shoesbr.int_vendas: /* {"app": "dbt", "dbt_version": "1.12.0b3", "profile_name": "shoesbr", "target_name": "dev", "node_id": "model.shoesbr.int_vendas"} */
alter table "shoesbr"."intermediate"."int_vendas__dbt_tmp" rename to "int_vendas"
[0m18:47:55.528742 [debug] [Thread-1 (]: SQL status: ALTER TABLE in 0.189 seconds
[0m18:47:55.533528 [debug] [Thread-1 (]: On model.shoesbr.int_vendas: COMMIT
[0m18:47:55.534927 [debug] [Thread-1 (]: Using postgres connection "model.shoesbr.int_vendas"
[0m18:47:55.536204 [debug] [Thread-1 (]: On model.shoesbr.int_vendas: COMMIT
[0m18:47:55.729486 [debug] [Thread-1 (]: SQL status: COMMIT in 0.192 seconds
[0m18:47:55.735758 [debug] [Thread-1 (]: Applying DROP to: "shoesbr"."intermediate"."int_vendas__dbt_backup"
[0m18:47:55.737632 [debug] [Thread-1 (]: Using postgres connection "model.shoesbr.int_vendas"
[0m18:47:55.738946 [debug] [Thread-1 (]: On model.shoesbr.int_vendas: /* {"app": "dbt", "dbt_version": "1.12.0b3", "profile_name": "shoesbr", "target_name": "dev", "node_id": "model.shoesbr.int_vendas"} */
drop view if exists "shoesbr"."intermediate"."int_vendas__dbt_backup" cascade
[0m18:47:55.916511 [debug] [Thread-1 (]: SQL status: DROP VIEW in 0.176 seconds
[0m18:47:55.921382 [debug] [Thread-1 (]: On model.shoesbr.int_vendas: Close
[0m18:47:55.923772 [debug] [Thread-1 (]: Sending event: {'category': 'dbt', 'action': 'run_model', 'label': '0a89753b-547d-4a61-bf29-4b563f2a8e1d', 'context': [<snowplow_tracker.self_describing_json.SelfDescribingJson object at 0x000001D1D8F92810>]}
[0m18:47:55.925958 [info ] [Thread-1 (]: 8 of 8 OK created sql view model intermediate.int_vendas ....................... [[32mCREATE VIEW[0m in 2.46s]
[0m18:47:56.006537 [debug] [Thread-1 (]: Finished running node model.shoesbr.int_vendas
[0m18:47:56.010446 [debug] [MainThread]: On master: COMMIT
[0m18:47:56.011751 [debug] [MainThread]: Using postgres connection "master"
[0m18:47:56.012916 [debug] [MainThread]: On master: COMMIT
[0m18:47:56.014055 [debug] [MainThread]: Opening a new connection, currently in state closed
[0m18:47:57.617945 [debug] [MainThread]: SQL status: COMMIT in 1.604 seconds
[0m18:47:57.619196 [debug] [MainThread]: On master: Close
[0m18:47:57.621221 [debug] [MainThread]: Connection 'master' was properly closed.
[0m18:47:57.622453 [debug] [MainThread]: Connection 'create_shoesbr_intermediate' was properly closed.
[0m18:47:57.623583 [debug] [MainThread]: Connection 'list_shoesbr_staging' was properly closed.
[0m18:47:57.624742 [debug] [MainThread]: Connection 'model.shoesbr.int_vendas' was properly closed.
[0m18:47:57.626607 [info ] [MainThread]: 
[0m18:47:57.692348 [info ] [MainThread]: Finished running 8 view models in 0 hours 0 minutes and 37.08 seconds (37.08s).
[0m18:47:57.857276 [debug] [MainThread]: Command end result
[0m18:47:58.078357 [debug] [MainThread]: Wrote artifact WritableManifest to C:\Users\User\OneDrive\Documentos\workspace\projeto-shoesbr\shoesbr\target\manifest.json
[0m18:47:58.092304 [debug] [MainThread]: Wrote artifact SemanticManifest to C:\Users\User\OneDrive\Documentos\workspace\projeto-shoesbr\shoesbr\target\semantic_manifest.json
[0m18:47:58.103856 [debug] [MainThread]: Wrote artifact OsiDocument to C:\Users\User\OneDrive\Documentos\workspace\projeto-shoesbr\shoesbr\target\osi_document.json
[0m18:47:58.170184 [debug] [MainThread]: Wrote artifact RunExecutionResult to C:\Users\User\OneDrive\Documentos\workspace\projeto-shoesbr\shoesbr\target\run_results.json
[0m18:47:58.171402 [info ] [MainThread]: 
[0m18:47:58.191368 [info ] [MainThread]: [32mCompleted successfully[0m
[0m18:47:58.323297 [info ] [MainThread]: 
[0m18:47:58.442868 [info ] [MainThread]: Done. PASS=8 WARN=0 ERROR=0 SKIP=0 NO-OP=0 REUSED=0 TOTAL=8
[0m18:47:58.532938 [debug] [MainThread]: Command `dbt run` succeeded at 18:47:58.532484 after 43.25 seconds
[0m18:47:58.534597 [debug] [MainThread]: Sending event: {'category': 'dbt', 'action': 'invocation', 'label': 'end', 'context': [<snowplow_tracker.self_describing_json.SelfDescribingJson object at 0x000001D1D6638890>, <snowplow_tracker.self_describing_json.SelfDescribingJson object at 0x000001D1D943A630>, <snowplow_tracker.self_describing_json.SelfDescribingJson object at 0x000001D1D943A0F0>]}
[0m18:47:58.536045 [debug] [MainThread]: Flushing usage events
[0m18:48:01.771166 [debug] [MainThread]: An error was encountered while trying to flush usage events
[0m19:12:45.064196 [debug] [MainThread]: Sending event: {'category': 'dbt', 'action': 'invocation', 'label': 'start', 'context': [<snowplow_tracker.self_describing_json.SelfDescribingJson object at 0x00000214920A1A90>, <snowplow_tracker.self_describing_json.SelfDescribingJson object at 0x0000021494677ED0>, <snowplow_tracker.self_describing_json.SelfDescribingJson object at 0x0000021494677750>]}


============================== 19:12:45.080445 | e5fe23b3-0a79-45aa-84dc-105d0ec17754 ==============================
[0m19:12:45.080445 [info ] [MainThread]: Running with dbt=1.12.0-b3
[0m19:12:45.083007 [debug] [MainThread]: running dbt with arguments {'version_check': 'True', 'no_print': 'None', 'static_parser': 'True', 'warn_error_options': 'WarnErrorOptionsV2(error=[], warn=[], silence=[])', 'maximum_seed_size_mib': '1', 'target_path': 'None', 'printer_width': '80', 'write_json': 'True', 'introspect': 'True', 'log_cache_events': 'False', 'empty': 'False', 'cache_selected_only': 'False', 'fail_fast': 'False', 'debug': 'False', 'log_format': 'default', 'profiles_dir': 'C:\\Users\\User\\.dbt', 'send_anonymous_usage_stats': 'True', 'quiet': 'False', 'warn_error': 'None', 'partial_parse': 'True', 'use_colors': 'True', 'invocation_command': 'dbt run', 'indirect_selection': 'eager', 'use_experimental_parser': 'False', 'log_path': 'C:\\Users\\User\\OneDrive\\Documentos\\workspace\\projeto-shoesbr\\shoesbr\\logs'}
[0m19:12:45.804977 [debug] [MainThread]: Sending event: {'category': 'dbt', 'action': 'project_id', 'label': 'e5fe23b3-0a79-45aa-84dc-105d0ec17754', 'context': [<snowplow_tracker.self_describing_json.SelfDescribingJson object at 0x00000214925D9CD0>]}
[0m19:12:46.012002 [debug] [MainThread]: Sending event: {'category': 'dbt', 'action': 'adapter_info', 'label': 'e5fe23b3-0a79-45aa-84dc-105d0ec17754', 'context': [<snowplow_tracker.self_describing_json.SelfDescribingJson object at 0x0000021494978AF0>]}
[0m19:12:46.020350 [info ] [MainThread]: Registered adapter: postgres=1.10.1
[0m19:12:46.984908 [debug] [MainThread]: checksum: 12227fd57f6d3c59d667ee20c9141c06a591c2bf7db00ae7c504e78d5392bdf2, vars: {}, profile: shoesbr, target: dev, version: 1.12.0b3
[0m19:12:47.490112 [info ] [MainThread]: Unable to do partial parsing because a project config has changed
[0m19:12:47.491219 [debug] [MainThread]: Sending event: {'category': 'dbt', 'action': 'partial_parser', 'label': 'e5fe23b3-0a79-45aa-84dc-105d0ec17754', 'context': [<snowplow_tracker.self_describing_json.SelfDescribingJson object at 0x0000021494D62850>]}
[0m19:12:52.341457 [warn ] [MainThread]: [[33mWARNING[0m][MissingArgumentsPropertyInGenericTestDeprecation]: Deprecated
functionality
Found top-level arguments to test `relationships` defined on 'stg_vendas' in
package 'shoesbr' (models\staging\schema.yml). Arguments to generic tests should
be nested under the `arguments` property.
[0m19:12:52.343014 [debug] [MainThread]: Sending event: {'category': 'dbt', 'action': 'deprecation', 'label': 'e5fe23b3-0a79-45aa-84dc-105d0ec17754', 'property_': 'warn', 'context': [<snowplow_tracker.self_describing_json.SelfDescribingJson object at 0x0000021494C56B70>]}
[0m19:12:52.910782 [debug] [MainThread]: Sending event: {'category': 'dbt', 'action': 'load_project', 'label': 'e5fe23b3-0a79-45aa-84dc-105d0ec17754', 'context': [<snowplow_tracker.self_describing_json.SelfDescribingJson object at 0x00000214951DE510>]}
[0m19:12:53.202354 [debug] [MainThread]: Wrote artifact WritableManifest to C:\Users\User\OneDrive\Documentos\workspace\projeto-shoesbr\shoesbr\target\manifest.json
[0m19:12:53.213264 [debug] [MainThread]: Wrote artifact SemanticManifest to C:\Users\User\OneDrive\Documentos\workspace\projeto-shoesbr\shoesbr\target\semantic_manifest.json
[0m19:12:53.287919 [debug] [MainThread]: Wrote artifact OsiDocument to C:\Users\User\OneDrive\Documentos\workspace\projeto-shoesbr\shoesbr\target\osi_document.json
[0m19:12:53.326489 [debug] [MainThread]: Sending event: {'category': 'dbt', 'action': 'resource_counts', 'label': 'e5fe23b3-0a79-45aa-84dc-105d0ec17754', 'context': [<snowplow_tracker.self_describing_json.SelfDescribingJson object at 0x00000214953BCA10>]}
[0m19:12:53.327997 [info ] [MainThread]: Found 11 models, 1 seed, 16 data tests, 4 sources, 476 macros
[0m19:12:53.329343 [debug] [MainThread]: Sending event: {'category': 'dbt', 'action': 'runnable_timing', 'label': 'e5fe23b3-0a79-45aa-84dc-105d0ec17754', 'context': [<snowplow_tracker.self_describing_json.SelfDescribingJson object at 0x0000021495408E90>]}
[0m19:12:53.334605 [info ] [MainThread]: 
[0m19:12:53.335722 [info ] [MainThread]: Concurrency: 1 threads (target='dev')
[0m19:12:53.337139 [info ] [MainThread]: 
[0m19:12:53.339105 [debug] [MainThread]: Acquiring new postgres connection 'master'
[0m19:12:53.353474 [debug] [ThreadPool]: Acquiring new postgres connection 'list_shoesbr'
[0m19:12:53.664654 [debug] [ThreadPool]: Using postgres connection "list_shoesbr"
[0m19:12:53.665759 [debug] [ThreadPool]: On list_shoesbr: /* {"app": "dbt", "dbt_version": "1.12.0b3", "profile_name": "shoesbr", "target_name": "dev", "connection_name": "list_shoesbr"} */

    select distinct nspname from pg_namespace
  
[0m19:12:53.666697 [debug] [ThreadPool]: Opening a new connection, currently in state init
[0m19:12:55.549536 [debug] [ThreadPool]: SQL status: SELECT 8 in 1.882 seconds
[0m19:12:55.555200 [debug] [ThreadPool]: On list_shoesbr: Close
[0m19:12:55.570710 [debug] [ThreadPool]: Using postgres connection "list_shoesbr"
[0m19:12:55.572526 [debug] [ThreadPool]: On list_shoesbr: /* {"app": "dbt", "dbt_version": "1.12.0b3", "profile_name": "shoesbr", "target_name": "dev", "connection_name": "list_shoesbr"} */

    select distinct nspname from pg_namespace
  
[0m19:12:55.574163 [debug] [ThreadPool]: Opening a new connection, currently in state closed
[0m19:12:57.268142 [debug] [ThreadPool]: SQL status: SELECT 8 in 1.694 seconds
[0m19:12:57.272632 [debug] [ThreadPool]: On list_shoesbr: Close
[0m19:12:57.279241 [debug] [ThreadPool]: Using postgres connection "list_shoesbr"
[0m19:12:57.280650 [debug] [ThreadPool]: On list_shoesbr: /* {"app": "dbt", "dbt_version": "1.12.0b3", "profile_name": "shoesbr", "target_name": "dev", "connection_name": "list_shoesbr"} */

    select distinct nspname from pg_namespace
  
[0m19:12:57.281847 [debug] [ThreadPool]: Opening a new connection, currently in state closed
[0m19:12:58.845880 [debug] [ThreadPool]: SQL status: SELECT 8 in 1.564 seconds
[0m19:12:58.849087 [debug] [ThreadPool]: On list_shoesbr: Close
[0m19:12:58.855464 [debug] [ThreadPool]: Re-using an available connection from the pool (formerly list_shoesbr, now create_shoesbr_marts)
[0m19:12:58.856773 [debug] [ThreadPool]: Creating schema "database: "shoesbr"
schema: "marts"
"
[0m19:12:58.868888 [debug] [ThreadPool]: Using postgres connection "create_shoesbr_marts"
[0m19:12:58.869642 [debug] [ThreadPool]: On create_shoesbr_marts: /* {"app": "dbt", "dbt_version": "1.12.0b3", "profile_name": "shoesbr", "target_name": "dev", "connection_name": "create_shoesbr_marts"} */
create schema if not exists "marts"
[0m19:12:58.870282 [debug] [ThreadPool]: Opening a new connection, currently in state closed
[0m19:13:00.688708 [debug] [ThreadPool]: SQL status: CREATE SCHEMA in 1.818 seconds
[0m19:13:00.692475 [debug] [ThreadPool]: On create_shoesbr_marts: COMMIT
[0m19:13:00.694162 [debug] [ThreadPool]: Using postgres connection "create_shoesbr_marts"
[0m19:13:00.695678 [debug] [ThreadPool]: On create_shoesbr_marts: COMMIT
[0m19:13:00.893747 [debug] [ThreadPool]: SQL status: COMMIT in 0.196 seconds
[0m19:13:00.895563 [debug] [ThreadPool]: On create_shoesbr_marts: Close
[0m19:13:00.906542 [debug] [ThreadPool]: Acquiring new postgres connection 'list_shoesbr_intermediate'
[0m19:13:00.935295 [debug] [ThreadPool]: Using postgres connection "list_shoesbr_intermediate"
[0m19:13:00.937054 [debug] [ThreadPool]: On list_shoesbr_intermediate: /* {"app": "dbt", "dbt_version": "1.12.0b3", "profile_name": "shoesbr", "target_name": "dev", "connection_name": "list_shoesbr_intermediate"} */
select
      'shoesbr' as database,
      tablename as name,
      schemaname as schema,
      'table' as type
    from pg_tables
    where schemaname ilike 'intermediate'
    union all
    select
      'shoesbr' as database,
      viewname as name,
      schemaname as schema,
      'view' as type
    from pg_views
    where schemaname ilike 'intermediate'
    union all
    select
      'shoesbr' as database,
      matviewname as name,
      schemaname as schema,
      'materialized_view' as type
    from pg_matviews
    where schemaname ilike 'intermediate'
  
[0m19:13:00.938783 [debug] [ThreadPool]: Opening a new connection, currently in state init
[0m19:13:02.634961 [debug] [ThreadPool]: SQL status: SELECT 4 in 1.696 seconds
[0m19:13:02.643240 [debug] [ThreadPool]: On list_shoesbr_intermediate: ROLLBACK
[0m19:13:02.839538 [debug] [ThreadPool]: On list_shoesbr_intermediate: Close
[0m19:13:02.845030 [debug] [ThreadPool]: Re-using an available connection from the pool (formerly list_shoesbr_intermediate, now list_shoesbr_landing)
[0m19:13:02.863810 [debug] [ThreadPool]: Using postgres connection "list_shoesbr_landing"
[0m19:13:02.865910 [debug] [ThreadPool]: On list_shoesbr_landing: /* {"app": "dbt", "dbt_version": "1.12.0b3", "profile_name": "shoesbr", "target_name": "dev", "connection_name": "list_shoesbr_landing"} */
select
      'shoesbr' as database,
      tablename as name,
      schemaname as schema,
      'table' as type
    from pg_tables
    where schemaname ilike 'landing'
    union all
    select
      'shoesbr' as database,
      viewname as name,
      schemaname as schema,
      'view' as type
    from pg_views
    where schemaname ilike 'landing'
    union all
    select
      'shoesbr' as database,
      matviewname as name,
      schemaname as schema,
      'materialized_view' as type
    from pg_matviews
    where schemaname ilike 'landing'
  
[0m19:13:02.867875 [debug] [ThreadPool]: Opening a new connection, currently in state closed
[0m19:13:04.622747 [debug] [ThreadPool]: SQL status: SELECT 7 in 1.755 seconds
[0m19:13:04.630465 [debug] [ThreadPool]: On list_shoesbr_landing: ROLLBACK
[0m19:13:04.784975 [debug] [ThreadPool]: On list_shoesbr_landing: Close
[0m19:13:04.789565 [debug] [ThreadPool]: Re-using an available connection from the pool (formerly list_shoesbr_landing, now list_shoesbr_marts)
[0m19:13:04.804248 [debug] [ThreadPool]: Using postgres connection "list_shoesbr_marts"
[0m19:13:04.807744 [debug] [ThreadPool]: On list_shoesbr_marts: /* {"app": "dbt", "dbt_version": "1.12.0b3", "profile_name": "shoesbr", "target_name": "dev", "connection_name": "list_shoesbr_marts"} */
select
      'shoesbr' as database,
      tablename as name,
      schemaname as schema,
      'table' as type
    from pg_tables
    where schemaname ilike 'marts'
    union all
    select
      'shoesbr' as database,
      viewname as name,
      schemaname as schema,
      'view' as type
    from pg_views
    where schemaname ilike 'marts'
    union all
    select
      'shoesbr' as database,
      matviewname as name,
      schemaname as schema,
      'materialized_view' as type
    from pg_matviews
    where schemaname ilike 'marts'
  
[0m19:13:04.810327 [debug] [ThreadPool]: Opening a new connection, currently in state closed
[0m19:13:06.628443 [debug] [ThreadPool]: SQL status: SELECT 0 in 1.818 seconds
[0m19:13:06.634510 [debug] [ThreadPool]: On list_shoesbr_marts: ROLLBACK
[0m19:13:06.832978 [debug] [ThreadPool]: On list_shoesbr_marts: Close
[0m19:13:06.836681 [debug] [ThreadPool]: Re-using an available connection from the pool (formerly list_shoesbr_marts, now list_shoesbr_staging)
[0m19:13:06.846094 [debug] [ThreadPool]: Using postgres connection "list_shoesbr_staging"
[0m19:13:06.847955 [debug] [ThreadPool]: On list_shoesbr_staging: /* {"app": "dbt", "dbt_version": "1.12.0b3", "profile_name": "shoesbr", "target_name": "dev", "connection_name": "list_shoesbr_staging"} */
select
      'shoesbr' as database,
      tablename as name,
      schemaname as schema,
      'table' as type
    from pg_tables
    where schemaname ilike 'staging'
    union all
    select
      'shoesbr' as database,
      viewname as name,
      schemaname as schema,
      'view' as type
    from pg_views
    where schemaname ilike 'staging'
    union all
    select
      'shoesbr' as database,
      matviewname as name,
      schemaname as schema,
      'materialized_view' as type
    from pg_matviews
    where schemaname ilike 'staging'
  
[0m19:13:06.849628 [debug] [ThreadPool]: Opening a new connection, currently in state closed
[0m19:13:08.676943 [debug] [ThreadPool]: SQL status: SELECT 4 in 1.827 seconds
[0m19:13:08.683722 [debug] [ThreadPool]: On list_shoesbr_staging: ROLLBACK
[0m19:13:08.880617 [debug] [ThreadPool]: On list_shoesbr_staging: Close
[0m19:13:08.912602 [debug] [MainThread]: Using postgres connection "master"
[0m19:13:08.914998 [debug] [MainThread]: On master: /* {"app": "dbt", "dbt_version": "1.12.0b3", "profile_name": "shoesbr", "target_name": "dev", "connection_name": "master"} */
select distinct
        dependent_namespace.nspname as dependent_schema,
        dependent_class.relname as dependent_name,
        referenced_namespace.nspname as referenced_schema,
        referenced_class.relname as referenced_name

    -- Query for views: views are entries in pg_class with an entry in pg_rewrite, but we avoid
    -- a seq scan on pg_rewrite by leveraging the fact there is an "internal" row in pg_depend for
    -- the view...
    from pg_class as dependent_class
    join pg_namespace as dependent_namespace on dependent_namespace.oid = dependent_class.relnamespace
    join pg_depend as dependent_depend on dependent_depend.refobjid = dependent_class.oid
        and dependent_depend.classid = 'pg_rewrite'::regclass
        and dependent_depend.refclassid = 'pg_class'::regclass
        and dependent_depend.deptype = 'i'

    -- ... and via pg_depend (that has a row per column, hence the need for "distinct" above, and
    -- making sure to exclude the internal row to avoid a view appearing to depend on itself)...
    join pg_depend as joining_depend on joining_depend.objid = dependent_depend.objid
        and joining_depend.classid = 'pg_rewrite'::regclass
        and joining_depend.refclassid = 'pg_class'::regclass
        and joining_depend.refobjid != dependent_depend.refobjid

    -- ... we can find the tables they query from in pg_class, but excluding system tables. Note we
    -- don't need need to exclude _dependent_ system tables, because they only query from other
    -- system tables, and so are automatically excluded by excluding _referenced_ system tables
    join pg_class as referenced_class on referenced_class.oid = joining_depend.refobjid
    join pg_namespace as referenced_namespace on referenced_namespace.oid = referenced_class.relnamespace
        and referenced_namespace.nspname != 'information_schema'
        and referenced_namespace.nspname not like 'pg\_%'

    order by
        dependent_schema, dependent_name, referenced_schema, referenced_name;
[0m19:13:08.917076 [debug] [MainThread]: Opening a new connection, currently in state init
[0m19:13:10.827533 [debug] [MainThread]: SQL status: SELECT 17 in 1.910 seconds
[0m19:13:10.863888 [debug] [MainThread]: Sending event: {'category': 'dbt', 'action': 'runnable_timing', 'label': 'e5fe23b3-0a79-45aa-84dc-105d0ec17754', 'context': [<snowplow_tracker.self_describing_json.SelfDescribingJson object at 0x00000214953F1390>]}
[0m19:13:10.866869 [debug] [MainThread]: On master: ROLLBACK
[0m19:13:11.134231 [debug] [MainThread]: On master: COMMIT
[0m19:13:11.136121 [debug] [MainThread]: Using postgres connection "master"
[0m19:13:11.137686 [debug] [MainThread]: On master: COMMIT
[0m19:13:11.547495 [debug] [MainThread]: SQL status: COMMIT in 0.408 seconds
[0m19:13:11.550059 [debug] [MainThread]: On master: Close
[0m19:13:11.587712 [debug] [Thread-1 (]: Began running node model.shoesbr.stg_clientes
[0m19:13:11.590354 [info ] [Thread-1 (]: 1 of 11 START sql view model staging.stg_clientes .............................. [RUN]
[0m19:13:11.596572 [debug] [Thread-1 (]: Acquiring new postgres connection 'model.shoesbr.stg_clientes'
[0m19:13:11.598341 [debug] [Thread-1 (]: Began compiling node model.shoesbr.stg_clientes
[0m19:13:11.633146 [debug] [Thread-1 (]: Writing injected SQL for node "model.shoesbr.stg_clientes"
[0m19:13:11.641908 [debug] [Thread-1 (]: Began executing node model.shoesbr.stg_clientes
[0m19:13:11.819577 [debug] [Thread-1 (]: Writing runtime sql for node "model.shoesbr.stg_clientes"
[0m19:13:11.829691 [debug] [Thread-1 (]: Using postgres connection "model.shoesbr.stg_clientes"
[0m19:13:11.832547 [debug] [Thread-1 (]: On model.shoesbr.stg_clientes: /* {"app": "dbt", "dbt_version": "1.12.0b3", "profile_name": "shoesbr", "target_name": "dev", "node_id": "model.shoesbr.stg_clientes"} */

  create view "shoesbr"."staging"."stg_clientes__dbt_tmp"
    
    
  as (
    WITH source AS (
    SELECT *
    FROM "shoesbr"."landing"."clientes"
),

renamed AS (
    SELECT 
        CAST(customer_id AS INT) AS customer_id,
        name AS customer_name,
        address AS customer_address,
        phone AS customer_phone,
        email AS customer_email
    FROM source
)

SELECT * FROM renamed
  );
[0m19:13:11.834195 [debug] [Thread-1 (]: Opening a new connection, currently in state init
[0m19:13:13.497424 [debug] [Thread-1 (]: SQL status: CREATE VIEW in 1.660 seconds
[0m19:13:13.558995 [debug] [Thread-1 (]: Using postgres connection "model.shoesbr.stg_clientes"
[0m19:13:13.560372 [debug] [Thread-1 (]: On model.shoesbr.stg_clientes: /* {"app": "dbt", "dbt_version": "1.12.0b3", "profile_name": "shoesbr", "target_name": "dev", "node_id": "model.shoesbr.stg_clientes"} */
alter table "shoesbr"."staging"."stg_clientes" rename to "stg_clientes__dbt_backup"
[0m19:13:13.799447 [debug] [Thread-1 (]: SQL status: ALTER TABLE in 0.237 seconds
[0m19:13:13.810797 [debug] [Thread-1 (]: Using postgres connection "model.shoesbr.stg_clientes"
[0m19:13:13.814531 [debug] [Thread-1 (]: On model.shoesbr.stg_clientes: /* {"app": "dbt", "dbt_version": "1.12.0b3", "profile_name": "shoesbr", "target_name": "dev", "node_id": "model.shoesbr.stg_clientes"} */
alter table "shoesbr"."staging"."stg_clientes__dbt_tmp" rename to "stg_clientes"
[0m19:13:14.001524 [debug] [Thread-1 (]: SQL status: ALTER TABLE in 0.185 seconds
[0m19:13:14.085978 [debug] [Thread-1 (]: On model.shoesbr.stg_clientes: COMMIT
[0m19:13:14.087905 [debug] [Thread-1 (]: Using postgres connection "model.shoesbr.stg_clientes"
[0m19:13:14.089747 [debug] [Thread-1 (]: On model.shoesbr.stg_clientes: COMMIT
[0m19:13:14.310138 [debug] [Thread-1 (]: SQL status: COMMIT in 0.219 seconds
[0m19:13:14.336381 [debug] [Thread-1 (]: Applying DROP to: "shoesbr"."staging"."stg_clientes__dbt_backup"
[0m19:13:14.348488 [debug] [Thread-1 (]: Using postgres connection "model.shoesbr.stg_clientes"
[0m19:13:14.350419 [debug] [Thread-1 (]: On model.shoesbr.stg_clientes: /* {"app": "dbt", "dbt_version": "1.12.0b3", "profile_name": "shoesbr", "target_name": "dev", "node_id": "model.shoesbr.stg_clientes"} */
drop view if exists "shoesbr"."staging"."stg_clientes__dbt_backup" cascade
[0m19:13:14.518836 [debug] [Thread-1 (]: SQL status: DROP VIEW in 0.167 seconds
[0m19:13:14.533874 [debug] [Thread-1 (]: On model.shoesbr.stg_clientes: Close
[0m19:13:14.551868 [debug] [Thread-1 (]: Sending event: {'category': 'dbt', 'action': 'run_model', 'label': 'e5fe23b3-0a79-45aa-84dc-105d0ec17754', 'context': [<snowplow_tracker.self_describing_json.SelfDescribingJson object at 0x000002149256A2B0>]}
[0m19:13:14.556329 [info ] [Thread-1 (]: 1 of 11 OK created sql view model staging.stg_clientes ......................... [[32mCREATE VIEW[0m in 2.94s]
[0m19:13:14.561187 [debug] [Thread-1 (]: Finished running node model.shoesbr.stg_clientes
[0m19:13:14.565527 [debug] [Thread-1 (]: Began running node model.shoesbr.stg_estorno
[0m19:13:14.569198 [info ] [Thread-1 (]: 2 of 11 START sql view model staging.stg_estorno ............................... [RUN]
[0m19:13:14.572848 [debug] [Thread-1 (]: Re-using an available connection from the pool (formerly model.shoesbr.stg_clientes, now model.shoesbr.stg_estorno)
[0m19:13:14.576018 [debug] [Thread-1 (]: Began compiling node model.shoesbr.stg_estorno
[0m19:13:14.604482 [debug] [Thread-1 (]: Writing injected SQL for node "model.shoesbr.stg_estorno"
[0m19:13:14.609861 [debug] [Thread-1 (]: Began executing node model.shoesbr.stg_estorno
[0m19:13:14.645575 [debug] [Thread-1 (]: Writing runtime sql for node "model.shoesbr.stg_estorno"
[0m19:13:14.652830 [debug] [Thread-1 (]: Using postgres connection "model.shoesbr.stg_estorno"
[0m19:13:14.654923 [debug] [Thread-1 (]: On model.shoesbr.stg_estorno: /* {"app": "dbt", "dbt_version": "1.12.0b3", "profile_name": "shoesbr", "target_name": "dev", "node_id": "model.shoesbr.stg_estorno"} */

  create view "shoesbr"."staging"."stg_estorno__dbt_tmp"
    
    
  as (
    WITH source AS (
    SELECT *
    FROM "shoesbr"."landing"."estorno"
),

renamed AS (
    SELECT 
        CAST(purchase_id AS INT) AS purchase_id,
        CAST(customer_id AS INT) AS customer_id,
        CAST(product_id AS INT) AS product_id,
        CAST(refund_date AS DATE) AS refund_date,
        refund_reason,
        CAST(refund_amount AS DECIMAL(10,2)) AS refund_amount
    FROM source
)

SELECT * FROM renamed
  );
[0m19:13:14.656674 [debug] [Thread-1 (]: Opening a new connection, currently in state closed
[0m19:13:16.934028 [debug] [Thread-1 (]: SQL status: CREATE VIEW in 2.276 seconds
[0m19:13:16.954968 [debug] [Thread-1 (]: Using postgres connection "model.shoesbr.stg_estorno"
[0m19:13:16.957925 [debug] [Thread-1 (]: On model.shoesbr.stg_estorno: /* {"app": "dbt", "dbt_version": "1.12.0b3", "profile_name": "shoesbr", "target_name": "dev", "node_id": "model.shoesbr.stg_estorno"} */
alter table "shoesbr"."staging"."stg_estorno" rename to "stg_estorno__dbt_backup"
[0m19:13:17.175345 [debug] [Thread-1 (]: SQL status: ALTER TABLE in 0.216 seconds
[0m19:13:17.180685 [debug] [Thread-1 (]: Using postgres connection "model.shoesbr.stg_estorno"
[0m19:13:17.181584 [debug] [Thread-1 (]: On model.shoesbr.stg_estorno: /* {"app": "dbt", "dbt_version": "1.12.0b3", "profile_name": "shoesbr", "target_name": "dev", "node_id": "model.shoesbr.stg_estorno"} */
alter table "shoesbr"."staging"."stg_estorno__dbt_tmp" rename to "stg_estorno"
[0m19:13:17.379998 [debug] [Thread-1 (]: SQL status: ALTER TABLE in 0.197 seconds
[0m19:13:17.386132 [debug] [Thread-1 (]: On model.shoesbr.stg_estorno: COMMIT
[0m19:13:17.387835 [debug] [Thread-1 (]: Using postgres connection "model.shoesbr.stg_estorno"
[0m19:13:17.389656 [debug] [Thread-1 (]: On model.shoesbr.stg_estorno: COMMIT
[0m19:13:17.585172 [debug] [Thread-1 (]: SQL status: COMMIT in 0.194 seconds
[0m19:13:17.605300 [debug] [Thread-1 (]: Applying DROP to: "shoesbr"."staging"."stg_estorno__dbt_backup"
[0m19:13:17.606765 [debug] [Thread-1 (]: Using postgres connection "model.shoesbr.stg_estorno"
[0m19:13:17.607962 [debug] [Thread-1 (]: On model.shoesbr.stg_estorno: /* {"app": "dbt", "dbt_version": "1.12.0b3", "profile_name": "shoesbr", "target_name": "dev", "node_id": "model.shoesbr.stg_estorno"} */
drop view if exists "shoesbr"."staging"."stg_estorno__dbt_backup" cascade
[0m19:13:17.790201 [debug] [Thread-1 (]: SQL status: DROP VIEW in 0.180 seconds
[0m19:13:17.800496 [debug] [Thread-1 (]: On model.shoesbr.stg_estorno: Close
[0m19:13:17.805440 [debug] [Thread-1 (]: Sending event: {'category': 'dbt', 'action': 'run_model', 'label': 'e5fe23b3-0a79-45aa-84dc-105d0ec17754', 'context': [<snowplow_tracker.self_describing_json.SelfDescribingJson object at 0x000002149581BB50>]}
[0m19:13:17.809430 [info ] [Thread-1 (]: 2 of 11 OK created sql view model staging.stg_estorno .......................... [[32mCREATE VIEW[0m in 3.23s]
[0m19:13:17.814094 [debug] [Thread-1 (]: Finished running node model.shoesbr.stg_estorno
[0m19:13:17.818158 [debug] [Thread-1 (]: Began running node model.shoesbr.stg_produtos
[0m19:13:17.822267 [info ] [Thread-1 (]: 3 of 11 START sql view model staging.stg_produtos .............................. [RUN]
[0m19:13:17.828606 [debug] [Thread-1 (]: Re-using an available connection from the pool (formerly model.shoesbr.stg_estorno, now model.shoesbr.stg_produtos)
[0m19:13:17.830596 [debug] [Thread-1 (]: Began compiling node model.shoesbr.stg_produtos
[0m19:13:17.859096 [debug] [Thread-1 (]: Writing injected SQL for node "model.shoesbr.stg_produtos"
[0m19:13:17.870840 [debug] [Thread-1 (]: Began executing node model.shoesbr.stg_produtos
[0m19:13:17.888049 [debug] [Thread-1 (]: Writing runtime sql for node "model.shoesbr.stg_produtos"
[0m19:13:17.891411 [debug] [Thread-1 (]: Using postgres connection "model.shoesbr.stg_produtos"
[0m19:13:17.892869 [debug] [Thread-1 (]: On model.shoesbr.stg_produtos: /* {"app": "dbt", "dbt_version": "1.12.0b3", "profile_name": "shoesbr", "target_name": "dev", "node_id": "model.shoesbr.stg_produtos"} */

  create view "shoesbr"."staging"."stg_produtos__dbt_tmp"
    
    
  as (
    WITH source AS (
    SELECT *
    FROM "shoesbr"."landing"."produtos"
),

renamed AS (
    SELECT
    cast(product_id as int) as product_id,
    name as name_product,
    price as price_product
    FROM source
)

SELECT * FROM renamed
  );
[0m19:13:17.894130 [debug] [Thread-1 (]: Opening a new connection, currently in state closed
[0m19:13:19.634277 [debug] [Thread-1 (]: SQL status: CREATE VIEW in 1.739 seconds
[0m19:13:19.650663 [debug] [Thread-1 (]: Using postgres connection "model.shoesbr.stg_produtos"
[0m19:13:19.654364 [debug] [Thread-1 (]: On model.shoesbr.stg_produtos: /* {"app": "dbt", "dbt_version": "1.12.0b3", "profile_name": "shoesbr", "target_name": "dev", "node_id": "model.shoesbr.stg_produtos"} */
alter table "shoesbr"."staging"."stg_produtos" rename to "stg_produtos__dbt_backup"
[0m19:13:19.852996 [debug] [Thread-1 (]: SQL status: ALTER TABLE in 0.196 seconds
[0m19:13:19.871878 [debug] [Thread-1 (]: Using postgres connection "model.shoesbr.stg_produtos"
[0m19:13:19.874338 [debug] [Thread-1 (]: On model.shoesbr.stg_produtos: /* {"app": "dbt", "dbt_version": "1.12.0b3", "profile_name": "shoesbr", "target_name": "dev", "node_id": "model.shoesbr.stg_produtos"} */
alter table "shoesbr"."staging"."stg_produtos__dbt_tmp" rename to "stg_produtos"
[0m19:13:20.146621 [debug] [Thread-1 (]: SQL status: ALTER TABLE in 0.270 seconds
[0m19:13:20.151122 [debug] [Thread-1 (]: On model.shoesbr.stg_produtos: COMMIT
[0m19:13:20.153162 [debug] [Thread-1 (]: Using postgres connection "model.shoesbr.stg_produtos"
[0m19:13:20.155174 [debug] [Thread-1 (]: On model.shoesbr.stg_produtos: COMMIT
[0m19:13:20.349653 [debug] [Thread-1 (]: SQL status: COMMIT in 0.193 seconds
[0m19:13:20.358395 [debug] [Thread-1 (]: Applying DROP to: "shoesbr"."staging"."stg_produtos__dbt_backup"
[0m19:13:20.360195 [debug] [Thread-1 (]: Using postgres connection "model.shoesbr.stg_produtos"
[0m19:13:20.361398 [debug] [Thread-1 (]: On model.shoesbr.stg_produtos: /* {"app": "dbt", "dbt_version": "1.12.0b3", "profile_name": "shoesbr", "target_name": "dev", "node_id": "model.shoesbr.stg_produtos"} */
drop view if exists "shoesbr"."staging"."stg_produtos__dbt_backup" cascade
[0m19:13:20.557555 [debug] [Thread-1 (]: SQL status: DROP VIEW in 0.194 seconds
[0m19:13:20.567761 [debug] [Thread-1 (]: On model.shoesbr.stg_produtos: Close
[0m19:13:20.572994 [debug] [Thread-1 (]: Sending event: {'category': 'dbt', 'action': 'run_model', 'label': 'e5fe23b3-0a79-45aa-84dc-105d0ec17754', 'context': [<snowplow_tracker.self_describing_json.SelfDescribingJson object at 0x0000021496BEEEB0>]}
[0m19:13:20.577801 [info ] [Thread-1 (]: 3 of 11 OK created sql view model staging.stg_produtos ......................... [[32mCREATE VIEW[0m in 2.74s]
[0m19:13:20.593638 [debug] [Thread-1 (]: Finished running node model.shoesbr.stg_produtos
[0m19:13:20.597408 [debug] [Thread-1 (]: Began running node model.shoesbr.stg_vendas
[0m19:13:20.601285 [info ] [Thread-1 (]: 4 of 11 START sql view model staging.stg_vendas ................................ [RUN]
[0m19:13:20.609249 [debug] [Thread-1 (]: Re-using an available connection from the pool (formerly model.shoesbr.stg_produtos, now model.shoesbr.stg_vendas)
[0m19:13:20.613371 [debug] [Thread-1 (]: Began compiling node model.shoesbr.stg_vendas
[0m19:13:20.634664 [debug] [Thread-1 (]: Writing injected SQL for node "model.shoesbr.stg_vendas"
[0m19:13:20.643159 [debug] [Thread-1 (]: Began executing node model.shoesbr.stg_vendas
[0m19:13:20.712316 [debug] [Thread-1 (]: Writing runtime sql for node "model.shoesbr.stg_vendas"
[0m19:13:20.716012 [debug] [Thread-1 (]: Using postgres connection "model.shoesbr.stg_vendas"
[0m19:13:20.717752 [debug] [Thread-1 (]: On model.shoesbr.stg_vendas: /* {"app": "dbt", "dbt_version": "1.12.0b3", "profile_name": "shoesbr", "target_name": "dev", "node_id": "model.shoesbr.stg_vendas"} */

  create view "shoesbr"."staging"."stg_vendas__dbt_tmp"
    
    
  as (
    WITH source AS (
    SELECT *
    FROM "shoesbr"."landing"."vendas"
),

renamed AS (
    SELECT 
        CAST(purchase_id AS INT) AS purchase_id,
        CAST(customer_id AS INT) AS customer_id,
        CAST(product_id AS INT) AS product_id,
        CAST(date AS DATE) AS purchase_date,
        CAST(quantity AS INT) AS quantity,
        CAST(total_price AS DECIMAL(10,2)) AS total_price,
        payment_method
    FROM source
)

SELECT * FROM renamed
  );
[0m19:13:20.720704 [debug] [Thread-1 (]: Opening a new connection, currently in state closed
[0m19:13:23.372281 [debug] [Thread-1 (]: SQL status: CREATE VIEW in 2.653 seconds
[0m19:13:23.385501 [debug] [Thread-1 (]: Using postgres connection "model.shoesbr.stg_vendas"
[0m19:13:23.386770 [debug] [Thread-1 (]: On model.shoesbr.stg_vendas: /* {"app": "dbt", "dbt_version": "1.12.0b3", "profile_name": "shoesbr", "target_name": "dev", "node_id": "model.shoesbr.stg_vendas"} */
alter table "shoesbr"."staging"."stg_vendas" rename to "stg_vendas__dbt_backup"
[0m19:13:23.630867 [debug] [Thread-1 (]: SQL status: ALTER TABLE in 0.243 seconds
[0m19:13:23.639905 [debug] [Thread-1 (]: Using postgres connection "model.shoesbr.stg_vendas"
[0m19:13:23.641325 [debug] [Thread-1 (]: On model.shoesbr.stg_vendas: /* {"app": "dbt", "dbt_version": "1.12.0b3", "profile_name": "shoesbr", "target_name": "dev", "node_id": "model.shoesbr.stg_vendas"} */
alter table "shoesbr"."staging"."stg_vendas__dbt_tmp" rename to "stg_vendas"
[0m19:13:23.831273 [debug] [Thread-1 (]: SQL status: ALTER TABLE in 0.189 seconds
[0m19:13:23.835852 [debug] [Thread-1 (]: On model.shoesbr.stg_vendas: COMMIT
[0m19:13:23.837385 [debug] [Thread-1 (]: Using postgres connection "model.shoesbr.stg_vendas"
[0m19:13:23.838967 [debug] [Thread-1 (]: On model.shoesbr.stg_vendas: COMMIT
[0m19:13:24.036033 [debug] [Thread-1 (]: SQL status: COMMIT in 0.196 seconds
[0m19:13:24.045019 [debug] [Thread-1 (]: Applying DROP to: "shoesbr"."staging"."stg_vendas__dbt_backup"
[0m19:13:24.046940 [debug] [Thread-1 (]: Using postgres connection "model.shoesbr.stg_vendas"
[0m19:13:24.048263 [debug] [Thread-1 (]: On model.shoesbr.stg_vendas: /* {"app": "dbt", "dbt_version": "1.12.0b3", "profile_name": "shoesbr", "target_name": "dev", "node_id": "model.shoesbr.stg_vendas"} */
drop view if exists "shoesbr"."staging"."stg_vendas__dbt_backup" cascade
[0m19:13:24.241056 [debug] [Thread-1 (]: SQL status: DROP VIEW in 0.191 seconds
[0m19:13:24.245627 [debug] [Thread-1 (]: On model.shoesbr.stg_vendas: Close
[0m19:13:24.247877 [debug] [Thread-1 (]: Sending event: {'category': 'dbt', 'action': 'run_model', 'label': 'e5fe23b3-0a79-45aa-84dc-105d0ec17754', 'context': [<snowplow_tracker.self_describing_json.SelfDescribingJson object at 0x000002149519EAB0>]}
[0m19:13:24.249937 [info ] [Thread-1 (]: 4 of 11 OK created sql view model staging.stg_vendas ........................... [[32mCREATE VIEW[0m in 3.64s]
[0m19:13:24.252614 [debug] [Thread-1 (]: Finished running node model.shoesbr.stg_vendas
[0m19:13:24.254085 [debug] [Thread-1 (]: Began running node model.shoesbr.int_estorno
[0m19:13:24.256260 [info ] [Thread-1 (]: 5 of 11 START sql view model intermediate.int_estorno .......................... [RUN]
[0m19:13:24.258274 [debug] [Thread-1 (]: Re-using an available connection from the pool (formerly model.shoesbr.stg_vendas, now model.shoesbr.int_estorno)
[0m19:13:24.259885 [debug] [Thread-1 (]: Began compiling node model.shoesbr.int_estorno
[0m19:13:24.267980 [debug] [Thread-1 (]: Writing injected SQL for node "model.shoesbr.int_estorno"
[0m19:13:24.270915 [debug] [Thread-1 (]: Began executing node model.shoesbr.int_estorno
[0m19:13:24.285025 [debug] [Thread-1 (]: Writing runtime sql for node "model.shoesbr.int_estorno"
[0m19:13:24.287957 [debug] [Thread-1 (]: Using postgres connection "model.shoesbr.int_estorno"
[0m19:13:24.290777 [debug] [Thread-1 (]: On model.shoesbr.int_estorno: /* {"app": "dbt", "dbt_version": "1.12.0b3", "profile_name": "shoesbr", "target_name": "dev", "node_id": "model.shoesbr.int_estorno"} */

  create view "shoesbr"."intermediate"."int_estorno__dbt_tmp"
    
    
  as (
    WITH source AS (
    SELECT *
    FROM "shoesbr"."staging"."stg_estorno"
)

SELECT * FROM source
  );
[0m19:13:24.292599 [debug] [Thread-1 (]: Opening a new connection, currently in state closed
[0m19:13:25.922114 [debug] [Thread-1 (]: SQL status: CREATE VIEW in 1.629 seconds
[0m19:13:25.933342 [debug] [Thread-1 (]: Using postgres connection "model.shoesbr.int_estorno"
[0m19:13:25.935136 [debug] [Thread-1 (]: On model.shoesbr.int_estorno: /* {"app": "dbt", "dbt_version": "1.12.0b3", "profile_name": "shoesbr", "target_name": "dev", "node_id": "model.shoesbr.int_estorno"} */
alter table "shoesbr"."intermediate"."int_estorno__dbt_tmp" rename to "int_estorno"
[0m19:13:26.081229 [debug] [Thread-1 (]: SQL status: ALTER TABLE in 0.145 seconds
[0m19:13:26.085828 [debug] [Thread-1 (]: On model.shoesbr.int_estorno: COMMIT
[0m19:13:26.087047 [debug] [Thread-1 (]: Using postgres connection "model.shoesbr.int_estorno"
[0m19:13:26.088150 [debug] [Thread-1 (]: On model.shoesbr.int_estorno: COMMIT
[0m19:13:26.288790 [debug] [Thread-1 (]: SQL status: COMMIT in 0.199 seconds
[0m19:13:26.296618 [debug] [Thread-1 (]: Applying DROP to: "shoesbr"."intermediate"."int_estorno__dbt_backup"
[0m19:13:26.299595 [debug] [Thread-1 (]: Using postgres connection "model.shoesbr.int_estorno"
[0m19:13:26.300832 [debug] [Thread-1 (]: On model.shoesbr.int_estorno: /* {"app": "dbt", "dbt_version": "1.12.0b3", "profile_name": "shoesbr", "target_name": "dev", "node_id": "model.shoesbr.int_estorno"} */
drop view if exists "shoesbr"."intermediate"."int_estorno__dbt_backup" cascade
[0m19:13:26.494521 [debug] [Thread-1 (]: SQL status: DROP VIEW in 0.192 seconds
[0m19:13:26.498542 [debug] [Thread-1 (]: On model.shoesbr.int_estorno: Close
[0m19:13:26.500521 [debug] [Thread-1 (]: Sending event: {'category': 'dbt', 'action': 'run_model', 'label': 'e5fe23b3-0a79-45aa-84dc-105d0ec17754', 'context': [<snowplow_tracker.self_describing_json.SelfDescribingJson object at 0x00000214946AD5B0>]}
[0m19:13:26.502364 [info ] [Thread-1 (]: 5 of 11 OK created sql view model intermediate.int_estorno ..................... [[32mCREATE VIEW[0m in 2.24s]
[0m19:13:26.504638 [debug] [Thread-1 (]: Finished running node model.shoesbr.int_estorno
[0m19:13:26.505964 [debug] [Thread-1 (]: Began running node model.shoesbr.int_clientes
[0m19:13:26.507549 [info ] [Thread-1 (]: 6 of 11 START sql view model intermediate.int_clientes ......................... [RUN]
[0m19:13:26.509804 [debug] [Thread-1 (]: Re-using an available connection from the pool (formerly model.shoesbr.int_estorno, now model.shoesbr.int_clientes)
[0m19:13:26.511238 [debug] [Thread-1 (]: Began compiling node model.shoesbr.int_clientes
[0m19:13:26.520109 [debug] [Thread-1 (]: Writing injected SQL for node "model.shoesbr.int_clientes"
[0m19:13:26.528564 [debug] [Thread-1 (]: Began executing node model.shoesbr.int_clientes
[0m19:13:26.537763 [debug] [Thread-1 (]: Writing runtime sql for node "model.shoesbr.int_clientes"
[0m19:13:26.541080 [debug] [Thread-1 (]: Using postgres connection "model.shoesbr.int_clientes"
[0m19:13:26.543700 [debug] [Thread-1 (]: On model.shoesbr.int_clientes: /* {"app": "dbt", "dbt_version": "1.12.0b3", "profile_name": "shoesbr", "target_name": "dev", "node_id": "model.shoesbr.int_clientes"} */

  create view "shoesbr"."intermediate"."int_clientes__dbt_tmp"
    
    
  as (
    WITH clientes AS (
    SELECT * FROM "shoesbr"."staging"."stg_clientes"
),

vendas AS (
    SELECT customer_id, SUM(total_price) AS total_gasto, COUNT(*) AS total_compras
    FROM "shoesbr"."staging"."stg_vendas"
    GROUP BY customer_id
)

SELECT 
    c.customer_id,
    c.customer_name,
    c.customer_address,
    c.customer_phone,
    c.customer_email,
    COALESCE(v.total_gasto, 0) AS total_gasto,
    COALESCE(v.total_compras, 0) AS total_compras
FROM clientes c
LEFT JOIN vendas v ON c.customer_id = v.customer_id
ORDER BY total_compras DESC
  );
[0m19:13:26.545761 [debug] [Thread-1 (]: Opening a new connection, currently in state closed
[0m19:13:28.132936 [debug] [Thread-1 (]: SQL status: CREATE VIEW in 1.587 seconds
[0m19:13:28.148052 [debug] [Thread-1 (]: Using postgres connection "model.shoesbr.int_clientes"
[0m19:13:28.150046 [debug] [Thread-1 (]: On model.shoesbr.int_clientes: /* {"app": "dbt", "dbt_version": "1.12.0b3", "profile_name": "shoesbr", "target_name": "dev", "node_id": "model.shoesbr.int_clientes"} */
alter table "shoesbr"."intermediate"."int_clientes__dbt_tmp" rename to "int_clientes"
[0m19:13:28.699071 [debug] [Thread-1 (]: SQL status: ALTER TABLE in 0.547 seconds
[0m19:13:28.703041 [debug] [Thread-1 (]: On model.shoesbr.int_clientes: COMMIT
[0m19:13:28.704359 [debug] [Thread-1 (]: Using postgres connection "model.shoesbr.int_clientes"
[0m19:13:28.705637 [debug] [Thread-1 (]: On model.shoesbr.int_clientes: COMMIT
[0m19:13:28.954538 [debug] [Thread-1 (]: SQL status: COMMIT in 0.248 seconds
[0m19:13:28.960980 [debug] [Thread-1 (]: Applying DROP to: "shoesbr"."intermediate"."int_clientes__dbt_backup"
[0m19:13:28.963018 [debug] [Thread-1 (]: Using postgres connection "model.shoesbr.int_clientes"
[0m19:13:28.964287 [debug] [Thread-1 (]: On model.shoesbr.int_clientes: /* {"app": "dbt", "dbt_version": "1.12.0b3", "profile_name": "shoesbr", "target_name": "dev", "node_id": "model.shoesbr.int_clientes"} */
drop view if exists "shoesbr"."intermediate"."int_clientes__dbt_backup" cascade
[0m19:13:29.156414 [debug] [Thread-1 (]: SQL status: DROP VIEW in 0.191 seconds
[0m19:13:29.160463 [debug] [Thread-1 (]: On model.shoesbr.int_clientes: Close
[0m19:13:29.163729 [debug] [Thread-1 (]: Sending event: {'category': 'dbt', 'action': 'run_model', 'label': 'e5fe23b3-0a79-45aa-84dc-105d0ec17754', 'context': [<snowplow_tracker.self_describing_json.SelfDescribingJson object at 0x0000021496B70C50>]}
[0m19:13:29.166523 [info ] [Thread-1 (]: 6 of 11 OK created sql view model intermediate.int_clientes .................... [[32mCREATE VIEW[0m in 2.65s]
[0m19:13:29.169243 [debug] [Thread-1 (]: Finished running node model.shoesbr.int_clientes
[0m19:13:29.170517 [debug] [Thread-1 (]: Began running node model.shoesbr.int_produtos
[0m19:13:29.172127 [info ] [Thread-1 (]: 7 of 11 START sql view model intermediate.int_produtos ......................... [RUN]
[0m19:13:29.174522 [debug] [Thread-1 (]: Re-using an available connection from the pool (formerly model.shoesbr.int_clientes, now model.shoesbr.int_produtos)
[0m19:13:29.176677 [debug] [Thread-1 (]: Began compiling node model.shoesbr.int_produtos
[0m19:13:29.190753 [debug] [Thread-1 (]: Writing injected SQL for node "model.shoesbr.int_produtos"
[0m19:13:29.196931 [debug] [Thread-1 (]: Began executing node model.shoesbr.int_produtos
[0m19:13:29.212989 [debug] [Thread-1 (]: Writing runtime sql for node "model.shoesbr.int_produtos"
[0m19:13:29.216456 [debug] [Thread-1 (]: Using postgres connection "model.shoesbr.int_produtos"
[0m19:13:29.219859 [debug] [Thread-1 (]: On model.shoesbr.int_produtos: /* {"app": "dbt", "dbt_version": "1.12.0b3", "profile_name": "shoesbr", "target_name": "dev", "node_id": "model.shoesbr.int_produtos"} */

  create view "shoesbr"."intermediate"."int_produtos__dbt_tmp"
    
    
  as (
    WITH produtos AS (
    SELECT * FROM "shoesbr"."staging"."stg_produtos"
),

vendas AS (
    SELECT product_id, 
    SUM(quantity) AS total_vendido, 
    SUM(total_price) AS total_faturado
    FROM "shoesbr"."staging"."stg_vendas"
    GROUP BY product_id
)

SELECT 
    p.product_id,
    p.name_product,
    p.price_product,
    COALESCE(v.total_vendido, 0) AS total_vendido,
    COALESCE(v.total_faturado, 0) AS total_faturado
FROM produtos p
LEFT JOIN vendas v ON p.product_id = v.product_id
ORDER BY total_faturado DESC
  );
[0m19:13:29.221728 [debug] [Thread-1 (]: Opening a new connection, currently in state closed
[0m19:13:30.999993 [debug] [Thread-1 (]: SQL status: CREATE VIEW in 1.778 seconds
[0m19:13:31.009003 [debug] [Thread-1 (]: Using postgres connection "model.shoesbr.int_produtos"
[0m19:13:31.010383 [debug] [Thread-1 (]: On model.shoesbr.int_produtos: /* {"app": "dbt", "dbt_version": "1.12.0b3", "profile_name": "shoesbr", "target_name": "dev", "node_id": "model.shoesbr.int_produtos"} */
alter table "shoesbr"."intermediate"."int_produtos__dbt_tmp" rename to "int_produtos"
[0m19:13:31.206468 [debug] [Thread-1 (]: SQL status: ALTER TABLE in 0.195 seconds
[0m19:13:31.212459 [debug] [Thread-1 (]: On model.shoesbr.int_produtos: COMMIT
[0m19:13:31.215049 [debug] [Thread-1 (]: Using postgres connection "model.shoesbr.int_produtos"
[0m19:13:31.217015 [debug] [Thread-1 (]: On model.shoesbr.int_produtos: COMMIT
[0m19:13:31.408753 [debug] [Thread-1 (]: SQL status: COMMIT in 0.190 seconds
[0m19:13:31.417302 [debug] [Thread-1 (]: Applying DROP to: "shoesbr"."intermediate"."int_produtos__dbt_backup"
[0m19:13:31.419166 [debug] [Thread-1 (]: Using postgres connection "model.shoesbr.int_produtos"
[0m19:13:31.420348 [debug] [Thread-1 (]: On model.shoesbr.int_produtos: /* {"app": "dbt", "dbt_version": "1.12.0b3", "profile_name": "shoesbr", "target_name": "dev", "node_id": "model.shoesbr.int_produtos"} */
drop view if exists "shoesbr"."intermediate"."int_produtos__dbt_backup" cascade
[0m19:13:31.587219 [debug] [Thread-1 (]: SQL status: DROP VIEW in 0.165 seconds
[0m19:13:31.591336 [debug] [Thread-1 (]: On model.shoesbr.int_produtos: Close
[0m19:13:31.593683 [debug] [Thread-1 (]: Sending event: {'category': 'dbt', 'action': 'run_model', 'label': 'e5fe23b3-0a79-45aa-84dc-105d0ec17754', 'context': [<snowplow_tracker.self_describing_json.SelfDescribingJson object at 0x0000021496B721B0>]}
[0m19:13:31.596052 [info ] [Thread-1 (]: 7 of 11 OK created sql view model intermediate.int_produtos .................... [[32mCREATE VIEW[0m in 2.42s]
[0m19:13:31.599873 [debug] [Thread-1 (]: Finished running node model.shoesbr.int_produtos
[0m19:13:31.601589 [debug] [Thread-1 (]: Began running node model.shoesbr.int_vendas
[0m19:13:31.604089 [info ] [Thread-1 (]: 8 of 11 START sql view model intermediate.int_vendas ........................... [RUN]
[0m19:13:31.606437 [debug] [Thread-1 (]: Re-using an available connection from the pool (formerly model.shoesbr.int_produtos, now model.shoesbr.int_vendas)
[0m19:13:31.608357 [debug] [Thread-1 (]: Began compiling node model.shoesbr.int_vendas
[0m19:13:31.618968 [debug] [Thread-1 (]: Writing injected SQL for node "model.shoesbr.int_vendas"
[0m19:13:31.623474 [debug] [Thread-1 (]: Began executing node model.shoesbr.int_vendas
[0m19:13:31.649629 [debug] [Thread-1 (]: Writing runtime sql for node "model.shoesbr.int_vendas"
[0m19:13:31.654980 [debug] [Thread-1 (]: Using postgres connection "model.shoesbr.int_vendas"
[0m19:13:31.657124 [debug] [Thread-1 (]: On model.shoesbr.int_vendas: /* {"app": "dbt", "dbt_version": "1.12.0b3", "profile_name": "shoesbr", "target_name": "dev", "node_id": "model.shoesbr.int_vendas"} */

  create view "shoesbr"."intermediate"."int_vendas__dbt_tmp"
    
    
  as (
    WITH vendas AS (
    SELECT * FROM "shoesbr"."staging"."stg_vendas"
),

estornos AS (
    SELECT purchase_id, refund_amount, refund_reason
    FROM "shoesbr"."staging"."stg_estorno"
)

SELECT 
    v.purchase_id,
    v.customer_id,
    v.product_id,
    v.purchase_date,
    v.quantity,
    v.total_price,
    v.payment_method,
    COALESCE(e.refund_amount, 0) AS valor_estornado,
    e.refund_reason
FROM vendas v
LEFT JOIN estornos e ON v.purchase_id = e.purchase_id
  );
[0m19:13:31.659175 [debug] [Thread-1 (]: Opening a new connection, currently in state closed
[0m19:13:33.252318 [debug] [Thread-1 (]: SQL status: CREATE VIEW in 1.593 seconds
[0m19:13:33.268247 [debug] [Thread-1 (]: Using postgres connection "model.shoesbr.int_vendas"
[0m19:13:33.270307 [debug] [Thread-1 (]: On model.shoesbr.int_vendas: /* {"app": "dbt", "dbt_version": "1.12.0b3", "profile_name": "shoesbr", "target_name": "dev", "node_id": "model.shoesbr.int_vendas"} */
alter table "shoesbr"."intermediate"."int_vendas__dbt_tmp" rename to "int_vendas"
[0m19:13:33.457167 [debug] [Thread-1 (]: SQL status: ALTER TABLE in 0.185 seconds
[0m19:13:33.463674 [debug] [Thread-1 (]: On model.shoesbr.int_vendas: COMMIT
[0m19:13:33.466211 [debug] [Thread-1 (]: Using postgres connection "model.shoesbr.int_vendas"
[0m19:13:33.468483 [debug] [Thread-1 (]: On model.shoesbr.int_vendas: COMMIT
[0m19:13:33.663790 [debug] [Thread-1 (]: SQL status: COMMIT in 0.193 seconds
[0m19:13:33.681222 [debug] [Thread-1 (]: Applying DROP to: "shoesbr"."intermediate"."int_vendas__dbt_backup"
[0m19:13:33.685989 [debug] [Thread-1 (]: Using postgres connection "model.shoesbr.int_vendas"
[0m19:13:33.689037 [debug] [Thread-1 (]: On model.shoesbr.int_vendas: /* {"app": "dbt", "dbt_version": "1.12.0b3", "profile_name": "shoesbr", "target_name": "dev", "node_id": "model.shoesbr.int_vendas"} */
drop view if exists "shoesbr"."intermediate"."int_vendas__dbt_backup" cascade
[0m19:13:33.867420 [debug] [Thread-1 (]: SQL status: DROP VIEW in 0.176 seconds
[0m19:13:33.873752 [debug] [Thread-1 (]: On model.shoesbr.int_vendas: Close
[0m19:13:33.876389 [debug] [Thread-1 (]: Sending event: {'category': 'dbt', 'action': 'run_model', 'label': 'e5fe23b3-0a79-45aa-84dc-105d0ec17754', 'context': [<snowplow_tracker.self_describing_json.SelfDescribingJson object at 0x0000021496B70530>]}
[0m19:13:33.878278 [info ] [Thread-1 (]: 8 of 11 OK created sql view model intermediate.int_vendas ...................... [[32mCREATE VIEW[0m in 2.27s]
[0m19:13:33.881126 [debug] [Thread-1 (]: Finished running node model.shoesbr.int_vendas
[0m19:13:33.884835 [debug] [Thread-1 (]: Began running node model.shoesbr.dim_clientes_analitico
[0m19:13:33.886683 [info ] [Thread-1 (]: 9 of 11 START sql view model marts.dim_clientes_analitico ...................... [RUN]
[0m19:13:33.888979 [debug] [Thread-1 (]: Re-using an available connection from the pool (formerly model.shoesbr.int_vendas, now model.shoesbr.dim_clientes_analitico)
[0m19:13:33.891198 [debug] [Thread-1 (]: Began compiling node model.shoesbr.dim_clientes_analitico
[0m19:13:33.907822 [debug] [Thread-1 (]: Writing injected SQL for node "model.shoesbr.dim_clientes_analitico"
[0m19:13:33.917280 [debug] [Thread-1 (]: Began executing node model.shoesbr.dim_clientes_analitico
[0m19:13:33.975889 [debug] [Thread-1 (]: Writing runtime sql for node "model.shoesbr.dim_clientes_analitico"
[0m19:13:33.981042 [debug] [Thread-1 (]: Using postgres connection "model.shoesbr.dim_clientes_analitico"
[0m19:13:33.985228 [debug] [Thread-1 (]: On model.shoesbr.dim_clientes_analitico: /* {"app": "dbt", "dbt_version": "1.12.0b3", "profile_name": "shoesbr", "target_name": "dev", "node_id": "model.shoesbr.dim_clientes_analitico"} */

  create view "shoesbr"."marts"."dim_clientes_analitico__dbt_tmp"
    
    
  as (
    WITH clientes AS (
    SELECT * FROM "shoesbr"."intermediate"."int_clientes"
),

vendas AS (
    SELECT * FROM "shoesbr"."intermediate"."int_vendas"
),

estornos AS (
    SELECT * FROM "shoesbr"."intermediate"."int_estorno"
)

SELECT 
    c.customer_id,
    c.customer_name,
    c.customer_email,
    c.customer_phone,
    c.customer_address,
    COALESCE(SUM(v.total_price), 0) AS total_gasto,
    COUNT(v.purchase_id) AS total_compras,
    COUNT(DISTINCT v.product_id) AS diversidade_produtos,
    COUNT(e.purchase_id) AS total_estornos
FROM clientes c
LEFT JOIN vendas v ON c.customer_id = v.customer_id
LEFT JOIN estornos e ON v.purchase_id = e.purchase_id
GROUP BY c.customer_id, c.customer_name, c.customer_email, c.customer_phone, c.customer_address
  );
[0m19:13:33.986863 [debug] [Thread-1 (]: Opening a new connection, currently in state closed
[0m19:13:35.709891 [debug] [Thread-1 (]: SQL status: CREATE VIEW in 1.723 seconds
[0m19:13:35.720357 [debug] [Thread-1 (]: Using postgres connection "model.shoesbr.dim_clientes_analitico"
[0m19:13:35.721695 [debug] [Thread-1 (]: On model.shoesbr.dim_clientes_analitico: /* {"app": "dbt", "dbt_version": "1.12.0b3", "profile_name": "shoesbr", "target_name": "dev", "node_id": "model.shoesbr.dim_clientes_analitico"} */
alter table "shoesbr"."marts"."dim_clientes_analitico__dbt_tmp" rename to "dim_clientes_analitico"
[0m19:13:35.914676 [debug] [Thread-1 (]: SQL status: ALTER TABLE in 0.192 seconds
[0m19:13:35.919385 [debug] [Thread-1 (]: On model.shoesbr.dim_clientes_analitico: COMMIT
[0m19:13:35.920771 [debug] [Thread-1 (]: Using postgres connection "model.shoesbr.dim_clientes_analitico"
[0m19:13:35.922014 [debug] [Thread-1 (]: On model.shoesbr.dim_clientes_analitico: COMMIT
[0m19:13:36.119823 [debug] [Thread-1 (]: SQL status: COMMIT in 0.196 seconds
[0m19:13:36.130188 [debug] [Thread-1 (]: Applying DROP to: "shoesbr"."marts"."dim_clientes_analitico__dbt_backup"
[0m19:13:36.133152 [debug] [Thread-1 (]: Using postgres connection "model.shoesbr.dim_clientes_analitico"
[0m19:13:36.135392 [debug] [Thread-1 (]: On model.shoesbr.dim_clientes_analitico: /* {"app": "dbt", "dbt_version": "1.12.0b3", "profile_name": "shoesbr", "target_name": "dev", "node_id": "model.shoesbr.dim_clientes_analitico"} */
drop view if exists "shoesbr"."marts"."dim_clientes_analitico__dbt_backup" cascade
[0m19:13:36.324852 [debug] [Thread-1 (]: SQL status: DROP VIEW in 0.188 seconds
[0m19:13:36.329056 [debug] [Thread-1 (]: On model.shoesbr.dim_clientes_analitico: Close
[0m19:13:36.331167 [debug] [Thread-1 (]: Sending event: {'category': 'dbt', 'action': 'run_model', 'label': 'e5fe23b3-0a79-45aa-84dc-105d0ec17754', 'context': [<snowplow_tracker.self_describing_json.SelfDescribingJson object at 0x000002149571BB30>]}
[0m19:13:36.333130 [info ] [Thread-1 (]: 9 of 11 OK created sql view model marts.dim_clientes_analitico ................. [[32mCREATE VIEW[0m in 2.44s]
[0m19:13:36.336420 [debug] [Thread-1 (]: Finished running node model.shoesbr.dim_clientes_analitico
[0m19:13:36.337992 [debug] [Thread-1 (]: Began running node model.shoesbr.dim_produtos_analitico
[0m19:13:36.340074 [info ] [Thread-1 (]: 10 of 11 START sql view model marts.dim_produtos_analitico ..................... [RUN]
[0m19:13:36.342425 [debug] [Thread-1 (]: Re-using an available connection from the pool (formerly model.shoesbr.dim_clientes_analitico, now model.shoesbr.dim_produtos_analitico)
[0m19:13:36.344509 [debug] [Thread-1 (]: Began compiling node model.shoesbr.dim_produtos_analitico
[0m19:13:36.357092 [debug] [Thread-1 (]: Writing injected SQL for node "model.shoesbr.dim_produtos_analitico"
[0m19:13:36.361044 [debug] [Thread-1 (]: Began executing node model.shoesbr.dim_produtos_analitico
[0m19:13:36.379094 [debug] [Thread-1 (]: Writing runtime sql for node "model.shoesbr.dim_produtos_analitico"
[0m19:13:36.383373 [debug] [Thread-1 (]: Using postgres connection "model.shoesbr.dim_produtos_analitico"
[0m19:13:36.387494 [debug] [Thread-1 (]: On model.shoesbr.dim_produtos_analitico: /* {"app": "dbt", "dbt_version": "1.12.0b3", "profile_name": "shoesbr", "target_name": "dev", "node_id": "model.shoesbr.dim_produtos_analitico"} */

  create view "shoesbr"."marts"."dim_produtos_analitico__dbt_tmp"
    
    
  as (
    WITH produtos AS (
    SELECT * FROM "shoesbr"."intermediate"."int_produtos"
),

vendas AS (
    SELECT * FROM "shoesbr"."intermediate"."int_vendas"
),

estornos AS (
    SELECT * FROM "shoesbr"."intermediate"."int_estorno"
)

SELECT 
    p.product_id,
    p.name_product,
    p.price_product,
    COALESCE(SUM(v.quantity), 0) AS total_vendido,
    COALESCE(SUM(v.total_price), 0) AS total_faturado,
    COALESCE(SUM(e.refund_amount), 0) AS total_estornado,
    COUNT(DISTINCT e.purchase_id) AS total_estornos
FROM produtos p
LEFT JOIN vendas v ON p.product_id = v.product_id
LEFT JOIN estornos e ON v.purchase_id = e.purchase_id
GROUP BY p.product_id, p.name_product, p.price_product
  );
[0m19:13:36.389647 [debug] [Thread-1 (]: Opening a new connection, currently in state closed
[0m19:13:38.088662 [debug] [Thread-1 (]: SQL status: CREATE VIEW in 1.699 seconds
[0m19:13:38.101908 [debug] [Thread-1 (]: Using postgres connection "model.shoesbr.dim_produtos_analitico"
[0m19:13:38.104870 [debug] [Thread-1 (]: On model.shoesbr.dim_produtos_analitico: /* {"app": "dbt", "dbt_version": "1.12.0b3", "profile_name": "shoesbr", "target_name": "dev", "node_id": "model.shoesbr.dim_produtos_analitico"} */
alter table "shoesbr"."marts"."dim_produtos_analitico__dbt_tmp" rename to "dim_produtos_analitico"
[0m19:13:38.269499 [debug] [Thread-1 (]: SQL status: ALTER TABLE in 0.162 seconds
[0m19:13:38.276778 [debug] [Thread-1 (]: On model.shoesbr.dim_produtos_analitico: COMMIT
[0m19:13:38.278967 [debug] [Thread-1 (]: Using postgres connection "model.shoesbr.dim_produtos_analitico"
[0m19:13:38.280495 [debug] [Thread-1 (]: On model.shoesbr.dim_produtos_analitico: COMMIT
[0m19:13:38.474757 [debug] [Thread-1 (]: SQL status: COMMIT in 0.192 seconds
[0m19:13:38.484333 [debug] [Thread-1 (]: Applying DROP to: "shoesbr"."marts"."dim_produtos_analitico__dbt_backup"
[0m19:13:38.488205 [debug] [Thread-1 (]: Using postgres connection "model.shoesbr.dim_produtos_analitico"
[0m19:13:38.489951 [debug] [Thread-1 (]: On model.shoesbr.dim_produtos_analitico: /* {"app": "dbt", "dbt_version": "1.12.0b3", "profile_name": "shoesbr", "target_name": "dev", "node_id": "model.shoesbr.dim_produtos_analitico"} */
drop view if exists "shoesbr"."marts"."dim_produtos_analitico__dbt_backup" cascade
[0m19:13:38.679455 [debug] [Thread-1 (]: SQL status: DROP VIEW in 0.188 seconds
[0m19:13:38.686574 [debug] [Thread-1 (]: On model.shoesbr.dim_produtos_analitico: Close
[0m19:13:38.690383 [debug] [Thread-1 (]: Sending event: {'category': 'dbt', 'action': 'run_model', 'label': 'e5fe23b3-0a79-45aa-84dc-105d0ec17754', 'context': [<snowplow_tracker.self_describing_json.SelfDescribingJson object at 0x00000214957193D0>]}
[0m19:13:38.693290 [info ] [Thread-1 (]: 10 of 11 OK created sql view model marts.dim_produtos_analitico ................ [[32mCREATE VIEW[0m in 2.35s]
[0m19:13:38.696311 [debug] [Thread-1 (]: Finished running node model.shoesbr.dim_produtos_analitico
[0m19:13:38.698625 [debug] [Thread-1 (]: Began running node model.shoesbr.fct_vendas
[0m19:13:38.701321 [info ] [Thread-1 (]: 11 of 11 START sql view model marts.fct_vendas ................................. [RUN]
[0m19:13:38.704307 [debug] [Thread-1 (]: Re-using an available connection from the pool (formerly model.shoesbr.dim_produtos_analitico, now model.shoesbr.fct_vendas)
[0m19:13:38.707329 [debug] [Thread-1 (]: Began compiling node model.shoesbr.fct_vendas
[0m19:13:38.727664 [debug] [Thread-1 (]: Writing injected SQL for node "model.shoesbr.fct_vendas"
[0m19:13:38.734178 [debug] [Thread-1 (]: Began executing node model.shoesbr.fct_vendas
[0m19:13:38.767210 [debug] [Thread-1 (]: Writing runtime sql for node "model.shoesbr.fct_vendas"
[0m19:13:38.779449 [debug] [Thread-1 (]: Using postgres connection "model.shoesbr.fct_vendas"
[0m19:13:38.782180 [debug] [Thread-1 (]: On model.shoesbr.fct_vendas: /* {"app": "dbt", "dbt_version": "1.12.0b3", "profile_name": "shoesbr", "target_name": "dev", "node_id": "model.shoesbr.fct_vendas"} */

  create view "shoesbr"."marts"."fct_vendas__dbt_tmp"
    
    
  as (
    WITH vendas AS (
    SELECT * FROM "shoesbr"."intermediate"."int_vendas"
),

estornos AS (
    SELECT * FROM "shoesbr"."intermediate"."int_estorno"
),

clientes AS (
    SELECT * FROM "shoesbr"."intermediate"."int_clientes"
),

produtos AS (
    SELECT * FROM "shoesbr"."intermediate"."int_produtos"
)

SELECT 
    v.purchase_id,
    v.customer_id,
    c.customer_name,
    c.customer_email,
    v.product_id,
    p.name_product,
    v.purchase_date,
    v.quantity,
    v.total_price,
    v.payment_method,
    COALESCE(e.refund_amount, 0) AS valor_estornado,
    e.refund_reason,
    (v.total_price - COALESCE(e.refund_amount, 0)) AS receita_liquida
FROM vendas v
LEFT JOIN estornos e ON v.purchase_id = e.purchase_id
LEFT JOIN clientes c ON v.customer_id = c.customer_id
LEFT JOIN produtos p ON v.product_id = p.product_id
  );
[0m19:13:38.784666 [debug] [Thread-1 (]: Opening a new connection, currently in state closed
[0m19:13:40.422225 [debug] [Thread-1 (]: SQL status: CREATE VIEW in 1.637 seconds
[0m19:13:40.431861 [debug] [Thread-1 (]: Using postgres connection "model.shoesbr.fct_vendas"
[0m19:13:40.433387 [debug] [Thread-1 (]: On model.shoesbr.fct_vendas: /* {"app": "dbt", "dbt_version": "1.12.0b3", "profile_name": "shoesbr", "target_name": "dev", "node_id": "model.shoesbr.fct_vendas"} */
alter table "shoesbr"."marts"."fct_vendas__dbt_tmp" rename to "fct_vendas"
[0m19:13:40.578213 [debug] [Thread-1 (]: SQL status: ALTER TABLE in 0.143 seconds
[0m19:13:40.582464 [debug] [Thread-1 (]: On model.shoesbr.fct_vendas: COMMIT
[0m19:13:40.583515 [debug] [Thread-1 (]: Using postgres connection "model.shoesbr.fct_vendas"
[0m19:13:40.584757 [debug] [Thread-1 (]: On model.shoesbr.fct_vendas: COMMIT
[0m19:13:40.729191 [debug] [Thread-1 (]: SQL status: COMMIT in 0.143 seconds
[0m19:13:40.738533 [debug] [Thread-1 (]: Applying DROP to: "shoesbr"."marts"."fct_vendas__dbt_backup"
[0m19:13:40.741698 [debug] [Thread-1 (]: Using postgres connection "model.shoesbr.fct_vendas"
[0m19:13:40.743830 [debug] [Thread-1 (]: On model.shoesbr.fct_vendas: /* {"app": "dbt", "dbt_version": "1.12.0b3", "profile_name": "shoesbr", "target_name": "dev", "node_id": "model.shoesbr.fct_vendas"} */
drop view if exists "shoesbr"."marts"."fct_vendas__dbt_backup" cascade
[0m19:13:40.888745 [debug] [Thread-1 (]: SQL status: DROP VIEW in 0.143 seconds
[0m19:13:40.894460 [debug] [Thread-1 (]: On model.shoesbr.fct_vendas: Close
[0m19:13:40.896904 [debug] [Thread-1 (]: Sending event: {'category': 'dbt', 'action': 'run_model', 'label': 'e5fe23b3-0a79-45aa-84dc-105d0ec17754', 'context': [<snowplow_tracker.self_describing_json.SelfDescribingJson object at 0x0000021495719DF0>]}
[0m19:13:40.898544 [info ] [Thread-1 (]: 11 of 11 OK created sql view model marts.fct_vendas ............................ [[32mCREATE VIEW[0m in 2.19s]
[0m19:13:40.900640 [debug] [Thread-1 (]: Finished running node model.shoesbr.fct_vendas
[0m19:13:40.903415 [debug] [MainThread]: On master: COMMIT
[0m19:13:40.904642 [debug] [MainThread]: Using postgres connection "master"
[0m19:13:40.905658 [debug] [MainThread]: On master: COMMIT
[0m19:13:40.907132 [debug] [MainThread]: Opening a new connection, currently in state closed
[0m19:13:42.467749 [debug] [MainThread]: SQL status: COMMIT in 1.561 seconds
[0m19:13:42.468934 [debug] [MainThread]: On master: Close
[0m19:13:42.470791 [debug] [MainThread]: Connection 'master' was properly closed.
[0m19:13:42.471876 [debug] [MainThread]: Connection 'create_shoesbr_marts' was properly closed.
[0m19:13:42.472880 [debug] [MainThread]: Connection 'list_shoesbr_staging' was properly closed.
[0m19:13:42.474068 [debug] [MainThread]: Connection 'model.shoesbr.fct_vendas' was properly closed.
[0m19:13:42.480171 [info ] [MainThread]: 
[0m19:13:42.482011 [info ] [MainThread]: Finished running 11 view models in 0 hours 0 minutes and 49.14 seconds (49.14s).
[0m19:13:42.491473 [debug] [MainThread]: Command end result
[0m19:13:42.647433 [debug] [MainThread]: Wrote artifact WritableManifest to C:\Users\User\OneDrive\Documentos\workspace\projeto-shoesbr\shoesbr\target\manifest.json
[0m19:13:42.678227 [debug] [MainThread]: Wrote artifact SemanticManifest to C:\Users\User\OneDrive\Documentos\workspace\projeto-shoesbr\shoesbr\target\semantic_manifest.json
[0m19:13:42.689478 [debug] [MainThread]: Wrote artifact OsiDocument to C:\Users\User\OneDrive\Documentos\workspace\projeto-shoesbr\shoesbr\target\osi_document.json
[0m19:13:42.768420 [debug] [MainThread]: Wrote artifact RunExecutionResult to C:\Users\User\OneDrive\Documentos\workspace\projeto-shoesbr\shoesbr\target\run_results.json
[0m19:13:42.769642 [info ] [MainThread]: 
[0m19:13:42.779654 [info ] [MainThread]: [32mCompleted successfully[0m
[0m19:13:42.798459 [info ] [MainThread]: 
[0m19:13:42.816261 [info ] [MainThread]: Done. PASS=11 WARN=0 ERROR=0 SKIP=0 NO-OP=0 REUSED=0 TOTAL=11
[0m19:13:42.827886 [warn ] [MainThread]: [[33mWARNING[0m][DeprecationsSummary]: Deprecated functionality
Summary of encountered deprecations:
- MissingArgumentsPropertyInGenericTestDeprecation: 3 occurrences
To see all deprecation instances instead of just the first occurrence of each,
run command again with the `--show-all-deprecations` flag. You may also need to
run with `--no-partial-parse` as some deprecations are only encountered during
parsing.
[0m19:13:42.831474 [debug] [MainThread]: Command `dbt run` succeeded at 19:13:42.831027 after 58.15 seconds
[0m19:13:42.832769 [debug] [MainThread]: Sending event: {'category': 'dbt', 'action': 'invocation', 'label': 'end', 'context': [<snowplow_tracker.self_describing_json.SelfDescribingJson object at 0x0000021492BC75F0>, <snowplow_tracker.self_describing_json.SelfDescribingJson object at 0x000002149522A690>, <snowplow_tracker.self_describing_json.SelfDescribingJson object at 0x0000021495719C10>]}
[0m19:13:42.834032 [debug] [MainThread]: Flushing usage events
[0m19:13:45.848695 [debug] [MainThread]: An error was encountered while trying to flush usage events
[0m19:16:25.628944 [debug] [MainThread]: Sending event: {'category': 'dbt', 'action': 'invocation', 'label': 'start', 'context': [<snowplow_tracker.self_describing_json.SelfDescribingJson object at 0x000001EE0612DA90>, <snowplow_tracker.self_describing_json.SelfDescribingJson object at 0x000001EE08707ED0>, <snowplow_tracker.self_describing_json.SelfDescribingJson object at 0x000001EE08707750>]}


============================== 19:16:25.643202 | eb245feb-2843-43fa-a4dd-3db0867a8d22 ==============================
[0m19:16:25.643202 [info ] [MainThread]: Running with dbt=1.12.0-b3
[0m19:16:25.645916 [debug] [MainThread]: running dbt with arguments {'maximum_seed_size_mib': '1', 'no_print': 'None', 'version_check': 'True', 'target_path': 'None', 'static_parser': 'True', 'warn_error_options': 'WarnErrorOptionsV2(error=[], warn=[], silence=[])', 'printer_width': '80', 'write_json': 'True', 'introspect': 'True', 'log_cache_events': 'False', 'empty': 'False', 'cache_selected_only': 'False', 'log_format': 'default', 'debug': 'False', 'fail_fast': 'False', 'profiles_dir': 'C:\\Users\\User\\.dbt', 'send_anonymous_usage_stats': 'True', 'quiet': 'False', 'warn_error': 'None', 'partial_parse': 'True', 'use_colors': 'True', 'indirect_selection': 'eager', 'invocation_command': 'dbt run -s .\\models\\marts\\', 'use_experimental_parser': 'False', 'log_path': 'C:\\Users\\User\\OneDrive\\Documentos\\workspace\\projeto-shoesbr\\shoesbr\\logs'}
[0m19:16:26.379692 [debug] [MainThread]: Sending event: {'category': 'dbt', 'action': 'project_id', 'label': 'eb245feb-2843-43fa-a4dd-3db0867a8d22', 'context': [<snowplow_tracker.self_describing_json.SelfDescribingJson object at 0x000001EE06669CD0>]}
[0m19:16:26.659406 [debug] [MainThread]: Sending event: {'category': 'dbt', 'action': 'adapter_info', 'label': 'eb245feb-2843-43fa-a4dd-3db0867a8d22', 'context': [<snowplow_tracker.self_describing_json.SelfDescribingJson object at 0x000001EE08A78AF0>]}
[0m19:16:26.663421 [info ] [MainThread]: Registered adapter: postgres=1.10.1
[0m19:16:27.829044 [debug] [MainThread]: checksum: 12227fd57f6d3c59d667ee20c9141c06a591c2bf7db00ae7c504e78d5392bdf2, vars: {}, profile: shoesbr, target: dev, version: 1.12.0b3
[0m19:16:28.592733 [info ] [MainThread]: Unable to do partial parsing because a project config has changed
[0m19:16:28.594991 [debug] [MainThread]: Sending event: {'category': 'dbt', 'action': 'partial_parser', 'label': 'eb245feb-2843-43fa-a4dd-3db0867a8d22', 'context': [<snowplow_tracker.self_describing_json.SelfDescribingJson object at 0x000001EE08E76B50>]}
[0m19:16:34.217128 [warn ] [MainThread]: [[33mWARNING[0m][MissingArgumentsPropertyInGenericTestDeprecation]: Deprecated
functionality
Found top-level arguments to test `relationships` defined on 'stg_vendas' in
package 'shoesbr' (models\staging\schema.yml). Arguments to generic tests should
be nested under the `arguments` property.
[0m19:16:34.219321 [debug] [MainThread]: Sending event: {'category': 'dbt', 'action': 'deprecation', 'label': 'eb245feb-2843-43fa-a4dd-3db0867a8d22', 'property_': 'warn', 'context': [<snowplow_tracker.self_describing_json.SelfDescribingJson object at 0x000001EE08D4EE40>]}
[0m19:16:34.931952 [debug] [MainThread]: Sending event: {'category': 'dbt', 'action': 'load_project', 'label': 'eb245feb-2843-43fa-a4dd-3db0867a8d22', 'context': [<snowplow_tracker.self_describing_json.SelfDescribingJson object at 0x000001EE092CD8D0>]}
[0m19:16:35.570736 [debug] [MainThread]: Wrote artifact WritableManifest to C:\Users\User\OneDrive\Documentos\workspace\projeto-shoesbr\shoesbr\target\manifest.json
[0m19:16:35.584205 [debug] [MainThread]: Wrote artifact SemanticManifest to C:\Users\User\OneDrive\Documentos\workspace\projeto-shoesbr\shoesbr\target\semantic_manifest.json
[0m19:16:35.672936 [debug] [MainThread]: Wrote artifact OsiDocument to C:\Users\User\OneDrive\Documentos\workspace\projeto-shoesbr\shoesbr\target\osi_document.json
[0m19:16:35.727914 [debug] [MainThread]: Sending event: {'category': 'dbt', 'action': 'resource_counts', 'label': 'eb245feb-2843-43fa-a4dd-3db0867a8d22', 'context': [<snowplow_tracker.self_describing_json.SelfDescribingJson object at 0x000001EE094B8A10>]}
[0m19:16:35.729937 [info ] [MainThread]: Found 11 models, 1 seed, 16 data tests, 4 sources, 476 macros
[0m19:16:35.733212 [debug] [MainThread]: Sending event: {'category': 'dbt', 'action': 'runnable_timing', 'label': 'eb245feb-2843-43fa-a4dd-3db0867a8d22', 'context': [<snowplow_tracker.self_describing_json.SelfDescribingJson object at 0x000001EE094FCE90>]}
[0m19:16:35.745850 [info ] [MainThread]: 
[0m19:16:35.748805 [info ] [MainThread]: Concurrency: 1 threads (target='dev')
[0m19:16:35.750791 [info ] [MainThread]: 
[0m19:16:35.753083 [debug] [MainThread]: Acquiring new postgres connection 'master'
[0m19:16:35.773286 [debug] [ThreadPool]: Acquiring new postgres connection 'list_shoesbr'
[0m19:16:36.225332 [debug] [ThreadPool]: Using postgres connection "list_shoesbr"
[0m19:16:36.227057 [debug] [ThreadPool]: On list_shoesbr: /* {"app": "dbt", "dbt_version": "1.12.0b3", "profile_name": "shoesbr", "target_name": "dev", "connection_name": "list_shoesbr"} */

    select distinct nspname from pg_namespace
  
[0m19:16:36.228607 [debug] [ThreadPool]: Opening a new connection, currently in state init
[0m19:16:37.926673 [debug] [ThreadPool]: SQL status: SELECT 9 in 1.698 seconds
[0m19:16:37.935376 [debug] [ThreadPool]: On list_shoesbr: Close
[0m19:16:37.950141 [debug] [ThreadPool]: Acquiring new postgres connection 'list_shoesbr_staging'
[0m19:16:37.994203 [debug] [ThreadPool]: Using postgres connection "list_shoesbr_staging"
[0m19:16:37.996216 [debug] [ThreadPool]: On list_shoesbr_staging: /* {"app": "dbt", "dbt_version": "1.12.0b3", "profile_name": "shoesbr", "target_name": "dev", "connection_name": "list_shoesbr_staging"} */
select
      'shoesbr' as database,
      tablename as name,
      schemaname as schema,
      'table' as type
    from pg_tables
    where schemaname ilike 'staging'
    union all
    select
      'shoesbr' as database,
      viewname as name,
      schemaname as schema,
      'view' as type
    from pg_views
    where schemaname ilike 'staging'
    union all
    select
      'shoesbr' as database,
      matviewname as name,
      schemaname as schema,
      'materialized_view' as type
    from pg_matviews
    where schemaname ilike 'staging'
  
[0m19:16:38.051520 [debug] [ThreadPool]: Opening a new connection, currently in state init
[0m19:16:39.759542 [debug] [ThreadPool]: SQL status: SELECT 4 in 1.709 seconds
[0m19:16:39.765195 [debug] [ThreadPool]: On list_shoesbr_staging: ROLLBACK
[0m19:16:40.031621 [debug] [ThreadPool]: On list_shoesbr_staging: Close
[0m19:16:40.035293 [debug] [ThreadPool]: Re-using an available connection from the pool (formerly list_shoesbr_staging, now list_shoesbr_landing)
[0m19:16:40.046680 [debug] [ThreadPool]: Using postgres connection "list_shoesbr_landing"
[0m19:16:40.048120 [debug] [ThreadPool]: On list_shoesbr_landing: /* {"app": "dbt", "dbt_version": "1.12.0b3", "profile_name": "shoesbr", "target_name": "dev", "connection_name": "list_shoesbr_landing"} */
select
      'shoesbr' as database,
      tablename as name,
      schemaname as schema,
      'table' as type
    from pg_tables
    where schemaname ilike 'landing'
    union all
    select
      'shoesbr' as database,
      viewname as name,
      schemaname as schema,
      'view' as type
    from pg_views
    where schemaname ilike 'landing'
    union all
    select
      'shoesbr' as database,
      matviewname as name,
      schemaname as schema,
      'materialized_view' as type
    from pg_matviews
    where schemaname ilike 'landing'
  
[0m19:16:40.049366 [debug] [ThreadPool]: Opening a new connection, currently in state closed
[0m19:16:41.872296 [debug] [ThreadPool]: SQL status: SELECT 7 in 1.823 seconds
[0m19:16:41.878333 [debug] [ThreadPool]: On list_shoesbr_landing: ROLLBACK
[0m19:16:42.076892 [debug] [ThreadPool]: On list_shoesbr_landing: Close
[0m19:16:42.079722 [debug] [ThreadPool]: Re-using an available connection from the pool (formerly list_shoesbr_landing, now list_shoesbr_marts)
[0m19:16:42.092915 [debug] [ThreadPool]: Using postgres connection "list_shoesbr_marts"
[0m19:16:42.095121 [debug] [ThreadPool]: On list_shoesbr_marts: /* {"app": "dbt", "dbt_version": "1.12.0b3", "profile_name": "shoesbr", "target_name": "dev", "connection_name": "list_shoesbr_marts"} */
select
      'shoesbr' as database,
      tablename as name,
      schemaname as schema,
      'table' as type
    from pg_tables
    where schemaname ilike 'marts'
    union all
    select
      'shoesbr' as database,
      viewname as name,
      schemaname as schema,
      'view' as type
    from pg_views
    where schemaname ilike 'marts'
    union all
    select
      'shoesbr' as database,
      matviewname as name,
      schemaname as schema,
      'materialized_view' as type
    from pg_matviews
    where schemaname ilike 'marts'
  
[0m19:16:42.096900 [debug] [ThreadPool]: Opening a new connection, currently in state closed
[0m19:16:43.921059 [debug] [ThreadPool]: SQL status: SELECT 3 in 1.824 seconds
[0m19:16:43.930225 [debug] [ThreadPool]: On list_shoesbr_marts: ROLLBACK
[0m19:16:44.125059 [debug] [ThreadPool]: On list_shoesbr_marts: Close
[0m19:16:44.128753 [debug] [ThreadPool]: Re-using an available connection from the pool (formerly list_shoesbr_marts, now list_shoesbr_intermediate)
[0m19:16:44.139707 [debug] [ThreadPool]: Using postgres connection "list_shoesbr_intermediate"
[0m19:16:44.142280 [debug] [ThreadPool]: On list_shoesbr_intermediate: /* {"app": "dbt", "dbt_version": "1.12.0b3", "profile_name": "shoesbr", "target_name": "dev", "connection_name": "list_shoesbr_intermediate"} */
select
      'shoesbr' as database,
      tablename as name,
      schemaname as schema,
      'table' as type
    from pg_tables
    where schemaname ilike 'intermediate'
    union all
    select
      'shoesbr' as database,
      viewname as name,
      schemaname as schema,
      'view' as type
    from pg_views
    where schemaname ilike 'intermediate'
    union all
    select
      'shoesbr' as database,
      matviewname as name,
      schemaname as schema,
      'materialized_view' as type
    from pg_matviews
    where schemaname ilike 'intermediate'
  
[0m19:16:44.143835 [debug] [ThreadPool]: Opening a new connection, currently in state closed
[0m19:16:45.969525 [debug] [ThreadPool]: SQL status: SELECT 4 in 1.826 seconds
[0m19:16:45.977215 [debug] [ThreadPool]: On list_shoesbr_intermediate: ROLLBACK
[0m19:16:46.173195 [debug] [ThreadPool]: On list_shoesbr_intermediate: Close
[0m19:16:46.210122 [debug] [MainThread]: Using postgres connection "master"
[0m19:16:46.212159 [debug] [MainThread]: On master: /* {"app": "dbt", "dbt_version": "1.12.0b3", "profile_name": "shoesbr", "target_name": "dev", "connection_name": "master"} */
select distinct
        dependent_namespace.nspname as dependent_schema,
        dependent_class.relname as dependent_name,
        referenced_namespace.nspname as referenced_schema,
        referenced_class.relname as referenced_name

    -- Query for views: views are entries in pg_class with an entry in pg_rewrite, but we avoid
    -- a seq scan on pg_rewrite by leveraging the fact there is an "internal" row in pg_depend for
    -- the view...
    from pg_class as dependent_class
    join pg_namespace as dependent_namespace on dependent_namespace.oid = dependent_class.relnamespace
    join pg_depend as dependent_depend on dependent_depend.refobjid = dependent_class.oid
        and dependent_depend.classid = 'pg_rewrite'::regclass
        and dependent_depend.refclassid = 'pg_class'::regclass
        and dependent_depend.deptype = 'i'

    -- ... and via pg_depend (that has a row per column, hence the need for "distinct" above, and
    -- making sure to exclude the internal row to avoid a view appearing to depend on itself)...
    join pg_depend as joining_depend on joining_depend.objid = dependent_depend.objid
        and joining_depend.classid = 'pg_rewrite'::regclass
        and joining_depend.refclassid = 'pg_class'::regclass
        and joining_depend.refobjid != dependent_depend.refobjid

    -- ... we can find the tables they query from in pg_class, but excluding system tables. Note we
    -- don't need need to exclude _dependent_ system tables, because they only query from other
    -- system tables, and so are automatically excluded by excluding _referenced_ system tables
    join pg_class as referenced_class on referenced_class.oid = joining_depend.refobjid
    join pg_namespace as referenced_namespace on referenced_namespace.oid = referenced_class.relnamespace
        and referenced_namespace.nspname != 'information_schema'
        and referenced_namespace.nspname not like 'pg\_%'

    order by
        dependent_schema, dependent_name, referenced_schema, referenced_name;
[0m19:16:46.214132 [debug] [MainThread]: Opening a new connection, currently in state init
[0m19:16:48.018489 [debug] [MainThread]: SQL status: SELECT 27 in 1.804 seconds
[0m19:16:48.066588 [debug] [MainThread]: Sending event: {'category': 'dbt', 'action': 'runnable_timing', 'label': 'eb245feb-2843-43fa-a4dd-3db0867a8d22', 'context': [<snowplow_tracker.self_describing_json.SelfDescribingJson object at 0x000001EE09466620>]}
[0m19:16:48.068918 [debug] [MainThread]: On master: ROLLBACK
[0m19:16:48.323538 [debug] [MainThread]: On master: COMMIT
[0m19:16:48.325832 [debug] [MainThread]: Using postgres connection "master"
[0m19:16:48.329058 [debug] [MainThread]: On master: COMMIT
[0m19:16:48.732793 [debug] [MainThread]: SQL status: COMMIT in 0.402 seconds
[0m19:16:48.734766 [debug] [MainThread]: On master: Close
[0m19:16:48.753152 [debug] [Thread-1 (]: Began running node model.shoesbr.dim_clientes_analitico
[0m19:16:48.755762 [info ] [Thread-1 (]: 1 of 3 START sql table model marts.dim_clientes_analitico ...................... [RUN]
[0m19:16:48.759551 [debug] [Thread-1 (]: Acquiring new postgres connection 'model.shoesbr.dim_clientes_analitico'
[0m19:16:48.762937 [debug] [Thread-1 (]: Began compiling node model.shoesbr.dim_clientes_analitico
[0m19:16:48.832511 [debug] [Thread-1 (]: Writing injected SQL for node "model.shoesbr.dim_clientes_analitico"
[0m19:16:48.843352 [debug] [Thread-1 (]: Began executing node model.shoesbr.dim_clientes_analitico
[0m19:16:49.043528 [debug] [Thread-1 (]: Writing runtime sql for node "model.shoesbr.dim_clientes_analitico"
[0m19:16:49.048816 [debug] [Thread-1 (]: Using postgres connection "model.shoesbr.dim_clientes_analitico"
[0m19:16:49.050622 [debug] [Thread-1 (]: On model.shoesbr.dim_clientes_analitico: /* {"app": "dbt", "dbt_version": "1.12.0b3", "profile_name": "shoesbr", "target_name": "dev", "node_id": "model.shoesbr.dim_clientes_analitico"} */

  
    

  create  table "shoesbr"."marts"."dim_clientes_analitico__dbt_tmp"
  
  
    as
  
  (
    WITH clientes AS (
    SELECT * FROM "shoesbr"."intermediate"."int_clientes"
),

vendas AS (
    SELECT * FROM "shoesbr"."intermediate"."int_vendas"
),

estornos AS (
    SELECT * FROM "shoesbr"."intermediate"."int_estorno"
)

SELECT 
    c.customer_id,
    c.customer_name,
    c.customer_email,
    c.customer_phone,
    c.customer_address,
    COALESCE(SUM(v.total_price), 0) AS total_gasto,
    COUNT(v.purchase_id) AS total_compras,
    COUNT(DISTINCT v.product_id) AS diversidade_produtos,
    COUNT(e.purchase_id) AS total_estornos
FROM clientes c
LEFT JOIN vendas v ON c.customer_id = v.customer_id
LEFT JOIN estornos e ON v.purchase_id = e.purchase_id
GROUP BY c.customer_id, c.customer_name, c.customer_email, c.customer_phone, c.customer_address
  );
  
[0m19:16:49.052377 [debug] [Thread-1 (]: Opening a new connection, currently in state init
[0m19:16:50.576475 [debug] [Thread-1 (]: SQL status: SELECT 500 in 1.524 seconds
[0m19:16:50.632529 [debug] [Thread-1 (]: Using postgres connection "model.shoesbr.dim_clientes_analitico"
[0m19:16:50.634581 [debug] [Thread-1 (]: On model.shoesbr.dim_clientes_analitico: /* {"app": "dbt", "dbt_version": "1.12.0b3", "profile_name": "shoesbr", "target_name": "dev", "node_id": "model.shoesbr.dim_clientes_analitico"} */
alter table "shoesbr"."marts"."dim_clientes_analitico" rename to "dim_clientes_analitico__dbt_backup"
[0m19:16:50.783825 [debug] [Thread-1 (]: SQL status: ALTER TABLE in 0.147 seconds
[0m19:16:50.801550 [debug] [Thread-1 (]: Using postgres connection "model.shoesbr.dim_clientes_analitico"
[0m19:16:50.803632 [debug] [Thread-1 (]: On model.shoesbr.dim_clientes_analitico: /* {"app": "dbt", "dbt_version": "1.12.0b3", "profile_name": "shoesbr", "target_name": "dev", "node_id": "model.shoesbr.dim_clientes_analitico"} */
alter table "shoesbr"."marts"."dim_clientes_analitico__dbt_tmp" rename to "dim_clientes_analitico"
[0m19:16:50.986442 [debug] [Thread-1 (]: SQL status: ALTER TABLE in 0.181 seconds
[0m19:16:51.104249 [debug] [Thread-1 (]: On model.shoesbr.dim_clientes_analitico: COMMIT
[0m19:16:51.106403 [debug] [Thread-1 (]: Using postgres connection "model.shoesbr.dim_clientes_analitico"
[0m19:16:51.108733 [debug] [Thread-1 (]: On model.shoesbr.dim_clientes_analitico: COMMIT
[0m19:16:51.255828 [debug] [Thread-1 (]: SQL status: COMMIT in 0.145 seconds
[0m19:16:51.298605 [debug] [Thread-1 (]: Applying DROP to: "shoesbr"."marts"."dim_clientes_analitico__dbt_backup"
[0m19:16:51.331250 [debug] [Thread-1 (]: Using postgres connection "model.shoesbr.dim_clientes_analitico"
[0m19:16:51.334498 [debug] [Thread-1 (]: On model.shoesbr.dim_clientes_analitico: /* {"app": "dbt", "dbt_version": "1.12.0b3", "profile_name": "shoesbr", "target_name": "dev", "node_id": "model.shoesbr.dim_clientes_analitico"} */
drop view if exists "shoesbr"."marts"."dim_clientes_analitico__dbt_backup" cascade
[0m19:16:51.484923 [debug] [Thread-1 (]: SQL status: DROP VIEW in 0.147 seconds
[0m19:16:51.499397 [debug] [Thread-1 (]: On model.shoesbr.dim_clientes_analitico: Close
[0m19:16:51.504685 [debug] [Thread-1 (]: Sending event: {'category': 'dbt', 'action': 'run_model', 'label': 'eb245feb-2843-43fa-a4dd-3db0867a8d22', 'context': [<snowplow_tracker.self_describing_json.SelfDescribingJson object at 0x000001EE065FA2B0>]}
[0m19:16:51.505946 [info ] [Thread-1 (]: 1 of 3 OK created sql table model marts.dim_clientes_analitico ................. [[32mSELECT 500[0m in 2.74s]
[0m19:16:51.507717 [debug] [Thread-1 (]: Finished running node model.shoesbr.dim_clientes_analitico
[0m19:16:51.508987 [debug] [Thread-1 (]: Began running node model.shoesbr.dim_produtos_analitico
[0m19:16:51.510479 [info ] [Thread-1 (]: 2 of 3 START sql table model marts.dim_produtos_analitico ...................... [RUN]
[0m19:16:51.512265 [debug] [Thread-1 (]: Re-using an available connection from the pool (formerly model.shoesbr.dim_clientes_analitico, now model.shoesbr.dim_produtos_analitico)
[0m19:16:51.514184 [debug] [Thread-1 (]: Began compiling node model.shoesbr.dim_produtos_analitico
[0m19:16:51.521772 [debug] [Thread-1 (]: Writing injected SQL for node "model.shoesbr.dim_produtos_analitico"
[0m19:16:51.525255 [debug] [Thread-1 (]: Began executing node model.shoesbr.dim_produtos_analitico
[0m19:16:51.535762 [debug] [Thread-1 (]: Writing runtime sql for node "model.shoesbr.dim_produtos_analitico"
[0m19:16:51.540956 [debug] [Thread-1 (]: Using postgres connection "model.shoesbr.dim_produtos_analitico"
[0m19:16:51.543339 [debug] [Thread-1 (]: On model.shoesbr.dim_produtos_analitico: /* {"app": "dbt", "dbt_version": "1.12.0b3", "profile_name": "shoesbr", "target_name": "dev", "node_id": "model.shoesbr.dim_produtos_analitico"} */

  
    

  create  table "shoesbr"."marts"."dim_produtos_analitico__dbt_tmp"
  
  
    as
  
  (
    WITH produtos AS (
    SELECT * FROM "shoesbr"."intermediate"."int_produtos"
),

vendas AS (
    SELECT * FROM "shoesbr"."intermediate"."int_vendas"
),

estornos AS (
    SELECT * FROM "shoesbr"."intermediate"."int_estorno"
)

SELECT 
    p.product_id,
    p.name_product,
    p.price_product,
    COALESCE(SUM(v.quantity), 0) AS total_vendido,
    COALESCE(SUM(v.total_price), 0) AS total_faturado,
    COALESCE(SUM(e.refund_amount), 0) AS total_estornado,
    COUNT(DISTINCT e.purchase_id) AS total_estornos
FROM produtos p
LEFT JOIN vendas v ON p.product_id = v.product_id
LEFT JOIN estornos e ON v.purchase_id = e.purchase_id
GROUP BY p.product_id, p.name_product, p.price_product
  );
  
[0m19:16:51.545040 [debug] [Thread-1 (]: Opening a new connection, currently in state closed
[0m19:16:53.213441 [debug] [Thread-1 (]: SQL status: SELECT 10 in 1.668 seconds
[0m19:16:53.232296 [debug] [Thread-1 (]: Using postgres connection "model.shoesbr.dim_produtos_analitico"
[0m19:16:53.234515 [debug] [Thread-1 (]: On model.shoesbr.dim_produtos_analitico: /* {"app": "dbt", "dbt_version": "1.12.0b3", "profile_name": "shoesbr", "target_name": "dev", "node_id": "model.shoesbr.dim_produtos_analitico"} */
alter table "shoesbr"."marts"."dim_produtos_analitico" rename to "dim_produtos_analitico__dbt_backup"
[0m19:16:53.401510 [debug] [Thread-1 (]: SQL status: ALTER TABLE in 0.165 seconds
[0m19:16:53.413386 [debug] [Thread-1 (]: Using postgres connection "model.shoesbr.dim_produtos_analitico"
[0m19:16:53.416606 [debug] [Thread-1 (]: On model.shoesbr.dim_produtos_analitico: /* {"app": "dbt", "dbt_version": "1.12.0b3", "profile_name": "shoesbr", "target_name": "dev", "node_id": "model.shoesbr.dim_produtos_analitico"} */
alter table "shoesbr"."marts"."dim_produtos_analitico__dbt_tmp" rename to "dim_produtos_analitico"
[0m19:16:53.584399 [debug] [Thread-1 (]: SQL status: ALTER TABLE in 0.166 seconds
[0m19:16:53.589371 [debug] [Thread-1 (]: On model.shoesbr.dim_produtos_analitico: COMMIT
[0m19:16:53.591275 [debug] [Thread-1 (]: Using postgres connection "model.shoesbr.dim_produtos_analitico"
[0m19:16:53.592885 [debug] [Thread-1 (]: On model.shoesbr.dim_produtos_analitico: COMMIT
[0m19:16:53.760510 [debug] [Thread-1 (]: SQL status: COMMIT in 0.166 seconds
[0m19:16:53.771958 [debug] [Thread-1 (]: Applying DROP to: "shoesbr"."marts"."dim_produtos_analitico__dbt_backup"
[0m19:16:53.774835 [debug] [Thread-1 (]: Using postgres connection "model.shoesbr.dim_produtos_analitico"
[0m19:16:53.776395 [debug] [Thread-1 (]: On model.shoesbr.dim_produtos_analitico: /* {"app": "dbt", "dbt_version": "1.12.0b3", "profile_name": "shoesbr", "target_name": "dev", "node_id": "model.shoesbr.dim_produtos_analitico"} */
drop view if exists "shoesbr"."marts"."dim_produtos_analitico__dbt_backup" cascade
[0m19:16:53.952398 [debug] [Thread-1 (]: SQL status: DROP VIEW in 0.174 seconds
[0m19:16:53.957156 [debug] [Thread-1 (]: On model.shoesbr.dim_produtos_analitico: Close
[0m19:16:53.960005 [debug] [Thread-1 (]: Sending event: {'category': 'dbt', 'action': 'run_model', 'label': 'eb245feb-2843-43fa-a4dd-3db0867a8d22', 'context': [<snowplow_tracker.self_describing_json.SelfDescribingJson object at 0x000001EE09834150>]}
[0m19:16:53.962697 [info ] [Thread-1 (]: 2 of 3 OK created sql table model marts.dim_produtos_analitico ................. [[32mSELECT 10[0m in 2.45s]
[0m19:16:53.972438 [debug] [Thread-1 (]: Finished running node model.shoesbr.dim_produtos_analitico
[0m19:16:53.974543 [debug] [Thread-1 (]: Began running node model.shoesbr.fct_vendas
[0m19:16:53.976785 [info ] [Thread-1 (]: 3 of 3 START sql table model marts.fct_vendas .................................. [RUN]
[0m19:16:54.005681 [debug] [Thread-1 (]: Re-using an available connection from the pool (formerly model.shoesbr.dim_produtos_analitico, now model.shoesbr.fct_vendas)
[0m19:16:54.007333 [debug] [Thread-1 (]: Began compiling node model.shoesbr.fct_vendas
[0m19:16:54.025538 [debug] [Thread-1 (]: Writing injected SQL for node "model.shoesbr.fct_vendas"
[0m19:16:54.029956 [debug] [Thread-1 (]: Began executing node model.shoesbr.fct_vendas
[0m19:16:54.087112 [debug] [Thread-1 (]: Writing runtime sql for node "model.shoesbr.fct_vendas"
[0m19:16:54.092120 [debug] [Thread-1 (]: Using postgres connection "model.shoesbr.fct_vendas"
[0m19:16:54.105615 [debug] [Thread-1 (]: On model.shoesbr.fct_vendas: /* {"app": "dbt", "dbt_version": "1.12.0b3", "profile_name": "shoesbr", "target_name": "dev", "node_id": "model.shoesbr.fct_vendas"} */

  
    

  create  table "shoesbr"."marts"."fct_vendas__dbt_tmp"
  
  
    as
  
  (
    WITH vendas AS (
    SELECT * FROM "shoesbr"."intermediate"."int_vendas"
),

estornos AS (
    SELECT * FROM "shoesbr"."intermediate"."int_estorno"
),

clientes AS (
    SELECT * FROM "shoesbr"."intermediate"."int_clientes"
),

produtos AS (
    SELECT * FROM "shoesbr"."intermediate"."int_produtos"
)

SELECT 
    v.purchase_id,
    v.customer_id,
    c.customer_name,
    c.customer_email,
    v.product_id,
    p.name_product,
    v.purchase_date,
    v.quantity,
    v.total_price,
    v.payment_method,
    COALESCE(e.refund_amount, 0) AS valor_estornado,
    e.refund_reason,
    (v.total_price - COALESCE(e.refund_amount, 0)) AS receita_liquida
FROM vendas v
LEFT JOIN estornos e ON v.purchase_id = e.purchase_id
LEFT JOIN clientes c ON v.customer_id = c.customer_id
LEFT JOIN produtos p ON v.product_id = p.product_id
  );
  
[0m19:16:54.108663 [debug] [Thread-1 (]: Opening a new connection, currently in state closed
[0m19:16:55.929371 [debug] [Thread-1 (]: SQL status: SELECT 5000 in 1.822 seconds
[0m19:16:55.943663 [debug] [Thread-1 (]: Using postgres connection "model.shoesbr.fct_vendas"
[0m19:16:55.945223 [debug] [Thread-1 (]: On model.shoesbr.fct_vendas: /* {"app": "dbt", "dbt_version": "1.12.0b3", "profile_name": "shoesbr", "target_name": "dev", "node_id": "model.shoesbr.fct_vendas"} */
alter table "shoesbr"."marts"."fct_vendas" rename to "fct_vendas__dbt_backup"
[0m19:16:56.208925 [debug] [Thread-1 (]: SQL status: ALTER TABLE in 0.262 seconds
[0m19:16:56.223685 [debug] [Thread-1 (]: Using postgres connection "model.shoesbr.fct_vendas"
[0m19:16:56.225677 [debug] [Thread-1 (]: On model.shoesbr.fct_vendas: /* {"app": "dbt", "dbt_version": "1.12.0b3", "profile_name": "shoesbr", "target_name": "dev", "node_id": "model.shoesbr.fct_vendas"} */
alter table "shoesbr"."marts"."fct_vendas__dbt_tmp" rename to "fct_vendas"
[0m19:16:56.414588 [debug] [Thread-1 (]: SQL status: ALTER TABLE in 0.187 seconds
[0m19:16:56.420228 [debug] [Thread-1 (]: On model.shoesbr.fct_vendas: COMMIT
[0m19:16:56.421681 [debug] [Thread-1 (]: Using postgres connection "model.shoesbr.fct_vendas"
[0m19:16:56.423393 [debug] [Thread-1 (]: On model.shoesbr.fct_vendas: COMMIT
[0m19:16:56.618218 [debug] [Thread-1 (]: SQL status: COMMIT in 0.193 seconds
[0m19:16:56.629604 [debug] [Thread-1 (]: Applying DROP to: "shoesbr"."marts"."fct_vendas__dbt_backup"
[0m19:16:56.632194 [debug] [Thread-1 (]: Using postgres connection "model.shoesbr.fct_vendas"
[0m19:16:56.633779 [debug] [Thread-1 (]: On model.shoesbr.fct_vendas: /* {"app": "dbt", "dbt_version": "1.12.0b3", "profile_name": "shoesbr", "target_name": "dev", "node_id": "model.shoesbr.fct_vendas"} */
drop view if exists "shoesbr"."marts"."fct_vendas__dbt_backup" cascade
[0m19:16:56.822942 [debug] [Thread-1 (]: SQL status: DROP VIEW in 0.187 seconds
[0m19:16:56.829074 [debug] [Thread-1 (]: On model.shoesbr.fct_vendas: Close
[0m19:16:56.832097 [debug] [Thread-1 (]: Sending event: {'category': 'dbt', 'action': 'run_model', 'label': 'eb245feb-2843-43fa-a4dd-3db0867a8d22', 'context': [<snowplow_tracker.self_describing_json.SelfDescribingJson object at 0x000001EE0ACB4210>]}
[0m19:16:56.835941 [info ] [Thread-1 (]: 3 of 3 OK created sql table model marts.fct_vendas ............................. [[32mSELECT 5000[0m in 2.83s]
[0m19:16:56.840141 [debug] [Thread-1 (]: Finished running node model.shoesbr.fct_vendas
[0m19:16:56.844485 [debug] [MainThread]: On master: COMMIT
[0m19:16:56.845991 [debug] [MainThread]: Using postgres connection "master"
[0m19:16:56.847477 [debug] [MainThread]: On master: COMMIT
[0m19:16:56.848963 [debug] [MainThread]: Opening a new connection, currently in state closed
[0m19:16:58.666291 [debug] [MainThread]: SQL status: COMMIT in 1.817 seconds
[0m19:16:58.667480 [debug] [MainThread]: On master: Close
[0m19:16:58.669403 [debug] [MainThread]: Connection 'master' was properly closed.
[0m19:16:58.671084 [debug] [MainThread]: Connection 'list_shoesbr' was properly closed.
[0m19:16:58.672354 [debug] [MainThread]: Connection 'list_shoesbr_intermediate' was properly closed.
[0m19:16:58.673402 [debug] [MainThread]: Connection 'model.shoesbr.fct_vendas' was properly closed.
[0m19:16:58.674592 [info ] [MainThread]: 
[0m19:16:58.676202 [info ] [MainThread]: Finished running 3 table models in 0 hours 0 minutes and 22.92 seconds (22.92s).
[0m19:16:58.680010 [debug] [MainThread]: Command end result
[0m19:16:58.875861 [debug] [MainThread]: Wrote artifact WritableManifest to C:\Users\User\OneDrive\Documentos\workspace\projeto-shoesbr\shoesbr\target\manifest.json
[0m19:16:58.892904 [debug] [MainThread]: Wrote artifact SemanticManifest to C:\Users\User\OneDrive\Documentos\workspace\projeto-shoesbr\shoesbr\target\semantic_manifest.json
[0m19:16:58.910509 [debug] [MainThread]: Wrote artifact OsiDocument to C:\Users\User\OneDrive\Documentos\workspace\projeto-shoesbr\shoesbr\target\osi_document.json
[0m19:16:58.952194 [debug] [MainThread]: Wrote artifact RunExecutionResult to C:\Users\User\OneDrive\Documentos\workspace\projeto-shoesbr\shoesbr\target\run_results.json
[0m19:16:58.954279 [info ] [MainThread]: 
[0m19:16:58.961433 [info ] [MainThread]: [32mCompleted successfully[0m
[0m19:16:58.964869 [info ] [MainThread]: 
[0m19:16:58.968932 [info ] [MainThread]: Done. PASS=3 WARN=0 ERROR=0 SKIP=0 NO-OP=0 REUSED=0 TOTAL=3
[0m19:16:58.977834 [warn ] [MainThread]: [[33mWARNING[0m][DeprecationsSummary]: Deprecated functionality
Summary of encountered deprecations:
- MissingArgumentsPropertyInGenericTestDeprecation: 3 occurrences
To see all deprecation instances instead of just the first occurrence of each,
run command again with the `--show-all-deprecations` flag. You may also need to
run with `--no-partial-parse` as some deprecations are only encountered during
parsing.
[0m19:16:58.984160 [debug] [MainThread]: Command `dbt run` succeeded at 19:16:58.983552 after 33.92 seconds
[0m19:16:58.987817 [debug] [MainThread]: Sending event: {'category': 'dbt', 'action': 'invocation', 'label': 'end', 'context': [<snowplow_tracker.self_describing_json.SelfDescribingJson object at 0x000001EE06574110>, <snowplow_tracker.self_describing_json.SelfDescribingJson object at 0x000001EE09151070>, <snowplow_tracker.self_describing_json.SelfDescribingJson object at 0x000001EE0AC3E510>]}
[0m19:16:58.989485 [debug] [MainThread]: Flushing usage events
[0m19:17:01.025917 [debug] [MainThread]: An error was encountered while trying to flush usage events
[0m19:35:51.877737 [debug] [MainThread]: Sending event: {'category': 'dbt', 'action': 'invocation', 'label': 'start', 'context': [<snowplow_tracker.self_describing_json.SelfDescribingJson object at 0x000001D7136ADA90>, <snowplow_tracker.self_describing_json.SelfDescribingJson object at 0x000001D715C8BD90>, <snowplow_tracker.self_describing_json.SelfDescribingJson object at 0x000001D715C8B9D0>]}


============================== 19:35:51.893961 | 8eadb9db-6318-4c79-96a4-4b1ad899acbf ==============================
[0m19:35:51.893961 [info ] [MainThread]: Running with dbt=1.12.0-b3
[0m19:35:51.895926 [debug] [MainThread]: running dbt with arguments {'static_parser': 'True', 'no_print': 'None', 'maximum_seed_size_mib': '1', 'warn_error_options': 'WarnErrorOptionsV2(error=[], warn=[], silence=[])', 'target_path': 'None', 'version_check': 'True', 'printer_width': '80', 'write_json': 'True', 'empty': 'None', 'log_cache_events': 'False', 'introspect': 'True', 'cache_selected_only': 'False', 'log_format': 'default', 'debug': 'False', 'fail_fast': 'False', 'profiles_dir': 'C:\\Users\\User\\.dbt', 'send_anonymous_usage_stats': 'True', 'quiet': 'False', 'warn_error': 'None', 'partial_parse': 'True', 'invocation_command': 'dbt docs generate', 'use_colors': 'True', 'indirect_selection': 'eager', 'use_experimental_parser': 'False', 'log_path': 'C:\\Users\\User\\OneDrive\\Documentos\\workspace\\projeto-shoesbr\\shoesbr\\logs'}
[0m19:35:52.782743 [debug] [MainThread]: Sending event: {'category': 'dbt', 'action': 'project_id', 'label': '8eadb9db-6318-4c79-96a4-4b1ad899acbf', 'context': [<snowplow_tracker.self_describing_json.SelfDescribingJson object at 0x000001D713BE9CD0>]}
[0m19:35:53.042956 [debug] [MainThread]: Sending event: {'category': 'dbt', 'action': 'adapter_info', 'label': '8eadb9db-6318-4c79-96a4-4b1ad899acbf', 'context': [<snowplow_tracker.self_describing_json.SelfDescribingJson object at 0x000001D715F34AF0>]}
[0m19:35:53.051572 [info ] [MainThread]: Registered adapter: postgres=1.10.1
[0m19:35:54.421158 [debug] [MainThread]: checksum: 12227fd57f6d3c59d667ee20c9141c06a591c2bf7db00ae7c504e78d5392bdf2, vars: {}, profile: shoesbr, target: dev, version: 1.12.0b3
[0m19:35:55.056439 [info ] [MainThread]: Unable to do partial parsing because a project config has changed
[0m19:35:55.058843 [debug] [MainThread]: Sending event: {'category': 'dbt', 'action': 'partial_parser', 'label': '8eadb9db-6318-4c79-96a4-4b1ad899acbf', 'context': [<snowplow_tracker.self_describing_json.SelfDescribingJson object at 0x000001D71632AB50>]}
[0m19:36:01.701183 [warn ] [MainThread]: [[33mWARNING[0m][MissingArgumentsPropertyInGenericTestDeprecation]: Deprecated
functionality
Found top-level arguments to test `relationships` defined on 'stg_vendas' in
package 'shoesbr' (models\staging\schema.yml). Arguments to generic tests should
be nested under the `arguments` property.
[0m19:36:01.702899 [debug] [MainThread]: Sending event: {'category': 'dbt', 'action': 'deprecation', 'label': '8eadb9db-6318-4c79-96a4-4b1ad899acbf', 'property_': 'warn', 'context': [<snowplow_tracker.self_describing_json.SelfDescribingJson object at 0x000001D7161FF020>]}
[0m19:36:02.521854 [debug] [MainThread]: Sending event: {'category': 'dbt', 'action': 'load_project', 'label': '8eadb9db-6318-4c79-96a4-4b1ad899acbf', 'context': [<snowplow_tracker.self_describing_json.SelfDescribingJson object at 0x000001D716779A90>]}
[0m19:36:02.627291 [debug] [MainThread]: Sending event: {'category': 'dbt', 'action': 'resource_counts', 'label': '8eadb9db-6318-4c79-96a4-4b1ad899acbf', 'context': [<snowplow_tracker.self_describing_json.SelfDescribingJson object at 0x000001D7169FBEE0>]}
[0m19:36:02.628807 [info ] [MainThread]: Found 11 models, 1 seed, 16 data tests, 4 sources, 476 macros
[0m19:36:02.633282 [debug] [MainThread]: Sending event: {'category': 'dbt', 'action': 'runnable_timing', 'label': '8eadb9db-6318-4c79-96a4-4b1ad899acbf', 'context': [<snowplow_tracker.self_describing_json.SelfDescribingJson object at 0x000001D71688BB90>]}
[0m19:36:02.643673 [info ] [MainThread]: 
[0m19:36:02.645856 [info ] [MainThread]: Concurrency: 1 threads (target='dev')
[0m19:36:02.650162 [info ] [MainThread]: 
[0m19:36:02.653396 [debug] [MainThread]: Acquiring new postgres connection 'master'
[0m19:36:02.680087 [debug] [ThreadPool]: Acquiring new postgres connection 'list_shoesbr_intermediate'
[0m19:36:03.057671 [debug] [ThreadPool]: Using postgres connection "list_shoesbr_intermediate"
[0m19:36:03.059021 [debug] [ThreadPool]: On list_shoesbr_intermediate: /* {"app": "dbt", "dbt_version": "1.12.0b3", "profile_name": "shoesbr", "target_name": "dev", "connection_name": "list_shoesbr_intermediate"} */
select
      'shoesbr' as database,
      tablename as name,
      schemaname as schema,
      'table' as type
    from pg_tables
    where schemaname ilike 'intermediate'
    union all
    select
      'shoesbr' as database,
      viewname as name,
      schemaname as schema,
      'view' as type
    from pg_views
    where schemaname ilike 'intermediate'
    union all
    select
      'shoesbr' as database,
      matviewname as name,
      schemaname as schema,
      'materialized_view' as type
    from pg_matviews
    where schemaname ilike 'intermediate'
  
[0m19:36:03.060233 [debug] [ThreadPool]: Opening a new connection, currently in state init
[0m19:36:04.704467 [debug] [ThreadPool]: SQL status: SELECT 4 in 1.644 seconds
[0m19:36:04.710735 [debug] [ThreadPool]: On list_shoesbr_intermediate: ROLLBACK
[0m19:36:04.926789 [debug] [ThreadPool]: On list_shoesbr_intermediate: Close
[0m19:36:04.935702 [debug] [ThreadPool]: Re-using an available connection from the pool (formerly list_shoesbr_intermediate, now list_shoesbr_marts)
[0m19:36:04.947688 [debug] [ThreadPool]: Using postgres connection "list_shoesbr_marts"
[0m19:36:04.950139 [debug] [ThreadPool]: On list_shoesbr_marts: /* {"app": "dbt", "dbt_version": "1.12.0b3", "profile_name": "shoesbr", "target_name": "dev", "connection_name": "list_shoesbr_marts"} */
select
      'shoesbr' as database,
      tablename as name,
      schemaname as schema,
      'table' as type
    from pg_tables
    where schemaname ilike 'marts'
    union all
    select
      'shoesbr' as database,
      viewname as name,
      schemaname as schema,
      'view' as type
    from pg_views
    where schemaname ilike 'marts'
    union all
    select
      'shoesbr' as database,
      matviewname as name,
      schemaname as schema,
      'materialized_view' as type
    from pg_matviews
    where schemaname ilike 'marts'
  
[0m19:36:04.952305 [debug] [ThreadPool]: Opening a new connection, currently in state closed
[0m19:36:06.564702 [debug] [ThreadPool]: SQL status: SELECT 3 in 1.612 seconds
[0m19:36:06.569783 [debug] [ThreadPool]: On list_shoesbr_marts: ROLLBACK
[0m19:36:06.769572 [debug] [ThreadPool]: On list_shoesbr_marts: Close
[0m19:36:06.772805 [debug] [ThreadPool]: Re-using an available connection from the pool (formerly list_shoesbr_marts, now list_shoesbr_landing)
[0m19:36:06.780808 [debug] [ThreadPool]: Using postgres connection "list_shoesbr_landing"
[0m19:36:06.782639 [debug] [ThreadPool]: On list_shoesbr_landing: /* {"app": "dbt", "dbt_version": "1.12.0b3", "profile_name": "shoesbr", "target_name": "dev", "connection_name": "list_shoesbr_landing"} */
select
      'shoesbr' as database,
      tablename as name,
      schemaname as schema,
      'table' as type
    from pg_tables
    where schemaname ilike 'landing'
    union all
    select
      'shoesbr' as database,
      viewname as name,
      schemaname as schema,
      'view' as type
    from pg_views
    where schemaname ilike 'landing'
    union all
    select
      'shoesbr' as database,
      matviewname as name,
      schemaname as schema,
      'materialized_view' as type
    from pg_matviews
    where schemaname ilike 'landing'
  
[0m19:36:06.784520 [debug] [ThreadPool]: Opening a new connection, currently in state closed
[0m19:36:08.321626 [debug] [ThreadPool]: SQL status: SELECT 7 in 1.537 seconds
[0m19:36:08.330014 [debug] [ThreadPool]: On list_shoesbr_landing: ROLLBACK
[0m19:36:08.480123 [debug] [ThreadPool]: On list_shoesbr_landing: Close
[0m19:36:08.484683 [debug] [ThreadPool]: Re-using an available connection from the pool (formerly list_shoesbr_landing, now list_shoesbr_staging)
[0m19:36:08.507978 [debug] [ThreadPool]: Using postgres connection "list_shoesbr_staging"
[0m19:36:08.511345 [debug] [ThreadPool]: On list_shoesbr_staging: /* {"app": "dbt", "dbt_version": "1.12.0b3", "profile_name": "shoesbr", "target_name": "dev", "connection_name": "list_shoesbr_staging"} */
select
      'shoesbr' as database,
      tablename as name,
      schemaname as schema,
      'table' as type
    from pg_tables
    where schemaname ilike 'staging'
    union all
    select
      'shoesbr' as database,
      viewname as name,
      schemaname as schema,
      'view' as type
    from pg_views
    where schemaname ilike 'staging'
    union all
    select
      'shoesbr' as database,
      matviewname as name,
      schemaname as schema,
      'materialized_view' as type
    from pg_matviews
    where schemaname ilike 'staging'
  
[0m19:36:08.513097 [debug] [ThreadPool]: Opening a new connection, currently in state closed
[0m19:36:10.155058 [debug] [ThreadPool]: SQL status: SELECT 4 in 1.642 seconds
[0m19:36:10.162539 [debug] [ThreadPool]: On list_shoesbr_staging: ROLLBACK
[0m19:36:10.309475 [debug] [ThreadPool]: On list_shoesbr_staging: Close
[0m19:36:10.333483 [debug] [MainThread]: Using postgres connection "master"
[0m19:36:10.335496 [debug] [MainThread]: On master: /* {"app": "dbt", "dbt_version": "1.12.0b3", "profile_name": "shoesbr", "target_name": "dev", "connection_name": "master"} */
select distinct
        dependent_namespace.nspname as dependent_schema,
        dependent_class.relname as dependent_name,
        referenced_namespace.nspname as referenced_schema,
        referenced_class.relname as referenced_name

    -- Query for views: views are entries in pg_class with an entry in pg_rewrite, but we avoid
    -- a seq scan on pg_rewrite by leveraging the fact there is an "internal" row in pg_depend for
    -- the view...
    from pg_class as dependent_class
    join pg_namespace as dependent_namespace on dependent_namespace.oid = dependent_class.relnamespace
    join pg_depend as dependent_depend on dependent_depend.refobjid = dependent_class.oid
        and dependent_depend.classid = 'pg_rewrite'::regclass
        and dependent_depend.refclassid = 'pg_class'::regclass
        and dependent_depend.deptype = 'i'

    -- ... and via pg_depend (that has a row per column, hence the need for "distinct" above, and
    -- making sure to exclude the internal row to avoid a view appearing to depend on itself)...
    join pg_depend as joining_depend on joining_depend.objid = dependent_depend.objid
        and joining_depend.classid = 'pg_rewrite'::regclass
        and joining_depend.refclassid = 'pg_class'::regclass
        and joining_depend.refobjid != dependent_depend.refobjid

    -- ... we can find the tables they query from in pg_class, but excluding system tables. Note we
    -- don't need need to exclude _dependent_ system tables, because they only query from other
    -- system tables, and so are automatically excluded by excluding _referenced_ system tables
    join pg_class as referenced_class on referenced_class.oid = joining_depend.refobjid
    join pg_namespace as referenced_namespace on referenced_namespace.oid = referenced_class.relnamespace
        and referenced_namespace.nspname != 'information_schema'
        and referenced_namespace.nspname not like 'pg\_%'

    order by
        dependent_schema, dependent_name, referenced_schema, referenced_name;
[0m19:36:10.341377 [debug] [MainThread]: Opening a new connection, currently in state init
[0m19:36:12.200205 [debug] [MainThread]: SQL status: SELECT 17 in 1.859 seconds
[0m19:36:12.238555 [debug] [MainThread]: Sending event: {'category': 'dbt', 'action': 'runnable_timing', 'label': '8eadb9db-6318-4c79-96a4-4b1ad899acbf', 'context': [<snowplow_tracker.self_describing_json.SelfDescribingJson object at 0x000001D7169C15A0>]}
[0m19:36:12.241723 [debug] [MainThread]: On master: ROLLBACK
[0m19:36:12.401889 [debug] [MainThread]: On master: Close
[0m19:36:12.434873 [debug] [Thread-1 (]: Began running node model.shoesbr.stg_clientes
[0m19:36:12.439359 [debug] [Thread-1 (]: Acquiring new postgres connection 'model.shoesbr.stg_clientes'
[0m19:36:12.443635 [debug] [Thread-1 (]: Began compiling node model.shoesbr.stg_clientes
[0m19:36:12.481757 [debug] [Thread-1 (]: Writing injected SQL for node "model.shoesbr.stg_clientes"
[0m19:36:12.484890 [debug] [Thread-1 (]: Began executing node model.shoesbr.stg_clientes
[0m19:36:12.487588 [debug] [Thread-1 (]: Finished running node model.shoesbr.stg_clientes
[0m19:36:12.488991 [debug] [Thread-1 (]: Began running node model.shoesbr.stg_estorno
[0m19:36:12.491361 [debug] [Thread-1 (]: Re-using an available connection from the pool (formerly model.shoesbr.stg_clientes, now model.shoesbr.stg_estorno)
[0m19:36:12.493296 [debug] [Thread-1 (]: Began compiling node model.shoesbr.stg_estorno
[0m19:36:12.501605 [debug] [Thread-1 (]: Writing injected SQL for node "model.shoesbr.stg_estorno"
[0m19:36:12.505698 [debug] [Thread-1 (]: Began executing node model.shoesbr.stg_estorno
[0m19:36:12.509056 [debug] [Thread-1 (]: Finished running node model.shoesbr.stg_estorno
[0m19:36:12.510730 [debug] [Thread-1 (]: Began running node model.shoesbr.stg_produtos
[0m19:36:12.512239 [debug] [Thread-1 (]: Re-using an available connection from the pool (formerly model.shoesbr.stg_estorno, now model.shoesbr.stg_produtos)
[0m19:36:12.514438 [debug] [Thread-1 (]: Began compiling node model.shoesbr.stg_produtos
[0m19:36:12.532665 [debug] [Thread-1 (]: Writing injected SQL for node "model.shoesbr.stg_produtos"
[0m19:36:12.536344 [debug] [Thread-1 (]: Began executing node model.shoesbr.stg_produtos
[0m19:36:12.542488 [debug] [Thread-1 (]: Finished running node model.shoesbr.stg_produtos
[0m19:36:12.544636 [debug] [Thread-1 (]: Began running node model.shoesbr.stg_vendas
[0m19:36:12.546670 [debug] [Thread-1 (]: Re-using an available connection from the pool (formerly model.shoesbr.stg_produtos, now model.shoesbr.stg_vendas)
[0m19:36:12.548450 [debug] [Thread-1 (]: Began compiling node model.shoesbr.stg_vendas
[0m19:36:12.561566 [debug] [Thread-1 (]: Writing injected SQL for node "model.shoesbr.stg_vendas"
[0m19:36:12.566077 [debug] [Thread-1 (]: Began executing node model.shoesbr.stg_vendas
[0m19:36:12.569618 [debug] [Thread-1 (]: Finished running node model.shoesbr.stg_vendas
[0m19:36:12.571634 [debug] [Thread-1 (]: Began running node seed.shoesbr.estorno
[0m19:36:12.573582 [debug] [Thread-1 (]: Re-using an available connection from the pool (formerly model.shoesbr.stg_vendas, now seed.shoesbr.estorno)
[0m19:36:12.575610 [debug] [Thread-1 (]: Began compiling node seed.shoesbr.estorno
[0m19:36:12.583503 [debug] [Thread-1 (]: Began executing node seed.shoesbr.estorno
[0m19:36:12.587203 [debug] [Thread-1 (]: Finished running node seed.shoesbr.estorno
[0m19:36:12.588977 [debug] [Thread-1 (]: Began running node test.shoesbr.not_null_stg_clientes_customer_id.455fe7c2cd
[0m19:36:12.591758 [debug] [Thread-1 (]: Re-using an available connection from the pool (formerly seed.shoesbr.estorno, now test.shoesbr.not_null_stg_clientes_customer_id.455fe7c2cd)
[0m19:36:12.593441 [debug] [Thread-1 (]: Began compiling node test.shoesbr.not_null_stg_clientes_customer_id.455fe7c2cd
[0m19:36:12.632034 [debug] [Thread-1 (]: Writing injected SQL for node "test.shoesbr.not_null_stg_clientes_customer_id.455fe7c2cd"
[0m19:36:12.635775 [debug] [Thread-1 (]: Began executing node test.shoesbr.not_null_stg_clientes_customer_id.455fe7c2cd
[0m19:36:12.638598 [debug] [Thread-1 (]: Finished running node test.shoesbr.not_null_stg_clientes_customer_id.455fe7c2cd
[0m19:36:12.640550 [debug] [Thread-1 (]: Began running node test.shoesbr.unique_stg_clientes_customer_id.4502584758
[0m19:36:12.642344 [debug] [Thread-1 (]: Re-using an available connection from the pool (formerly test.shoesbr.not_null_stg_clientes_customer_id.455fe7c2cd, now test.shoesbr.unique_stg_clientes_customer_id.4502584758)
[0m19:36:12.643873 [debug] [Thread-1 (]: Began compiling node test.shoesbr.unique_stg_clientes_customer_id.4502584758
[0m19:36:12.669669 [debug] [Thread-1 (]: Writing injected SQL for node "test.shoesbr.unique_stg_clientes_customer_id.4502584758"
[0m19:36:12.674098 [debug] [Thread-1 (]: Began executing node test.shoesbr.unique_stg_clientes_customer_id.4502584758
[0m19:36:12.677009 [debug] [Thread-1 (]: Finished running node test.shoesbr.unique_stg_clientes_customer_id.4502584758
[0m19:36:12.678501 [debug] [Thread-1 (]: Began running node model.shoesbr.int_estorno
[0m19:36:12.680195 [debug] [Thread-1 (]: Re-using an available connection from the pool (formerly test.shoesbr.unique_stg_clientes_customer_id.4502584758, now model.shoesbr.int_estorno)
[0m19:36:12.681696 [debug] [Thread-1 (]: Began compiling node model.shoesbr.int_estorno
[0m19:36:12.692807 [debug] [Thread-1 (]: Writing injected SQL for node "model.shoesbr.int_estorno"
[0m19:36:12.696218 [debug] [Thread-1 (]: Began executing node model.shoesbr.int_estorno
[0m19:36:12.701783 [debug] [Thread-1 (]: Finished running node model.shoesbr.int_estorno
[0m19:36:12.703716 [debug] [Thread-1 (]: Began running node test.shoesbr.accepted_values_stg_estorno_refund_reason__Produto_com_defeito__Arrependimento__Entrega_atrasada__Produto_incorreto__Outro.2016837f67
[0m19:36:12.705812 [debug] [Thread-1 (]: Re-using an available connection from the pool (formerly model.shoesbr.int_estorno, now test.shoesbr.accepted_values_stg_estorno_refund_reason__Produto_com_defeito__Arrependimento__Entrega_atrasada__Produto_incorreto__Outro.2016837f67)
[0m19:36:12.708593 [debug] [Thread-1 (]: Began compiling node test.shoesbr.accepted_values_stg_estorno_refund_reason__Produto_com_defeito__Arrependimento__Entrega_atrasada__Produto_incorreto__Outro.2016837f67
[0m19:36:12.726623 [debug] [Thread-1 (]: Writing injected SQL for node "test.shoesbr.accepted_values_stg_estorno_refund_reason__Produto_com_defeito__Arrependimento__Entrega_atrasada__Produto_incorreto__Outro.2016837f67"
[0m19:36:12.730077 [debug] [Thread-1 (]: Began executing node test.shoesbr.accepted_values_stg_estorno_refund_reason__Produto_com_defeito__Arrependimento__Entrega_atrasada__Produto_incorreto__Outro.2016837f67
[0m19:36:12.733804 [debug] [Thread-1 (]: Finished running node test.shoesbr.accepted_values_stg_estorno_refund_reason__Produto_com_defeito__Arrependimento__Entrega_atrasada__Produto_incorreto__Outro.2016837f67
[0m19:36:12.735871 [debug] [Thread-1 (]: Began running node test.shoesbr.not_null_stg_estorno_customer_id.b1f0e3249b
[0m19:36:12.737882 [debug] [Thread-1 (]: Re-using an available connection from the pool (formerly test.shoesbr.accepted_values_stg_estorno_refund_reason__Produto_com_defeito__Arrependimento__Entrega_atrasada__Produto_incorreto__Outro.2016837f67, now test.shoesbr.not_null_stg_estorno_customer_id.b1f0e3249b)
[0m19:36:12.739600 [debug] [Thread-1 (]: Began compiling node test.shoesbr.not_null_stg_estorno_customer_id.b1f0e3249b
[0m19:36:12.767819 [debug] [Thread-1 (]: Writing injected SQL for node "test.shoesbr.not_null_stg_estorno_customer_id.b1f0e3249b"
[0m19:36:12.771695 [debug] [Thread-1 (]: Began executing node test.shoesbr.not_null_stg_estorno_customer_id.b1f0e3249b
[0m19:36:12.775334 [debug] [Thread-1 (]: Finished running node test.shoesbr.not_null_stg_estorno_customer_id.b1f0e3249b
[0m19:36:12.777178 [debug] [Thread-1 (]: Began running node test.shoesbr.not_null_stg_estorno_product_id.e96b4b7eb4
[0m19:36:12.778951 [debug] [Thread-1 (]: Re-using an available connection from the pool (formerly test.shoesbr.not_null_stg_estorno_customer_id.b1f0e3249b, now test.shoesbr.not_null_stg_estorno_product_id.e96b4b7eb4)
[0m19:36:12.780706 [debug] [Thread-1 (]: Began compiling node test.shoesbr.not_null_stg_estorno_product_id.e96b4b7eb4
[0m19:36:12.800453 [debug] [Thread-1 (]: Writing injected SQL for node "test.shoesbr.not_null_stg_estorno_product_id.e96b4b7eb4"
[0m19:36:12.804114 [debug] [Thread-1 (]: Began executing node test.shoesbr.not_null_stg_estorno_product_id.e96b4b7eb4
[0m19:36:12.809838 [debug] [Thread-1 (]: Finished running node test.shoesbr.not_null_stg_estorno_product_id.e96b4b7eb4
[0m19:36:12.811663 [debug] [Thread-1 (]: Began running node test.shoesbr.not_null_stg_estorno_purchase_id.644654d667
[0m19:36:12.813476 [debug] [Thread-1 (]: Re-using an available connection from the pool (formerly test.shoesbr.not_null_stg_estorno_product_id.e96b4b7eb4, now test.shoesbr.not_null_stg_estorno_purchase_id.644654d667)
[0m19:36:12.814822 [debug] [Thread-1 (]: Began compiling node test.shoesbr.not_null_stg_estorno_purchase_id.644654d667
[0m19:36:12.829883 [debug] [Thread-1 (]: Writing injected SQL for node "test.shoesbr.not_null_stg_estorno_purchase_id.644654d667"
[0m19:36:12.833556 [debug] [Thread-1 (]: Began executing node test.shoesbr.not_null_stg_estorno_purchase_id.644654d667
[0m19:36:12.836607 [debug] [Thread-1 (]: Finished running node test.shoesbr.not_null_stg_estorno_purchase_id.644654d667
[0m19:36:12.838329 [debug] [Thread-1 (]: Began running node test.shoesbr.not_null_stg_estorno_refund_amount.00433992fb
[0m19:36:12.840112 [debug] [Thread-1 (]: Re-using an available connection from the pool (formerly test.shoesbr.not_null_stg_estorno_purchase_id.644654d667, now test.shoesbr.not_null_stg_estorno_refund_amount.00433992fb)
[0m19:36:12.842091 [debug] [Thread-1 (]: Began compiling node test.shoesbr.not_null_stg_estorno_refund_amount.00433992fb
[0m19:36:12.854677 [debug] [Thread-1 (]: Writing injected SQL for node "test.shoesbr.not_null_stg_estorno_refund_amount.00433992fb"
[0m19:36:12.859281 [debug] [Thread-1 (]: Began executing node test.shoesbr.not_null_stg_estorno_refund_amount.00433992fb
[0m19:36:12.862224 [debug] [Thread-1 (]: Finished running node test.shoesbr.not_null_stg_estorno_refund_amount.00433992fb
[0m19:36:12.864148 [debug] [Thread-1 (]: Began running node test.shoesbr.not_null_stg_estorno_refund_date.91729a9b00
[0m19:36:12.865990 [debug] [Thread-1 (]: Re-using an available connection from the pool (formerly test.shoesbr.not_null_stg_estorno_refund_amount.00433992fb, now test.shoesbr.not_null_stg_estorno_refund_date.91729a9b00)
[0m19:36:12.869206 [debug] [Thread-1 (]: Began compiling node test.shoesbr.not_null_stg_estorno_refund_date.91729a9b00
[0m19:36:12.884922 [debug] [Thread-1 (]: Writing injected SQL for node "test.shoesbr.not_null_stg_estorno_refund_date.91729a9b00"
[0m19:36:12.895005 [debug] [Thread-1 (]: Began executing node test.shoesbr.not_null_stg_estorno_refund_date.91729a9b00
[0m19:36:12.897612 [debug] [Thread-1 (]: Finished running node test.shoesbr.not_null_stg_estorno_refund_date.91729a9b00
[0m19:36:12.899543 [debug] [Thread-1 (]: Began running node test.shoesbr.not_null_stg_estorno_refund_reason.d80dd6c500
[0m19:36:12.902032 [debug] [Thread-1 (]: Re-using an available connection from the pool (formerly test.shoesbr.not_null_stg_estorno_refund_date.91729a9b00, now test.shoesbr.not_null_stg_estorno_refund_reason.d80dd6c500)
[0m19:36:12.903921 [debug] [Thread-1 (]: Began compiling node test.shoesbr.not_null_stg_estorno_refund_reason.d80dd6c500
[0m19:36:12.921633 [debug] [Thread-1 (]: Writing injected SQL for node "test.shoesbr.not_null_stg_estorno_refund_reason.d80dd6c500"
[0m19:36:12.926881 [debug] [Thread-1 (]: Began executing node test.shoesbr.not_null_stg_estorno_refund_reason.d80dd6c500
[0m19:36:12.930814 [debug] [Thread-1 (]: Finished running node test.shoesbr.not_null_stg_estorno_refund_reason.d80dd6c500
[0m19:36:12.932265 [debug] [Thread-1 (]: Began running node test.shoesbr.unique_stg_estorno_purchase_id.d0856c343e
[0m19:36:12.934020 [debug] [Thread-1 (]: Re-using an available connection from the pool (formerly test.shoesbr.not_null_stg_estorno_refund_reason.d80dd6c500, now test.shoesbr.unique_stg_estorno_purchase_id.d0856c343e)
[0m19:36:12.935881 [debug] [Thread-1 (]: Began compiling node test.shoesbr.unique_stg_estorno_purchase_id.d0856c343e
[0m19:36:12.948257 [debug] [Thread-1 (]: Writing injected SQL for node "test.shoesbr.unique_stg_estorno_purchase_id.d0856c343e"
[0m19:36:12.952293 [debug] [Thread-1 (]: Began executing node test.shoesbr.unique_stg_estorno_purchase_id.d0856c343e
[0m19:36:12.955983 [debug] [Thread-1 (]: Finished running node test.shoesbr.unique_stg_estorno_purchase_id.d0856c343e
[0m19:36:12.959860 [debug] [Thread-1 (]: Began running node test.shoesbr.not_null_stg_produtos_product_id.cb2e495773
[0m19:36:12.961874 [debug] [Thread-1 (]: Re-using an available connection from the pool (formerly test.shoesbr.unique_stg_estorno_purchase_id.d0856c343e, now test.shoesbr.not_null_stg_produtos_product_id.cb2e495773)
[0m19:36:12.963326 [debug] [Thread-1 (]: Began compiling node test.shoesbr.not_null_stg_produtos_product_id.cb2e495773
[0m19:36:12.977418 [debug] [Thread-1 (]: Writing injected SQL for node "test.shoesbr.not_null_stg_produtos_product_id.cb2e495773"
[0m19:36:12.980290 [debug] [Thread-1 (]: Began executing node test.shoesbr.not_null_stg_produtos_product_id.cb2e495773
[0m19:36:12.982948 [debug] [Thread-1 (]: Finished running node test.shoesbr.not_null_stg_produtos_product_id.cb2e495773
[0m19:36:12.984854 [debug] [Thread-1 (]: Began running node test.shoesbr.unique_stg_produtos_product_id.478a2f9896
[0m19:36:12.986879 [debug] [Thread-1 (]: Re-using an available connection from the pool (formerly test.shoesbr.not_null_stg_produtos_product_id.cb2e495773, now test.shoesbr.unique_stg_produtos_product_id.478a2f9896)
[0m19:36:12.988346 [debug] [Thread-1 (]: Began compiling node test.shoesbr.unique_stg_produtos_product_id.478a2f9896
[0m19:36:13.004996 [debug] [Thread-1 (]: Writing injected SQL for node "test.shoesbr.unique_stg_produtos_product_id.478a2f9896"
[0m19:36:13.009964 [debug] [Thread-1 (]: Began executing node test.shoesbr.unique_stg_produtos_product_id.478a2f9896
[0m19:36:13.013366 [debug] [Thread-1 (]: Finished running node test.shoesbr.unique_stg_produtos_product_id.478a2f9896
[0m19:36:13.014970 [debug] [Thread-1 (]: Began running node model.shoesbr.int_clientes
[0m19:36:13.016982 [debug] [Thread-1 (]: Re-using an available connection from the pool (formerly test.shoesbr.unique_stg_produtos_product_id.478a2f9896, now model.shoesbr.int_clientes)
[0m19:36:13.018392 [debug] [Thread-1 (]: Began compiling node model.shoesbr.int_clientes
[0m19:36:13.030394 [debug] [Thread-1 (]: Writing injected SQL for node "model.shoesbr.int_clientes"
[0m19:36:13.039807 [debug] [Thread-1 (]: Began executing node model.shoesbr.int_clientes
[0m19:36:13.043159 [debug] [Thread-1 (]: Finished running node model.shoesbr.int_clientes
[0m19:36:13.044972 [debug] [Thread-1 (]: Began running node model.shoesbr.int_produtos
[0m19:36:13.046778 [debug] [Thread-1 (]: Re-using an available connection from the pool (formerly model.shoesbr.int_clientes, now model.shoesbr.int_produtos)
[0m19:36:13.048218 [debug] [Thread-1 (]: Began compiling node model.shoesbr.int_produtos
[0m19:36:13.059437 [debug] [Thread-1 (]: Writing injected SQL for node "model.shoesbr.int_produtos"
[0m19:36:13.062919 [debug] [Thread-1 (]: Began executing node model.shoesbr.int_produtos
[0m19:36:13.065665 [debug] [Thread-1 (]: Finished running node model.shoesbr.int_produtos
[0m19:36:13.067214 [debug] [Thread-1 (]: Began running node model.shoesbr.int_vendas
[0m19:36:13.068830 [debug] [Thread-1 (]: Re-using an available connection from the pool (formerly model.shoesbr.int_produtos, now model.shoesbr.int_vendas)
[0m19:36:13.070429 [debug] [Thread-1 (]: Began compiling node model.shoesbr.int_vendas
[0m19:36:13.093692 [debug] [Thread-1 (]: Writing injected SQL for node "model.shoesbr.int_vendas"
[0m19:36:13.099209 [debug] [Thread-1 (]: Began executing node model.shoesbr.int_vendas
[0m19:36:13.102210 [debug] [Thread-1 (]: Finished running node model.shoesbr.int_vendas
[0m19:36:13.104155 [debug] [Thread-1 (]: Began running node test.shoesbr.not_null_stg_vendas_purchase_id.017ace8778
[0m19:36:13.106334 [debug] [Thread-1 (]: Re-using an available connection from the pool (formerly model.shoesbr.int_vendas, now test.shoesbr.not_null_stg_vendas_purchase_id.017ace8778)
[0m19:36:13.108792 [debug] [Thread-1 (]: Began compiling node test.shoesbr.not_null_stg_vendas_purchase_id.017ace8778
[0m19:36:13.128634 [debug] [Thread-1 (]: Writing injected SQL for node "test.shoesbr.not_null_stg_vendas_purchase_id.017ace8778"
[0m19:36:13.137652 [debug] [Thread-1 (]: Began executing node test.shoesbr.not_null_stg_vendas_purchase_id.017ace8778
[0m19:36:13.140465 [debug] [Thread-1 (]: Finished running node test.shoesbr.not_null_stg_vendas_purchase_id.017ace8778
[0m19:36:13.142733 [debug] [Thread-1 (]: Began running node test.shoesbr.relationships_stg_vendas_customer_id__customer_id__ref_stg_clientes_.5f6facf66a
[0m19:36:13.144530 [debug] [Thread-1 (]: Re-using an available connection from the pool (formerly test.shoesbr.not_null_stg_vendas_purchase_id.017ace8778, now test.shoesbr.relationships_stg_vendas_customer_id__customer_id__ref_stg_clientes_.5f6facf66a)
[0m19:36:13.146540 [debug] [Thread-1 (]: Began compiling node test.shoesbr.relationships_stg_vendas_customer_id__customer_id__ref_stg_clientes_.5f6facf66a
[0m19:36:13.169645 [debug] [Thread-1 (]: Writing injected SQL for node "test.shoesbr.relationships_stg_vendas_customer_id__customer_id__ref_stg_clientes_.5f6facf66a"
[0m19:36:13.175096 [debug] [Thread-1 (]: Began executing node test.shoesbr.relationships_stg_vendas_customer_id__customer_id__ref_stg_clientes_.5f6facf66a
[0m19:36:13.178081 [debug] [Thread-1 (]: Finished running node test.shoesbr.relationships_stg_vendas_customer_id__customer_id__ref_stg_clientes_.5f6facf66a
[0m19:36:13.179978 [debug] [Thread-1 (]: Began running node test.shoesbr.relationships_stg_vendas_product_id__product_id__ref_stg_produtos_.1ff89a1ffb
[0m19:36:13.181656 [debug] [Thread-1 (]: Re-using an available connection from the pool (formerly test.shoesbr.relationships_stg_vendas_customer_id__customer_id__ref_stg_clientes_.5f6facf66a, now test.shoesbr.relationships_stg_vendas_product_id__product_id__ref_stg_produtos_.1ff89a1ffb)
[0m19:36:13.183056 [debug] [Thread-1 (]: Began compiling node test.shoesbr.relationships_stg_vendas_product_id__product_id__ref_stg_produtos_.1ff89a1ffb
[0m19:36:13.197183 [debug] [Thread-1 (]: Writing injected SQL for node "test.shoesbr.relationships_stg_vendas_product_id__product_id__ref_stg_produtos_.1ff89a1ffb"
[0m19:36:13.200681 [debug] [Thread-1 (]: Began executing node test.shoesbr.relationships_stg_vendas_product_id__product_id__ref_stg_produtos_.1ff89a1ffb
[0m19:36:13.204064 [debug] [Thread-1 (]: Finished running node test.shoesbr.relationships_stg_vendas_product_id__product_id__ref_stg_produtos_.1ff89a1ffb
[0m19:36:13.206041 [debug] [Thread-1 (]: Began running node test.shoesbr.unique_stg_vendas_purchase_id.1b7f8e5d19
[0m19:36:13.209486 [debug] [Thread-1 (]: Re-using an available connection from the pool (formerly test.shoesbr.relationships_stg_vendas_product_id__product_id__ref_stg_produtos_.1ff89a1ffb, now test.shoesbr.unique_stg_vendas_purchase_id.1b7f8e5d19)
[0m19:36:13.211319 [debug] [Thread-1 (]: Began compiling node test.shoesbr.unique_stg_vendas_purchase_id.1b7f8e5d19
[0m19:36:13.223519 [debug] [Thread-1 (]: Writing injected SQL for node "test.shoesbr.unique_stg_vendas_purchase_id.1b7f8e5d19"
[0m19:36:13.227648 [debug] [Thread-1 (]: Began executing node test.shoesbr.unique_stg_vendas_purchase_id.1b7f8e5d19
[0m19:36:13.230598 [debug] [Thread-1 (]: Finished running node test.shoesbr.unique_stg_vendas_purchase_id.1b7f8e5d19
[0m19:36:13.232552 [debug] [Thread-1 (]: Began running node model.shoesbr.dim_clientes_analitico
[0m19:36:13.234106 [debug] [Thread-1 (]: Re-using an available connection from the pool (formerly test.shoesbr.unique_stg_vendas_purchase_id.1b7f8e5d19, now model.shoesbr.dim_clientes_analitico)
[0m19:36:13.235869 [debug] [Thread-1 (]: Began compiling node model.shoesbr.dim_clientes_analitico
[0m19:36:13.254047 [debug] [Thread-1 (]: Writing injected SQL for node "model.shoesbr.dim_clientes_analitico"
[0m19:36:13.261219 [debug] [Thread-1 (]: Began executing node model.shoesbr.dim_clientes_analitico
[0m19:36:13.264566 [debug] [Thread-1 (]: Finished running node model.shoesbr.dim_clientes_analitico
[0m19:36:13.266350 [debug] [Thread-1 (]: Began running node model.shoesbr.dim_produtos_analitico
[0m19:36:13.267997 [debug] [Thread-1 (]: Re-using an available connection from the pool (formerly model.shoesbr.dim_clientes_analitico, now model.shoesbr.dim_produtos_analitico)
[0m19:36:13.269301 [debug] [Thread-1 (]: Began compiling node model.shoesbr.dim_produtos_analitico
[0m19:36:13.281580 [debug] [Thread-1 (]: Writing injected SQL for node "model.shoesbr.dim_produtos_analitico"
[0m19:36:13.285058 [debug] [Thread-1 (]: Began executing node model.shoesbr.dim_produtos_analitico
[0m19:36:13.292220 [debug] [Thread-1 (]: Finished running node model.shoesbr.dim_produtos_analitico
[0m19:36:13.296653 [debug] [Thread-1 (]: Began running node model.shoesbr.fct_vendas
[0m19:36:13.299109 [debug] [Thread-1 (]: Re-using an available connection from the pool (formerly model.shoesbr.dim_produtos_analitico, now model.shoesbr.fct_vendas)
[0m19:36:13.300664 [debug] [Thread-1 (]: Began compiling node model.shoesbr.fct_vendas
[0m19:36:13.316220 [debug] [Thread-1 (]: Writing injected SQL for node "model.shoesbr.fct_vendas"
[0m19:36:13.319604 [debug] [Thread-1 (]: Began executing node model.shoesbr.fct_vendas
[0m19:36:13.322992 [debug] [Thread-1 (]: Finished running node model.shoesbr.fct_vendas
[0m19:36:13.337002 [debug] [MainThread]: Connection 'master' was properly closed.
[0m19:36:13.338092 [debug] [MainThread]: Connection 'list_shoesbr_staging' was properly closed.
[0m19:36:13.339110 [debug] [MainThread]: Connection 'model.shoesbr.fct_vendas' was properly closed.
[0m19:36:13.357930 [debug] [MainThread]: Command end result
[0m19:36:13.933238 [debug] [MainThread]: Wrote artifact WritableManifest to C:\Users\User\OneDrive\Documentos\workspace\projeto-shoesbr\shoesbr\target\manifest.json
[0m19:36:13.952556 [debug] [MainThread]: Wrote artifact SemanticManifest to C:\Users\User\OneDrive\Documentos\workspace\projeto-shoesbr\shoesbr\target\semantic_manifest.json
[0m19:36:14.088257 [debug] [MainThread]: Wrote artifact OsiDocument to C:\Users\User\OneDrive\Documentos\workspace\projeto-shoesbr\shoesbr\target\osi_document.json
[0m19:36:14.131274 [debug] [MainThread]: Wrote artifact RunExecutionResult to C:\Users\User\OneDrive\Documentos\workspace\projeto-shoesbr\shoesbr\target\run_results.json
[0m19:36:14.140139 [debug] [MainThread]: Acquiring new postgres connection 'generate_catalog'
[0m19:36:14.141540 [info ] [MainThread]: Building catalog
[0m19:36:14.228926 [debug] [ThreadPool]: Acquiring new postgres connection 'shoesbr.information_schema'
[0m19:36:14.258305 [debug] [ThreadPool]: Using postgres connection "shoesbr.information_schema"
[0m19:36:14.262078 [debug] [ThreadPool]: On shoesbr.information_schema: /* {"app": "dbt", "dbt_version": "1.12.0b3", "profile_name": "shoesbr", "target_name": "dev", "connection_name": "shoesbr.information_schema"} */

    
    

    select
        'shoesbr' as table_database,
        sch.nspname as table_schema,
        tbl.relname as table_name,
        case tbl.relkind
            when 'v' then 'VIEW'
            when 'm' then 'MATERIALIZED VIEW'
            else 'BASE TABLE'
        end as table_type,
        tbl_desc.description as table_comment,
        col.attname as column_name,
        col.attnum as column_index,
        pg_catalog.format_type(col.atttypid, col.atttypmod) as column_type,
        col_desc.description as column_comment,
        pg_get_userbyid(tbl.relowner) as table_owner

    from pg_catalog.pg_namespace sch
    join pg_catalog.pg_class tbl on tbl.relnamespace = sch.oid
    join pg_catalog.pg_attribute col on col.attrelid = tbl.oid
    left outer join pg_catalog.pg_description tbl_desc on (tbl_desc.objoid = tbl.oid and tbl_desc.objsubid = 0)
    left outer join pg_catalog.pg_description col_desc on (col_desc.objoid = tbl.oid and col_desc.objsubid = col.attnum)
    where ((upper(sch.nspname) = upper('marts') and
           upper(tbl.relname) = upper('dim_produtos_analitico')) or (upper(sch.nspname) = upper('staging') and
           upper(tbl.relname) = upper('stg_estorno')) or (upper(sch.nspname) = upper('intermediate') and
           upper(tbl.relname) = upper('int_estorno')) or (upper(sch.nspname) = upper('landing') and
           upper(tbl.relname) = upper('produtos')) or (upper(sch.nspname) = upper('marts') and
           upper(tbl.relname) = upper('fct_vendas')) or (upper(sch.nspname) = upper('staging') and
           upper(tbl.relname) = upper('stg_vendas')) or (upper(sch.nspname) = upper('intermediate') and
           upper(tbl.relname) = upper('int_clientes')) or (upper(sch.nspname) = upper('landing') and
           upper(tbl.relname) = upper('vendas')) or (upper(sch.nspname) = upper('staging') and
           upper(tbl.relname) = upper('stg_clientes')) or (upper(sch.nspname) = upper('marts') and
           upper(tbl.relname) = upper('dim_clientes_analitico')) or (upper(sch.nspname) = upper('landing') and
           upper(tbl.relname) = upper('estorno')) or (upper(sch.nspname) = upper('intermediate') and
           upper(tbl.relname) = upper('int_vendas')) or (upper(sch.nspname) = upper('landing') and
           upper(tbl.relname) = upper('clientes')) or (upper(sch.nspname) = upper('staging') and
           upper(tbl.relname) = upper('stg_produtos')) or (upper(sch.nspname) = upper('intermediate') and
           upper(tbl.relname) = upper('int_produtos')))
      and not pg_is_other_temp_schema(sch.oid) -- not a temporary schema belonging to another session
      and tbl.relpersistence in ('p', 'u') -- [p]ermanent table or [u]nlogged table. Exclude [t]emporary tables
      and tbl.relkind in ('r', 'v', 'f', 'p', 'm') -- o[r]dinary table, [v]iew, [f]oreign table, [p]artitioned table, [m]aterialized view. Other values are [i]ndex, [S]equence, [c]omposite type, [t]OAST table
      and col.attnum > 0 -- negative numbers are used for system columns such as oid
      and not col.attisdropped -- column as not been dropped

    order by
        sch.nspname,
        tbl.relname,
        col.attnum
[0m19:36:14.264176 [debug] [ThreadPool]: Opening a new connection, currently in state init
[0m19:36:16.439893 [debug] [ThreadPool]: SQL status: SELECT 98 in 2.176 seconds
[0m19:36:16.464143 [debug] [ThreadPool]: On shoesbr.information_schema: ROLLBACK
[0m19:36:16.621504 [debug] [ThreadPool]: On shoesbr.information_schema: Close
[0m19:36:16.707793 [debug] [MainThread]: Wrote artifact CatalogArtifact to C:\Users\User\OneDrive\Documentos\workspace\projeto-shoesbr\shoesbr\target\catalog.json
[0m19:36:17.019672 [debug] [MainThread]: Wrote artifact WritableManifest to C:\Users\User\OneDrive\Documentos\workspace\projeto-shoesbr\shoesbr\target\manifest.json
[0m19:36:17.039869 [debug] [MainThread]: Wrote artifact SemanticManifest to C:\Users\User\OneDrive\Documentos\workspace\projeto-shoesbr\shoesbr\target\semantic_manifest.json
[0m19:36:17.058528 [debug] [MainThread]: Wrote artifact OsiDocument to C:\Users\User\OneDrive\Documentos\workspace\projeto-shoesbr\shoesbr\target\osi_document.json
[0m19:36:17.067012 [info ] [MainThread]: Catalog written to C:\Users\User\OneDrive\Documentos\workspace\projeto-shoesbr\shoesbr\target\catalog.json
[0m19:36:17.116572 [warn ] [MainThread]: [[33mWARNING[0m][DeprecationsSummary]: Deprecated functionality
Summary of encountered deprecations:
- MissingArgumentsPropertyInGenericTestDeprecation: 3 occurrences
To see all deprecation instances instead of just the first occurrence of each,
run command again with the `--show-all-deprecations` flag. You may also need to
run with `--no-partial-parse` as some deprecations are only encountered during
parsing.
[0m19:36:17.226876 [debug] [MainThread]: Command `dbt docs generate` succeeded at 19:36:17.226349 after 25.99 seconds
[0m19:36:17.231172 [debug] [MainThread]: Connection 'generate_catalog' was properly closed.
[0m19:36:17.233375 [debug] [MainThread]: Connection 'shoesbr.information_schema' was properly closed.
[0m19:36:17.235268 [debug] [MainThread]: Sending event: {'category': 'dbt', 'action': 'invocation', 'label': 'end', 'context': [<snowplow_tracker.self_describing_json.SelfDescribingJson object at 0x000001D712E77890>, <snowplow_tracker.self_describing_json.SelfDescribingJson object at 0x000001D71699BDA0>, <snowplow_tracker.self_describing_json.SelfDescribingJson object at 0x000001D71141A9D0>]}
[0m19:36:17.238284 [debug] [MainThread]: Flushing usage events
[0m19:36:19.792693 [debug] [MainThread]: An error was encountered while trying to flush usage events
[0m19:40:27.355914 [debug] [MainThread]: Sending event: {'category': 'dbt', 'action': 'invocation', 'label': 'start', 'context': [<snowplow_tracker.self_describing_json.SelfDescribingJson object at 0x0000024B48EADA90>, <snowplow_tracker.self_describing_json.SelfDescribingJson object at 0x0000024B4B487D90>, <snowplow_tracker.self_describing_json.SelfDescribingJson object at 0x0000024B4B4879D0>]}


============================== 19:40:27.372868 | d11b9e4d-57ca-4c84-98ee-99f1dc76777b ==============================
[0m19:40:27.372868 [info ] [MainThread]: Running with dbt=1.12.0-b3
[0m19:40:27.375347 [debug] [MainThread]: running dbt with arguments {'version_check': 'True', 'no_print': 'None', 'maximum_seed_size_mib': '1', 'warn_error_options': 'WarnErrorOptionsV2(error=[], warn=[], silence=[])', 'static_parser': 'True', 'target_path': 'None', 'printer_width': '80', 'write_json': 'True', 'introspect': 'True', 'log_cache_events': 'False', 'empty': 'None', 'cache_selected_only': 'False', 'log_format': 'default', 'debug': 'False', 'fail_fast': 'False', 'profiles_dir': 'C:\\Users\\User\\.dbt', 'send_anonymous_usage_stats': 'True', 'quiet': 'False', 'warn_error': 'None', 'partial_parse': 'True', 'invocation_command': 'dbt docs generate', 'indirect_selection': 'eager', 'use_colors': 'True', 'use_experimental_parser': 'False', 'log_path': 'C:\\Users\\User\\OneDrive\\Documentos\\workspace\\projeto-shoesbr\\shoesbr\\logs'}
[0m19:40:28.260107 [debug] [MainThread]: Sending event: {'category': 'dbt', 'action': 'project_id', 'label': 'd11b9e4d-57ca-4c84-98ee-99f1dc76777b', 'context': [<snowplow_tracker.self_describing_json.SelfDescribingJson object at 0x0000024B493E9CD0>]}
[0m19:40:28.537409 [debug] [MainThread]: Sending event: {'category': 'dbt', 'action': 'adapter_info', 'label': 'd11b9e4d-57ca-4c84-98ee-99f1dc76777b', 'context': [<snowplow_tracker.self_describing_json.SelfDescribingJson object at 0x0000024B4B754AF0>]}
[0m19:40:28.548912 [info ] [MainThread]: Registered adapter: postgres=1.10.1
[0m19:40:29.848667 [debug] [MainThread]: checksum: 12227fd57f6d3c59d667ee20c9141c06a591c2bf7db00ae7c504e78d5392bdf2, vars: {}, profile: shoesbr, target: dev, version: 1.12.0b3
[0m19:40:30.708539 [debug] [MainThread]: Partial parsing enabled: 0 files deleted, 0 files added, 0 files changed.
[0m19:40:30.709948 [debug] [MainThread]: Nothing changed, skipping partial parsing.
[0m19:40:30.711227 [debug] [MainThread]: Partial parsing enabled, no changes found, skipping parsing
[0m19:40:30.917543 [debug] [MainThread]: Sending event: {'category': 'dbt', 'action': 'load_project', 'label': 'd11b9e4d-57ca-4c84-98ee-99f1dc76777b', 'context': [<snowplow_tracker.self_describing_json.SelfDescribingJson object at 0x0000024B4B524350>]}
[0m19:40:30.975972 [debug] [MainThread]: Sending event: {'category': 'dbt', 'action': 'resource_counts', 'label': 'd11b9e4d-57ca-4c84-98ee-99f1dc76777b', 'context': [<snowplow_tracker.self_describing_json.SelfDescribingJson object at 0x0000024B4BA1F3E0>]}
[0m19:40:30.978776 [info ] [MainThread]: Found 11 models, 1 seed, 16 data tests, 4 sources, 476 macros
[0m19:40:30.985477 [debug] [MainThread]: Sending event: {'category': 'dbt', 'action': 'runnable_timing', 'label': 'd11b9e4d-57ca-4c84-98ee-99f1dc76777b', 'context': [<snowplow_tracker.self_describing_json.SelfDescribingJson object at 0x0000024B4BC52CF0>]}
[0m19:40:31.003926 [info ] [MainThread]: 
[0m19:40:31.007065 [info ] [MainThread]: Concurrency: 1 threads (target='dev')
[0m19:40:31.010242 [info ] [MainThread]: 
[0m19:40:31.025143 [debug] [MainThread]: Acquiring new postgres connection 'master'
[0m19:40:31.085443 [debug] [ThreadPool]: Acquiring new postgres connection 'list_shoesbr_marts'
[0m19:40:31.489169 [debug] [ThreadPool]: Using postgres connection "list_shoesbr_marts"
[0m19:40:31.490337 [debug] [ThreadPool]: On list_shoesbr_marts: /* {"app": "dbt", "dbt_version": "1.12.0b3", "profile_name": "shoesbr", "target_name": "dev", "connection_name": "list_shoesbr_marts"} */
select
      'shoesbr' as database,
      tablename as name,
      schemaname as schema,
      'table' as type
    from pg_tables
    where schemaname ilike 'marts'
    union all
    select
      'shoesbr' as database,
      viewname as name,
      schemaname as schema,
      'view' as type
    from pg_views
    where schemaname ilike 'marts'
    union all
    select
      'shoesbr' as database,
      matviewname as name,
      schemaname as schema,
      'materialized_view' as type
    from pg_matviews
    where schemaname ilike 'marts'
  
[0m19:40:31.491546 [debug] [ThreadPool]: Opening a new connection, currently in state init
[0m19:40:33.316356 [debug] [ThreadPool]: SQL status: SELECT 3 in 1.825 seconds
[0m19:40:33.326238 [debug] [ThreadPool]: On list_shoesbr_marts: ROLLBACK
[0m19:40:33.520784 [debug] [ThreadPool]: On list_shoesbr_marts: Close
[0m19:40:33.525728 [debug] [ThreadPool]: Re-using an available connection from the pool (formerly list_shoesbr_marts, now list_shoesbr_intermediate)
[0m19:40:33.538416 [debug] [ThreadPool]: Using postgres connection "list_shoesbr_intermediate"
[0m19:40:33.541029 [debug] [ThreadPool]: On list_shoesbr_intermediate: /* {"app": "dbt", "dbt_version": "1.12.0b3", "profile_name": "shoesbr", "target_name": "dev", "connection_name": "list_shoesbr_intermediate"} */
select
      'shoesbr' as database,
      tablename as name,
      schemaname as schema,
      'table' as type
    from pg_tables
    where schemaname ilike 'intermediate'
    union all
    select
      'shoesbr' as database,
      viewname as name,
      schemaname as schema,
      'view' as type
    from pg_views
    where schemaname ilike 'intermediate'
    union all
    select
      'shoesbr' as database,
      matviewname as name,
      schemaname as schema,
      'materialized_view' as type
    from pg_matviews
    where schemaname ilike 'intermediate'
  
[0m19:40:33.543363 [debug] [ThreadPool]: Opening a new connection, currently in state closed
[0m19:40:35.057191 [debug] [ThreadPool]: SQL status: SELECT 4 in 1.514 seconds
[0m19:40:35.063883 [debug] [ThreadPool]: On list_shoesbr_intermediate: ROLLBACK
[0m19:40:35.261785 [debug] [ThreadPool]: On list_shoesbr_intermediate: Close
[0m19:40:35.266236 [debug] [ThreadPool]: Re-using an available connection from the pool (formerly list_shoesbr_intermediate, now list_shoesbr_staging)
[0m19:40:35.283630 [debug] [ThreadPool]: Using postgres connection "list_shoesbr_staging"
[0m19:40:35.286029 [debug] [ThreadPool]: On list_shoesbr_staging: /* {"app": "dbt", "dbt_version": "1.12.0b3", "profile_name": "shoesbr", "target_name": "dev", "connection_name": "list_shoesbr_staging"} */
select
      'shoesbr' as database,
      tablename as name,
      schemaname as schema,
      'table' as type
    from pg_tables
    where schemaname ilike 'staging'
    union all
    select
      'shoesbr' as database,
      viewname as name,
      schemaname as schema,
      'view' as type
    from pg_views
    where schemaname ilike 'staging'
    union all
    select
      'shoesbr' as database,
      matviewname as name,
      schemaname as schema,
      'materialized_view' as type
    from pg_matviews
    where schemaname ilike 'staging'
  
[0m19:40:35.288501 [debug] [ThreadPool]: Opening a new connection, currently in state closed
[0m19:40:37.106583 [debug] [ThreadPool]: SQL status: SELECT 4 in 1.818 seconds
[0m19:40:37.115855 [debug] [ThreadPool]: On list_shoesbr_staging: ROLLBACK
[0m19:40:37.266278 [debug] [ThreadPool]: On list_shoesbr_staging: Close
[0m19:40:37.269909 [debug] [ThreadPool]: Re-using an available connection from the pool (formerly list_shoesbr_staging, now list_shoesbr_landing)
[0m19:40:37.286330 [debug] [ThreadPool]: Using postgres connection "list_shoesbr_landing"
[0m19:40:37.288834 [debug] [ThreadPool]: On list_shoesbr_landing: /* {"app": "dbt", "dbt_version": "1.12.0b3", "profile_name": "shoesbr", "target_name": "dev", "connection_name": "list_shoesbr_landing"} */
select
      'shoesbr' as database,
      tablename as name,
      schemaname as schema,
      'table' as type
    from pg_tables
    where schemaname ilike 'landing'
    union all
    select
      'shoesbr' as database,
      viewname as name,
      schemaname as schema,
      'view' as type
    from pg_views
    where schemaname ilike 'landing'
    union all
    select
      'shoesbr' as database,
      matviewname as name,
      schemaname as schema,
      'materialized_view' as type
    from pg_matviews
    where schemaname ilike 'landing'
  
[0m19:40:37.291944 [debug] [ThreadPool]: Opening a new connection, currently in state closed
[0m19:40:38.846071 [debug] [ThreadPool]: SQL status: SELECT 7 in 1.554 seconds
[0m19:40:38.852458 [debug] [ThreadPool]: On list_shoesbr_landing: ROLLBACK
[0m19:40:39.050674 [debug] [ThreadPool]: On list_shoesbr_landing: Close
[0m19:40:39.084484 [debug] [MainThread]: Using postgres connection "master"
[0m19:40:39.086750 [debug] [MainThread]: On master: /* {"app": "dbt", "dbt_version": "1.12.0b3", "profile_name": "shoesbr", "target_name": "dev", "connection_name": "master"} */
select distinct
        dependent_namespace.nspname as dependent_schema,
        dependent_class.relname as dependent_name,
        referenced_namespace.nspname as referenced_schema,
        referenced_class.relname as referenced_name

    -- Query for views: views are entries in pg_class with an entry in pg_rewrite, but we avoid
    -- a seq scan on pg_rewrite by leveraging the fact there is an "internal" row in pg_depend for
    -- the view...
    from pg_class as dependent_class
    join pg_namespace as dependent_namespace on dependent_namespace.oid = dependent_class.relnamespace
    join pg_depend as dependent_depend on dependent_depend.refobjid = dependent_class.oid
        and dependent_depend.classid = 'pg_rewrite'::regclass
        and dependent_depend.refclassid = 'pg_class'::regclass
        and dependent_depend.deptype = 'i'

    -- ... and via pg_depend (that has a row per column, hence the need for "distinct" above, and
    -- making sure to exclude the internal row to avoid a view appearing to depend on itself)...
    join pg_depend as joining_depend on joining_depend.objid = dependent_depend.objid
        and joining_depend.classid = 'pg_rewrite'::regclass
        and joining_depend.refclassid = 'pg_class'::regclass
        and joining_depend.refobjid != dependent_depend.refobjid

    -- ... we can find the tables they query from in pg_class, but excluding system tables. Note we
    -- don't need need to exclude _dependent_ system tables, because they only query from other
    -- system tables, and so are automatically excluded by excluding _referenced_ system tables
    join pg_class as referenced_class on referenced_class.oid = joining_depend.refobjid
    join pg_namespace as referenced_namespace on referenced_namespace.oid = referenced_class.relnamespace
        and referenced_namespace.nspname != 'information_schema'
        and referenced_namespace.nspname not like 'pg\_%'

    order by
        dependent_schema, dependent_name, referenced_schema, referenced_name;
[0m19:40:39.088792 [debug] [MainThread]: Opening a new connection, currently in state init
[0m19:40:40.894564 [debug] [MainThread]: SQL status: SELECT 17 in 1.806 seconds
[0m19:40:40.924440 [debug] [MainThread]: Sending event: {'category': 'dbt', 'action': 'runnable_timing', 'label': 'd11b9e4d-57ca-4c84-98ee-99f1dc76777b', 'context': [<snowplow_tracker.self_describing_json.SelfDescribingJson object at 0x0000024B4BDABAD0>]}
[0m19:40:40.927872 [debug] [MainThread]: On master: ROLLBACK
[0m19:40:41.098452 [debug] [MainThread]: On master: Close
[0m19:40:41.137982 [debug] [Thread-1 (]: Began running node model.shoesbr.stg_clientes
[0m19:40:41.140630 [debug] [Thread-1 (]: Acquiring new postgres connection 'model.shoesbr.stg_clientes'
[0m19:40:41.144487 [debug] [Thread-1 (]: Began compiling node model.shoesbr.stg_clientes
[0m19:40:41.199849 [debug] [Thread-1 (]: Writing injected SQL for node "model.shoesbr.stg_clientes"
[0m19:40:41.205481 [debug] [Thread-1 (]: Began executing node model.shoesbr.stg_clientes
[0m19:40:41.213293 [debug] [Thread-1 (]: Finished running node model.shoesbr.stg_clientes
[0m19:40:41.216810 [debug] [Thread-1 (]: Began running node model.shoesbr.stg_estorno
[0m19:40:41.220208 [debug] [Thread-1 (]: Re-using an available connection from the pool (formerly model.shoesbr.stg_clientes, now model.shoesbr.stg_estorno)
[0m19:40:41.248474 [debug] [Thread-1 (]: Began compiling node model.shoesbr.stg_estorno
[0m19:40:41.283006 [debug] [Thread-1 (]: Writing injected SQL for node "model.shoesbr.stg_estorno"
[0m19:40:41.293478 [debug] [Thread-1 (]: Began executing node model.shoesbr.stg_estorno
[0m19:40:41.300449 [debug] [Thread-1 (]: Finished running node model.shoesbr.stg_estorno
[0m19:40:41.304008 [debug] [Thread-1 (]: Began running node model.shoesbr.stg_produtos
[0m19:40:41.307269 [debug] [Thread-1 (]: Re-using an available connection from the pool (formerly model.shoesbr.stg_estorno, now model.shoesbr.stg_produtos)
[0m19:40:41.312536 [debug] [Thread-1 (]: Began compiling node model.shoesbr.stg_produtos
[0m19:40:41.331996 [debug] [Thread-1 (]: Writing injected SQL for node "model.shoesbr.stg_produtos"
[0m19:40:41.339898 [debug] [Thread-1 (]: Began executing node model.shoesbr.stg_produtos
[0m19:40:41.348278 [debug] [Thread-1 (]: Finished running node model.shoesbr.stg_produtos
[0m19:40:41.350599 [debug] [Thread-1 (]: Began running node model.shoesbr.stg_vendas
[0m19:40:41.353290 [debug] [Thread-1 (]: Re-using an available connection from the pool (formerly model.shoesbr.stg_produtos, now model.shoesbr.stg_vendas)
[0m19:40:41.355389 [debug] [Thread-1 (]: Began compiling node model.shoesbr.stg_vendas
[0m19:40:41.368735 [debug] [Thread-1 (]: Writing injected SQL for node "model.shoesbr.stg_vendas"
[0m19:40:41.373060 [debug] [Thread-1 (]: Began executing node model.shoesbr.stg_vendas
[0m19:40:41.376606 [debug] [Thread-1 (]: Finished running node model.shoesbr.stg_vendas
[0m19:40:41.378448 [debug] [Thread-1 (]: Began running node seed.shoesbr.estorno
[0m19:40:41.380511 [debug] [Thread-1 (]: Re-using an available connection from the pool (formerly model.shoesbr.stg_vendas, now seed.shoesbr.estorno)
[0m19:40:41.382514 [debug] [Thread-1 (]: Began compiling node seed.shoesbr.estorno
[0m19:40:41.389624 [debug] [Thread-1 (]: Began executing node seed.shoesbr.estorno
[0m19:40:41.393818 [debug] [Thread-1 (]: Finished running node seed.shoesbr.estorno
[0m19:40:41.395981 [debug] [Thread-1 (]: Began running node test.shoesbr.not_null_stg_clientes_customer_id.455fe7c2cd
[0m19:40:41.397486 [debug] [Thread-1 (]: Re-using an available connection from the pool (formerly seed.shoesbr.estorno, now test.shoesbr.not_null_stg_clientes_customer_id.455fe7c2cd)
[0m19:40:41.399146 [debug] [Thread-1 (]: Began compiling node test.shoesbr.not_null_stg_clientes_customer_id.455fe7c2cd
[0m19:40:41.439665 [debug] [Thread-1 (]: Writing injected SQL for node "test.shoesbr.not_null_stg_clientes_customer_id.455fe7c2cd"
[0m19:40:41.444434 [debug] [Thread-1 (]: Began executing node test.shoesbr.not_null_stg_clientes_customer_id.455fe7c2cd
[0m19:40:41.447574 [debug] [Thread-1 (]: Finished running node test.shoesbr.not_null_stg_clientes_customer_id.455fe7c2cd
[0m19:40:41.448980 [debug] [Thread-1 (]: Began running node test.shoesbr.unique_stg_clientes_customer_id.4502584758
[0m19:40:41.450300 [debug] [Thread-1 (]: Re-using an available connection from the pool (formerly test.shoesbr.not_null_stg_clientes_customer_id.455fe7c2cd, now test.shoesbr.unique_stg_clientes_customer_id.4502584758)
[0m19:40:41.451457 [debug] [Thread-1 (]: Began compiling node test.shoesbr.unique_stg_clientes_customer_id.4502584758
[0m19:40:41.469123 [debug] [Thread-1 (]: Writing injected SQL for node "test.shoesbr.unique_stg_clientes_customer_id.4502584758"
[0m19:40:41.474260 [debug] [Thread-1 (]: Began executing node test.shoesbr.unique_stg_clientes_customer_id.4502584758
[0m19:40:41.478921 [debug] [Thread-1 (]: Finished running node test.shoesbr.unique_stg_clientes_customer_id.4502584758
[0m19:40:41.481056 [debug] [Thread-1 (]: Began running node model.shoesbr.int_estorno
[0m19:40:41.487364 [debug] [Thread-1 (]: Re-using an available connection from the pool (formerly test.shoesbr.unique_stg_clientes_customer_id.4502584758, now model.shoesbr.int_estorno)
[0m19:40:41.488787 [debug] [Thread-1 (]: Began compiling node model.shoesbr.int_estorno
[0m19:40:41.501718 [debug] [Thread-1 (]: Writing injected SQL for node "model.shoesbr.int_estorno"
[0m19:40:41.505296 [debug] [Thread-1 (]: Began executing node model.shoesbr.int_estorno
[0m19:40:41.508528 [debug] [Thread-1 (]: Finished running node model.shoesbr.int_estorno
[0m19:40:41.510896 [debug] [Thread-1 (]: Began running node test.shoesbr.accepted_values_stg_estorno_refund_reason__Produto_com_defeito__Arrependimento__Entrega_atrasada__Produto_incorreto__Outro.2016837f67
[0m19:40:41.512714 [debug] [Thread-1 (]: Re-using an available connection from the pool (formerly model.shoesbr.int_estorno, now test.shoesbr.accepted_values_stg_estorno_refund_reason__Produto_com_defeito__Arrependimento__Entrega_atrasada__Produto_incorreto__Outro.2016837f67)
[0m19:40:41.514147 [debug] [Thread-1 (]: Began compiling node test.shoesbr.accepted_values_stg_estorno_refund_reason__Produto_com_defeito__Arrependimento__Entrega_atrasada__Produto_incorreto__Outro.2016837f67
[0m19:40:41.620803 [debug] [Thread-1 (]: Writing injected SQL for node "test.shoesbr.accepted_values_stg_estorno_refund_reason__Produto_com_defeito__Arrependimento__Entrega_atrasada__Produto_incorreto__Outro.2016837f67"
[0m19:40:41.635063 [debug] [Thread-1 (]: Began executing node test.shoesbr.accepted_values_stg_estorno_refund_reason__Produto_com_defeito__Arrependimento__Entrega_atrasada__Produto_incorreto__Outro.2016837f67
[0m19:40:41.638820 [debug] [Thread-1 (]: Finished running node test.shoesbr.accepted_values_stg_estorno_refund_reason__Produto_com_defeito__Arrependimento__Entrega_atrasada__Produto_incorreto__Outro.2016837f67
[0m19:40:41.640306 [debug] [Thread-1 (]: Began running node test.shoesbr.not_null_stg_estorno_customer_id.b1f0e3249b
[0m19:40:41.641968 [debug] [Thread-1 (]: Re-using an available connection from the pool (formerly test.shoesbr.accepted_values_stg_estorno_refund_reason__Produto_com_defeito__Arrependimento__Entrega_atrasada__Produto_incorreto__Outro.2016837f67, now test.shoesbr.not_null_stg_estorno_customer_id.b1f0e3249b)
[0m19:40:41.646054 [debug] [Thread-1 (]: Began compiling node test.shoesbr.not_null_stg_estorno_customer_id.b1f0e3249b
[0m19:40:41.669925 [debug] [Thread-1 (]: Writing injected SQL for node "test.shoesbr.not_null_stg_estorno_customer_id.b1f0e3249b"
[0m19:40:41.673154 [debug] [Thread-1 (]: Began executing node test.shoesbr.not_null_stg_estorno_customer_id.b1f0e3249b
[0m19:40:41.680007 [debug] [Thread-1 (]: Finished running node test.shoesbr.not_null_stg_estorno_customer_id.b1f0e3249b
[0m19:40:41.681848 [debug] [Thread-1 (]: Began running node test.shoesbr.not_null_stg_estorno_product_id.e96b4b7eb4
[0m19:40:41.685155 [debug] [Thread-1 (]: Re-using an available connection from the pool (formerly test.shoesbr.not_null_stg_estorno_customer_id.b1f0e3249b, now test.shoesbr.not_null_stg_estorno_product_id.e96b4b7eb4)
[0m19:40:41.686549 [debug] [Thread-1 (]: Began compiling node test.shoesbr.not_null_stg_estorno_product_id.e96b4b7eb4
[0m19:40:41.701648 [debug] [Thread-1 (]: Writing injected SQL for node "test.shoesbr.not_null_stg_estorno_product_id.e96b4b7eb4"
[0m19:40:41.705447 [debug] [Thread-1 (]: Began executing node test.shoesbr.not_null_stg_estorno_product_id.e96b4b7eb4
[0m19:40:41.713816 [debug] [Thread-1 (]: Finished running node test.shoesbr.not_null_stg_estorno_product_id.e96b4b7eb4
[0m19:40:41.716024 [debug] [Thread-1 (]: Began running node test.shoesbr.not_null_stg_estorno_purchase_id.644654d667
[0m19:40:41.718066 [debug] [Thread-1 (]: Re-using an available connection from the pool (formerly test.shoesbr.not_null_stg_estorno_product_id.e96b4b7eb4, now test.shoesbr.not_null_stg_estorno_purchase_id.644654d667)
[0m19:40:41.720064 [debug] [Thread-1 (]: Began compiling node test.shoesbr.not_null_stg_estorno_purchase_id.644654d667
[0m19:40:41.734749 [debug] [Thread-1 (]: Writing injected SQL for node "test.shoesbr.not_null_stg_estorno_purchase_id.644654d667"
[0m19:40:41.740912 [debug] [Thread-1 (]: Began executing node test.shoesbr.not_null_stg_estorno_purchase_id.644654d667
[0m19:40:41.750772 [debug] [Thread-1 (]: Finished running node test.shoesbr.not_null_stg_estorno_purchase_id.644654d667
[0m19:40:41.753661 [debug] [Thread-1 (]: Began running node test.shoesbr.not_null_stg_estorno_refund_amount.00433992fb
[0m19:40:41.755760 [debug] [Thread-1 (]: Re-using an available connection from the pool (formerly test.shoesbr.not_null_stg_estorno_purchase_id.644654d667, now test.shoesbr.not_null_stg_estorno_refund_amount.00433992fb)
[0m19:40:41.758671 [debug] [Thread-1 (]: Began compiling node test.shoesbr.not_null_stg_estorno_refund_amount.00433992fb
[0m19:40:41.780368 [debug] [Thread-1 (]: Writing injected SQL for node "test.shoesbr.not_null_stg_estorno_refund_amount.00433992fb"
[0m19:40:41.784262 [debug] [Thread-1 (]: Began executing node test.shoesbr.not_null_stg_estorno_refund_amount.00433992fb
[0m19:40:41.789731 [debug] [Thread-1 (]: Finished running node test.shoesbr.not_null_stg_estorno_refund_amount.00433992fb
[0m19:40:41.792421 [debug] [Thread-1 (]: Began running node test.shoesbr.not_null_stg_estorno_refund_date.91729a9b00
[0m19:40:41.797339 [debug] [Thread-1 (]: Re-using an available connection from the pool (formerly test.shoesbr.not_null_stg_estorno_refund_amount.00433992fb, now test.shoesbr.not_null_stg_estorno_refund_date.91729a9b00)
[0m19:40:41.800991 [debug] [Thread-1 (]: Began compiling node test.shoesbr.not_null_stg_estorno_refund_date.91729a9b00
[0m19:40:41.825833 [debug] [Thread-1 (]: Writing injected SQL for node "test.shoesbr.not_null_stg_estorno_refund_date.91729a9b00"
[0m19:40:41.855600 [debug] [Thread-1 (]: Began executing node test.shoesbr.not_null_stg_estorno_refund_date.91729a9b00
[0m19:40:41.858592 [debug] [Thread-1 (]: Finished running node test.shoesbr.not_null_stg_estorno_refund_date.91729a9b00
[0m19:40:41.862374 [debug] [Thread-1 (]: Began running node test.shoesbr.not_null_stg_estorno_refund_reason.d80dd6c500
[0m19:40:41.864069 [debug] [Thread-1 (]: Re-using an available connection from the pool (formerly test.shoesbr.not_null_stg_estorno_refund_date.91729a9b00, now test.shoesbr.not_null_stg_estorno_refund_reason.d80dd6c500)
[0m19:40:41.865754 [debug] [Thread-1 (]: Began compiling node test.shoesbr.not_null_stg_estorno_refund_reason.d80dd6c500
[0m19:40:41.887070 [debug] [Thread-1 (]: Writing injected SQL for node "test.shoesbr.not_null_stg_estorno_refund_reason.d80dd6c500"
[0m19:40:41.892047 [debug] [Thread-1 (]: Began executing node test.shoesbr.not_null_stg_estorno_refund_reason.d80dd6c500
[0m19:40:41.899749 [debug] [Thread-1 (]: Finished running node test.shoesbr.not_null_stg_estorno_refund_reason.d80dd6c500
[0m19:40:41.902335 [debug] [Thread-1 (]: Began running node test.shoesbr.unique_stg_estorno_purchase_id.d0856c343e
[0m19:40:41.903813 [debug] [Thread-1 (]: Re-using an available connection from the pool (formerly test.shoesbr.not_null_stg_estorno_refund_reason.d80dd6c500, now test.shoesbr.unique_stg_estorno_purchase_id.d0856c343e)
[0m19:40:41.905660 [debug] [Thread-1 (]: Began compiling node test.shoesbr.unique_stg_estorno_purchase_id.d0856c343e
[0m19:40:41.923974 [debug] [Thread-1 (]: Writing injected SQL for node "test.shoesbr.unique_stg_estorno_purchase_id.d0856c343e"
[0m19:40:41.932012 [debug] [Thread-1 (]: Began executing node test.shoesbr.unique_stg_estorno_purchase_id.d0856c343e
[0m19:40:41.936844 [debug] [Thread-1 (]: Finished running node test.shoesbr.unique_stg_estorno_purchase_id.d0856c343e
[0m19:40:41.939589 [debug] [Thread-1 (]: Began running node test.shoesbr.not_null_stg_produtos_product_id.cb2e495773
[0m19:40:41.946815 [debug] [Thread-1 (]: Re-using an available connection from the pool (formerly test.shoesbr.unique_stg_estorno_purchase_id.d0856c343e, now test.shoesbr.not_null_stg_produtos_product_id.cb2e495773)
[0m19:40:41.948441 [debug] [Thread-1 (]: Began compiling node test.shoesbr.not_null_stg_produtos_product_id.cb2e495773
[0m19:40:41.963147 [debug] [Thread-1 (]: Writing injected SQL for node "test.shoesbr.not_null_stg_produtos_product_id.cb2e495773"
[0m19:40:41.966490 [debug] [Thread-1 (]: Began executing node test.shoesbr.not_null_stg_produtos_product_id.cb2e495773
[0m19:40:41.969384 [debug] [Thread-1 (]: Finished running node test.shoesbr.not_null_stg_produtos_product_id.cb2e495773
[0m19:40:41.971168 [debug] [Thread-1 (]: Began running node test.shoesbr.unique_stg_produtos_product_id.478a2f9896
[0m19:40:41.972425 [debug] [Thread-1 (]: Re-using an available connection from the pool (formerly test.shoesbr.not_null_stg_produtos_product_id.cb2e495773, now test.shoesbr.unique_stg_produtos_product_id.478a2f9896)
[0m19:40:41.973522 [debug] [Thread-1 (]: Began compiling node test.shoesbr.unique_stg_produtos_product_id.478a2f9896
[0m19:40:41.990235 [debug] [Thread-1 (]: Writing injected SQL for node "test.shoesbr.unique_stg_produtos_product_id.478a2f9896"
[0m19:40:41.999717 [debug] [Thread-1 (]: Began executing node test.shoesbr.unique_stg_produtos_product_id.478a2f9896
[0m19:40:42.002887 [debug] [Thread-1 (]: Finished running node test.shoesbr.unique_stg_produtos_product_id.478a2f9896
[0m19:40:42.004386 [debug] [Thread-1 (]: Began running node model.shoesbr.int_clientes
[0m19:40:42.005953 [debug] [Thread-1 (]: Re-using an available connection from the pool (formerly test.shoesbr.unique_stg_produtos_product_id.478a2f9896, now model.shoesbr.int_clientes)
[0m19:40:42.007545 [debug] [Thread-1 (]: Began compiling node model.shoesbr.int_clientes
[0m19:40:42.038456 [debug] [Thread-1 (]: Writing injected SQL for node "model.shoesbr.int_clientes"
[0m19:40:42.063232 [debug] [Thread-1 (]: Began executing node model.shoesbr.int_clientes
[0m19:40:42.066505 [debug] [Thread-1 (]: Finished running node model.shoesbr.int_clientes
[0m19:40:42.068528 [debug] [Thread-1 (]: Began running node model.shoesbr.int_produtos
[0m19:40:42.070533 [debug] [Thread-1 (]: Re-using an available connection from the pool (formerly model.shoesbr.int_clientes, now model.shoesbr.int_produtos)
[0m19:40:42.072201 [debug] [Thread-1 (]: Began compiling node model.shoesbr.int_produtos
[0m19:40:42.085668 [debug] [Thread-1 (]: Writing injected SQL for node "model.shoesbr.int_produtos"
[0m19:40:42.090311 [debug] [Thread-1 (]: Began executing node model.shoesbr.int_produtos
[0m19:40:42.094743 [debug] [Thread-1 (]: Finished running node model.shoesbr.int_produtos
[0m19:40:42.096559 [debug] [Thread-1 (]: Began running node model.shoesbr.int_vendas
[0m19:40:42.098684 [debug] [Thread-1 (]: Re-using an available connection from the pool (formerly model.shoesbr.int_produtos, now model.shoesbr.int_vendas)
[0m19:40:42.100354 [debug] [Thread-1 (]: Began compiling node model.shoesbr.int_vendas
[0m19:40:42.112245 [debug] [Thread-1 (]: Writing injected SQL for node "model.shoesbr.int_vendas"
[0m19:40:42.115523 [debug] [Thread-1 (]: Began executing node model.shoesbr.int_vendas
[0m19:40:42.118374 [debug] [Thread-1 (]: Finished running node model.shoesbr.int_vendas
[0m19:40:42.120137 [debug] [Thread-1 (]: Began running node test.shoesbr.not_null_stg_vendas_purchase_id.017ace8778
[0m19:40:42.121308 [debug] [Thread-1 (]: Re-using an available connection from the pool (formerly model.shoesbr.int_vendas, now test.shoesbr.not_null_stg_vendas_purchase_id.017ace8778)
[0m19:40:42.122955 [debug] [Thread-1 (]: Began compiling node test.shoesbr.not_null_stg_vendas_purchase_id.017ace8778
[0m19:40:42.137389 [debug] [Thread-1 (]: Writing injected SQL for node "test.shoesbr.not_null_stg_vendas_purchase_id.017ace8778"
[0m19:40:42.144551 [debug] [Thread-1 (]: Began executing node test.shoesbr.not_null_stg_vendas_purchase_id.017ace8778
[0m19:40:42.150240 [debug] [Thread-1 (]: Finished running node test.shoesbr.not_null_stg_vendas_purchase_id.017ace8778
[0m19:40:42.152342 [debug] [Thread-1 (]: Began running node test.shoesbr.relationships_stg_vendas_customer_id__customer_id__ref_stg_clientes_.5f6facf66a
[0m19:40:42.154023 [debug] [Thread-1 (]: Re-using an available connection from the pool (formerly test.shoesbr.not_null_stg_vendas_purchase_id.017ace8778, now test.shoesbr.relationships_stg_vendas_customer_id__customer_id__ref_stg_clientes_.5f6facf66a)
[0m19:40:42.155516 [debug] [Thread-1 (]: Began compiling node test.shoesbr.relationships_stg_vendas_customer_id__customer_id__ref_stg_clientes_.5f6facf66a
[0m19:40:42.186487 [debug] [Thread-1 (]: Writing injected SQL for node "test.shoesbr.relationships_stg_vendas_customer_id__customer_id__ref_stg_clientes_.5f6facf66a"
[0m19:40:42.190326 [debug] [Thread-1 (]: Began executing node test.shoesbr.relationships_stg_vendas_customer_id__customer_id__ref_stg_clientes_.5f6facf66a
[0m19:40:42.194781 [debug] [Thread-1 (]: Finished running node test.shoesbr.relationships_stg_vendas_customer_id__customer_id__ref_stg_clientes_.5f6facf66a
[0m19:40:42.196543 [debug] [Thread-1 (]: Began running node test.shoesbr.relationships_stg_vendas_product_id__product_id__ref_stg_produtos_.1ff89a1ffb
[0m19:40:42.198134 [debug] [Thread-1 (]: Re-using an available connection from the pool (formerly test.shoesbr.relationships_stg_vendas_customer_id__customer_id__ref_stg_clientes_.5f6facf66a, now test.shoesbr.relationships_stg_vendas_product_id__product_id__ref_stg_produtos_.1ff89a1ffb)
[0m19:40:42.199638 [debug] [Thread-1 (]: Began compiling node test.shoesbr.relationships_stg_vendas_product_id__product_id__ref_stg_produtos_.1ff89a1ffb
[0m19:40:42.219640 [debug] [Thread-1 (]: Writing injected SQL for node "test.shoesbr.relationships_stg_vendas_product_id__product_id__ref_stg_produtos_.1ff89a1ffb"
[0m19:40:42.225200 [debug] [Thread-1 (]: Began executing node test.shoesbr.relationships_stg_vendas_product_id__product_id__ref_stg_produtos_.1ff89a1ffb
[0m19:40:42.230640 [debug] [Thread-1 (]: Finished running node test.shoesbr.relationships_stg_vendas_product_id__product_id__ref_stg_produtos_.1ff89a1ffb
[0m19:40:42.232911 [debug] [Thread-1 (]: Began running node test.shoesbr.unique_stg_vendas_purchase_id.1b7f8e5d19
[0m19:40:42.235674 [debug] [Thread-1 (]: Re-using an available connection from the pool (formerly test.shoesbr.relationships_stg_vendas_product_id__product_id__ref_stg_produtos_.1ff89a1ffb, now test.shoesbr.unique_stg_vendas_purchase_id.1b7f8e5d19)
[0m19:40:42.237357 [debug] [Thread-1 (]: Began compiling node test.shoesbr.unique_stg_vendas_purchase_id.1b7f8e5d19
[0m19:40:42.260467 [debug] [Thread-1 (]: Writing injected SQL for node "test.shoesbr.unique_stg_vendas_purchase_id.1b7f8e5d19"
[0m19:40:42.267848 [debug] [Thread-1 (]: Began executing node test.shoesbr.unique_stg_vendas_purchase_id.1b7f8e5d19
[0m19:40:42.272541 [debug] [Thread-1 (]: Finished running node test.shoesbr.unique_stg_vendas_purchase_id.1b7f8e5d19
[0m19:40:42.275252 [debug] [Thread-1 (]: Began running node model.shoesbr.dim_clientes_analitico
[0m19:40:42.279030 [debug] [Thread-1 (]: Re-using an available connection from the pool (formerly test.shoesbr.unique_stg_vendas_purchase_id.1b7f8e5d19, now model.shoesbr.dim_clientes_analitico)
[0m19:40:42.281384 [debug] [Thread-1 (]: Began compiling node model.shoesbr.dim_clientes_analitico
[0m19:40:42.294477 [debug] [Thread-1 (]: Writing injected SQL for node "model.shoesbr.dim_clientes_analitico"
[0m19:40:42.300128 [debug] [Thread-1 (]: Began executing node model.shoesbr.dim_clientes_analitico
[0m19:40:42.303260 [debug] [Thread-1 (]: Finished running node model.shoesbr.dim_clientes_analitico
[0m19:40:42.305834 [debug] [Thread-1 (]: Began running node model.shoesbr.dim_produtos_analitico
[0m19:40:42.307534 [debug] [Thread-1 (]: Re-using an available connection from the pool (formerly model.shoesbr.dim_clientes_analitico, now model.shoesbr.dim_produtos_analitico)
[0m19:40:42.309147 [debug] [Thread-1 (]: Began compiling node model.shoesbr.dim_produtos_analitico
[0m19:40:42.324510 [debug] [Thread-1 (]: Writing injected SQL for node "model.shoesbr.dim_produtos_analitico"
[0m19:40:42.328769 [debug] [Thread-1 (]: Began executing node model.shoesbr.dim_produtos_analitico
[0m19:40:42.332116 [debug] [Thread-1 (]: Finished running node model.shoesbr.dim_produtos_analitico
[0m19:40:42.338794 [debug] [Thread-1 (]: Began running node model.shoesbr.fct_vendas
[0m19:40:42.342881 [debug] [Thread-1 (]: Re-using an available connection from the pool (formerly model.shoesbr.dim_produtos_analitico, now model.shoesbr.fct_vendas)
[0m19:40:42.346759 [debug] [Thread-1 (]: Began compiling node model.shoesbr.fct_vendas
[0m19:40:42.358715 [debug] [Thread-1 (]: Writing injected SQL for node "model.shoesbr.fct_vendas"
[0m19:40:42.365266 [debug] [Thread-1 (]: Began executing node model.shoesbr.fct_vendas
[0m19:40:42.368740 [debug] [Thread-1 (]: Finished running node model.shoesbr.fct_vendas
[0m19:40:42.371567 [debug] [MainThread]: Connection 'master' was properly closed.
[0m19:40:42.372737 [debug] [MainThread]: Connection 'list_shoesbr_landing' was properly closed.
[0m19:40:42.374083 [debug] [MainThread]: Connection 'model.shoesbr.fct_vendas' was properly closed.
[0m19:40:42.394213 [debug] [MainThread]: Command end result
[0m19:40:43.068288 [debug] [MainThread]: Wrote artifact WritableManifest to C:\Users\User\OneDrive\Documentos\workspace\projeto-shoesbr\shoesbr\target\manifest.json
[0m19:40:43.103792 [debug] [MainThread]: Wrote artifact SemanticManifest to C:\Users\User\OneDrive\Documentos\workspace\projeto-shoesbr\shoesbr\target\semantic_manifest.json
[0m19:40:43.222853 [debug] [MainThread]: Wrote artifact OsiDocument to C:\Users\User\OneDrive\Documentos\workspace\projeto-shoesbr\shoesbr\target\osi_document.json
[0m19:40:43.271131 [debug] [MainThread]: Wrote artifact RunExecutionResult to C:\Users\User\OneDrive\Documentos\workspace\projeto-shoesbr\shoesbr\target\run_results.json
[0m19:40:43.282777 [debug] [MainThread]: Acquiring new postgres connection 'generate_catalog'
[0m19:40:43.284125 [info ] [MainThread]: Building catalog
[0m19:40:43.337987 [debug] [ThreadPool]: Acquiring new postgres connection 'shoesbr.information_schema'
[0m19:40:43.389920 [debug] [ThreadPool]: Using postgres connection "shoesbr.information_schema"
[0m19:40:43.391362 [debug] [ThreadPool]: On shoesbr.information_schema: /* {"app": "dbt", "dbt_version": "1.12.0b3", "profile_name": "shoesbr", "target_name": "dev", "connection_name": "shoesbr.information_schema"} */

    
    

    select
        'shoesbr' as table_database,
        sch.nspname as table_schema,
        tbl.relname as table_name,
        case tbl.relkind
            when 'v' then 'VIEW'
            when 'm' then 'MATERIALIZED VIEW'
            else 'BASE TABLE'
        end as table_type,
        tbl_desc.description as table_comment,
        col.attname as column_name,
        col.attnum as column_index,
        pg_catalog.format_type(col.atttypid, col.atttypmod) as column_type,
        col_desc.description as column_comment,
        pg_get_userbyid(tbl.relowner) as table_owner

    from pg_catalog.pg_namespace sch
    join pg_catalog.pg_class tbl on tbl.relnamespace = sch.oid
    join pg_catalog.pg_attribute col on col.attrelid = tbl.oid
    left outer join pg_catalog.pg_description tbl_desc on (tbl_desc.objoid = tbl.oid and tbl_desc.objsubid = 0)
    left outer join pg_catalog.pg_description col_desc on (col_desc.objoid = tbl.oid and col_desc.objsubid = col.attnum)
    where ((upper(sch.nspname) = upper('intermediate') and
           upper(tbl.relname) = upper('int_produtos')) or (upper(sch.nspname) = upper('staging') and
           upper(tbl.relname) = upper('stg_estorno')) or (upper(sch.nspname) = upper('staging') and
           upper(tbl.relname) = upper('stg_vendas')) or (upper(sch.nspname) = upper('intermediate') and
           upper(tbl.relname) = upper('int_clientes')) or (upper(sch.nspname) = upper('staging') and
           upper(tbl.relname) = upper('stg_clientes')) or (upper(sch.nspname) = upper('landing') and
           upper(tbl.relname) = upper('produtos')) or (upper(sch.nspname) = upper('staging') and
           upper(tbl.relname) = upper('stg_produtos')) or (upper(sch.nspname) = upper('intermediate') and
           upper(tbl.relname) = upper('int_estorno')) or (upper(sch.nspname) = upper('marts') and
           upper(tbl.relname) = upper('dim_clientes_analitico')) or (upper(sch.nspname) = upper('landing') and
           upper(tbl.relname) = upper('clientes')) or (upper(sch.nspname) = upper('landing') and
           upper(tbl.relname) = upper('vendas')) or (upper(sch.nspname) = upper('landing') and
           upper(tbl.relname) = upper('estorno')) or (upper(sch.nspname) = upper('marts') and
           upper(tbl.relname) = upper('dim_produtos_analitico')) or (upper(sch.nspname) = upper('marts') and
           upper(tbl.relname) = upper('fct_vendas')) or (upper(sch.nspname) = upper('intermediate') and
           upper(tbl.relname) = upper('int_vendas')))
      and not pg_is_other_temp_schema(sch.oid) -- not a temporary schema belonging to another session
      and tbl.relpersistence in ('p', 'u') -- [p]ermanent table or [u]nlogged table. Exclude [t]emporary tables
      and tbl.relkind in ('r', 'v', 'f', 'p', 'm') -- o[r]dinary table, [v]iew, [f]oreign table, [p]artitioned table, [m]aterialized view. Other values are [i]ndex, [S]equence, [c]omposite type, [t]OAST table
      and col.attnum > 0 -- negative numbers are used for system columns such as oid
      and not col.attisdropped -- column as not been dropped

    order by
        sch.nspname,
        tbl.relname,
        col.attnum
[0m19:40:43.392903 [debug] [ThreadPool]: Opening a new connection, currently in state init
[0m19:40:45.194836 [debug] [ThreadPool]: SQL status: SELECT 98 in 1.802 seconds
[0m19:40:45.213880 [debug] [ThreadPool]: On shoesbr.information_schema: ROLLBACK
[0m19:40:45.375244 [debug] [ThreadPool]: On shoesbr.information_schema: Close
[0m19:40:45.509491 [debug] [MainThread]: Wrote artifact CatalogArtifact to C:\Users\User\OneDrive\Documentos\workspace\projeto-shoesbr\shoesbr\target\catalog.json
[0m19:40:45.736502 [debug] [MainThread]: Wrote artifact WritableManifest to C:\Users\User\OneDrive\Documentos\workspace\projeto-shoesbr\shoesbr\target\manifest.json
[0m19:40:45.750395 [debug] [MainThread]: Wrote artifact SemanticManifest to C:\Users\User\OneDrive\Documentos\workspace\projeto-shoesbr\shoesbr\target\semantic_manifest.json
[0m19:40:45.760384 [debug] [MainThread]: Wrote artifact OsiDocument to C:\Users\User\OneDrive\Documentos\workspace\projeto-shoesbr\shoesbr\target\osi_document.json
[0m19:40:45.761935 [info ] [MainThread]: Catalog written to C:\Users\User\OneDrive\Documentos\workspace\projeto-shoesbr\shoesbr\target\catalog.json
[0m19:40:45.766793 [debug] [MainThread]: Command `dbt docs generate` succeeded at 19:40:45.766365 after 19.05 seconds
[0m19:40:45.767815 [debug] [MainThread]: Connection 'generate_catalog' was properly closed.
[0m19:40:45.768708 [debug] [MainThread]: Connection 'shoesbr.information_schema' was properly closed.
[0m19:40:45.769727 [debug] [MainThread]: Sending event: {'category': 'dbt', 'action': 'invocation', 'label': 'end', 'context': [<snowplow_tracker.self_describing_json.SelfDescribingJson object at 0x0000024B4B15F650>, <snowplow_tracker.self_describing_json.SelfDescribingJson object at 0x0000024B4BC4AC50>, <snowplow_tracker.self_describing_json.SelfDescribingJson object at 0x0000024B4C371390>]}
[0m19:40:45.770834 [debug] [MainThread]: Flushing usage events
[0m19:40:45.854783 [debug] [MainThread]: An error was encountered while trying to flush usage events
[0m19:41:04.223432 [debug] [MainThread]: Sending event: {'category': 'dbt', 'action': 'invocation', 'label': 'start', 'context': [<snowplow_tracker.self_describing_json.SelfDescribingJson object at 0x0000022CFF971A90>, <snowplow_tracker.self_describing_json.SelfDescribingJson object at 0x0000022C81FB7ED0>, <snowplow_tracker.self_describing_json.SelfDescribingJson object at 0x0000022C81FB79D0>]}


============================== 19:41:04.235326 | a3673131-6c74-4ddf-953c-32a4d0fee8cc ==============================
[0m19:41:04.235326 [info ] [MainThread]: Running with dbt=1.12.0-b3
[0m19:41:04.237204 [debug] [MainThread]: running dbt with arguments {'version_check': 'True', 'no_print': 'None', 'maximum_seed_size_mib': '1', 'target_path': 'None', 'warn_error_options': 'WarnErrorOptionsV2(error=[], warn=[], silence=[])', 'static_parser': 'True', 'printer_width': '80', 'write_json': 'True', 'introspect': 'True', 'log_cache_events': 'False', 'empty': 'None', 'cache_selected_only': 'False', 'fail_fast': 'False', 'debug': 'False', 'log_format': 'default', 'profiles_dir': 'C:\\Users\\User\\.dbt', 'send_anonymous_usage_stats': 'True', 'quiet': 'False', 'warn_error': 'None', 'partial_parse': 'True', 'invocation_command': 'dbt docs serve', 'use_colors': 'True', 'indirect_selection': 'eager', 'use_experimental_parser': 'False', 'log_path': 'C:\\Users\\User\\OneDrive\\Documentos\\workspace\\projeto-shoesbr\\shoesbr\\logs'}
[0m19:41:04.874358 [debug] [MainThread]: Sending event: {'category': 'dbt', 'action': 'project_id', 'label': 'a3673131-6c74-4ddf-953c-32a4d0fee8cc', 'context': [<snowplow_tracker.self_describing_json.SelfDescribingJson object at 0x0000022CFFEA9CD0>]}
[0m19:41:05.110693 [debug] [MainThread]: Sending event: {'category': 'dbt', 'action': 'adapter_info', 'label': 'a3673131-6c74-4ddf-953c-32a4d0fee8cc', 'context': [<snowplow_tracker.self_describing_json.SelfDescribingJson object at 0x0000022C81E06690>]}
[0m14:54:29.727030 [debug] [MainThread]: Sending event: {'category': 'dbt', 'action': 'invocation', 'label': 'start', 'context': [<snowplow_tracker.self_describing_json.SelfDescribingJson object at 0x000001C566DF1A90>, <snowplow_tracker.self_describing_json.SelfDescribingJson object at 0x000001C5693CBED0>, <snowplow_tracker.self_describing_json.SelfDescribingJson object at 0x000001C5693CB750>]}


============================== 14:54:29.738150 | 728cbc5e-694d-4a19-a88b-42cae6cfee7a ==============================
[0m14:54:29.738150 [info ] [MainThread]: Running with dbt=1.12.0-b3
[0m14:54:29.739794 [debug] [MainThread]: running dbt with arguments {'static_parser': 'True', 'no_print': 'None', 'version_check': 'True', 'warn_error_options': 'WarnErrorOptionsV2(error=[], warn=[], silence=[])', 'target_path': 'None', 'maximum_seed_size_mib': '1', 'printer_width': '80', 'write_json': 'True', 'empty': 'False', 'log_cache_events': 'False', 'introspect': 'True', 'cache_selected_only': 'False', 'log_format': 'default', 'debug': 'False', 'fail_fast': 'False', 'partial_parse': 'True', 'send_anonymous_usage_stats': 'True', 'quiet': 'False', 'warn_error': 'None', 'profiles_dir': 'C:\\Users\\User\\.dbt', 'indirect_selection': 'eager', 'use_colors': 'True', 'invocation_command': 'dbt run', 'use_experimental_parser': 'False', 'log_path': 'C:\\Users\\User\\OneDrive\\Documentos\\workspace\\projeto-shoesbr\\shoesbr\\logs'}
[0m14:54:30.964582 [debug] [MainThread]: Sending event: {'category': 'dbt', 'action': 'project_id', 'label': '728cbc5e-694d-4a19-a88b-42cae6cfee7a', 'context': [<snowplow_tracker.self_describing_json.SelfDescribingJson object at 0x000001C567329CD0>]}
[0m14:54:31.257196 [debug] [MainThread]: Sending event: {'category': 'dbt', 'action': 'adapter_info', 'label': '728cbc5e-694d-4a19-a88b-42cae6cfee7a', 'context': [<snowplow_tracker.self_describing_json.SelfDescribingJson object at 0x000001C569638AF0>]}
[0m14:54:31.263162 [info ] [MainThread]: Registered adapter: postgres=1.10.1
[0m14:54:32.821529 [debug] [MainThread]: checksum: 12227fd57f6d3c59d667ee20c9141c06a591c2bf7db00ae7c504e78d5392bdf2, vars: {}, profile: shoesbr, target: dev, version: 1.12.0b3
[0m14:54:33.490845 [info ] [MainThread]: Unable to do partial parsing because a project config has changed
[0m14:54:33.494709 [debug] [MainThread]: Sending event: {'category': 'dbt', 'action': 'partial_parser', 'label': '728cbc5e-694d-4a19-a88b-42cae6cfee7a', 'context': [<snowplow_tracker.self_describing_json.SelfDescribingJson object at 0x000001C569A3AB50>]}
[0m14:54:43.140263 [warn ] [MainThread]: [[33mWARNING[0m][MissingArgumentsPropertyInGenericTestDeprecation]: Deprecated
functionality
Found top-level arguments to test `relationships` defined on 'stg_vendas' in
package 'shoesbr' (models\staging\schema.yml). Arguments to generic tests should
be nested under the `arguments` property.
[0m14:54:43.141990 [debug] [MainThread]: Sending event: {'category': 'dbt', 'action': 'deprecation', 'label': '728cbc5e-694d-4a19-a88b-42cae6cfee7a', 'property_': 'warn', 'context': [<snowplow_tracker.self_describing_json.SelfDescribingJson object at 0x000001C569922E40>]}
[0m14:54:43.969076 [debug] [MainThread]: Sending event: {'category': 'dbt', 'action': 'load_project', 'label': '728cbc5e-694d-4a19-a88b-42cae6cfee7a', 'context': [<snowplow_tracker.self_describing_json.SelfDescribingJson object at 0x000001C569EA33F0>]}
[0m14:54:44.957487 [debug] [MainThread]: Wrote artifact WritableManifest to C:\Users\User\OneDrive\Documentos\workspace\projeto-shoesbr\shoesbr\target\manifest.json
[0m14:54:45.122978 [debug] [MainThread]: Wrote artifact SemanticManifest to C:\Users\User\OneDrive\Documentos\workspace\projeto-shoesbr\shoesbr\target\semantic_manifest.json
[0m14:54:45.413053 [debug] [MainThread]: Wrote artifact OsiDocument to C:\Users\User\OneDrive\Documentos\workspace\projeto-shoesbr\shoesbr\target\osi_document.json
[0m14:54:45.569669 [debug] [MainThread]: Sending event: {'category': 'dbt', 'action': 'resource_counts', 'label': '728cbc5e-694d-4a19-a88b-42cae6cfee7a', 'context': [<snowplow_tracker.self_describing_json.SelfDescribingJson object at 0x000001C56A084A10>]}
[0m14:54:45.584291 [info ] [MainThread]: Found 11 models, 1 seed, 16 data tests, 4 sources, 476 macros
[0m14:54:45.604852 [debug] [MainThread]: Sending event: {'category': 'dbt', 'action': 'runnable_timing', 'label': '728cbc5e-694d-4a19-a88b-42cae6cfee7a', 'context': [<snowplow_tracker.self_describing_json.SelfDescribingJson object at 0x000001C56A0D0E90>]}
[0m14:54:45.641498 [info ] [MainThread]: 
[0m14:54:45.653362 [info ] [MainThread]: Concurrency: 1 threads (target='dev')
[0m14:54:45.656049 [info ] [MainThread]: 
[0m14:54:45.672402 [debug] [MainThread]: Acquiring new postgres connection 'master'
[0m14:54:45.752557 [debug] [ThreadPool]: Acquiring new postgres connection 'list_shoesbr'
[0m14:54:53.876211 [debug] [ThreadPool]: Using postgres connection "list_shoesbr"
[0m14:54:53.877446 [debug] [ThreadPool]: On list_shoesbr: /* {"app": "dbt", "dbt_version": "1.12.0b3", "profile_name": "shoesbr", "target_name": "dev", "connection_name": "list_shoesbr"} */

    select distinct nspname from pg_namespace
  
[0m14:54:53.879584 [debug] [ThreadPool]: Opening a new connection, currently in state init
[0m14:54:55.494197 [debug] [ThreadPool]: SQL status: SELECT 9 in 1.614 seconds
[0m14:54:55.499284 [debug] [ThreadPool]: On list_shoesbr: Close
[0m14:54:55.508017 [debug] [ThreadPool]: Using postgres connection "list_shoesbr"
[0m14:54:55.509552 [debug] [ThreadPool]: On list_shoesbr: /* {"app": "dbt", "dbt_version": "1.12.0b3", "profile_name": "shoesbr", "target_name": "dev", "connection_name": "list_shoesbr"} */

    select distinct nspname from pg_namespace
  
[0m14:54:55.511237 [debug] [ThreadPool]: Opening a new connection, currently in state closed
[0m14:54:56.855112 [debug] [ThreadPool]: SQL status: SELECT 9 in 1.344 seconds
[0m14:54:56.858607 [debug] [ThreadPool]: On list_shoesbr: Close
[0m14:54:56.864408 [debug] [ThreadPool]: Using postgres connection "list_shoesbr"
[0m14:54:56.865705 [debug] [ThreadPool]: On list_shoesbr: /* {"app": "dbt", "dbt_version": "1.12.0b3", "profile_name": "shoesbr", "target_name": "dev", "connection_name": "list_shoesbr"} */

    select distinct nspname from pg_namespace
  
[0m14:54:56.866788 [debug] [ThreadPool]: Opening a new connection, currently in state closed
[0m14:54:58.195106 [debug] [ThreadPool]: SQL status: SELECT 9 in 1.328 seconds
[0m14:54:58.198789 [debug] [ThreadPool]: On list_shoesbr: Close
[0m14:54:58.204602 [debug] [ThreadPool]: Acquiring new postgres connection 'list_shoesbr_marts'
[0m14:54:58.230530 [debug] [ThreadPool]: Using postgres connection "list_shoesbr_marts"
[0m14:54:58.231865 [debug] [ThreadPool]: On list_shoesbr_marts: /* {"app": "dbt", "dbt_version": "1.12.0b3", "profile_name": "shoesbr", "target_name": "dev", "connection_name": "list_shoesbr_marts"} */
select
      'shoesbr' as database,
      tablename as name,
      schemaname as schema,
      'table' as type
    from pg_tables
    where schemaname ilike 'marts'
    union all
    select
      'shoesbr' as database,
      viewname as name,
      schemaname as schema,
      'view' as type
    from pg_views
    where schemaname ilike 'marts'
    union all
    select
      'shoesbr' as database,
      matviewname as name,
      schemaname as schema,
      'materialized_view' as type
    from pg_matviews
    where schemaname ilike 'marts'
  
[0m14:54:58.233816 [debug] [ThreadPool]: Opening a new connection, currently in state init
[0m14:54:59.605394 [debug] [ThreadPool]: SQL status: SELECT 3 in 1.371 seconds
[0m14:54:59.611485 [debug] [ThreadPool]: On list_shoesbr_marts: ROLLBACK
[0m14:54:59.755296 [debug] [ThreadPool]: On list_shoesbr_marts: Close
[0m14:54:59.757895 [debug] [ThreadPool]: Re-using an available connection from the pool (formerly list_shoesbr_marts, now list_shoesbr_intermediate)
[0m14:54:59.766115 [debug] [ThreadPool]: Using postgres connection "list_shoesbr_intermediate"
[0m14:54:59.767512 [debug] [ThreadPool]: On list_shoesbr_intermediate: /* {"app": "dbt", "dbt_version": "1.12.0b3", "profile_name": "shoesbr", "target_name": "dev", "connection_name": "list_shoesbr_intermediate"} */
select
      'shoesbr' as database,
      tablename as name,
      schemaname as schema,
      'table' as type
    from pg_tables
    where schemaname ilike 'intermediate'
    union all
    select
      'shoesbr' as database,
      viewname as name,
      schemaname as schema,
      'view' as type
    from pg_views
    where schemaname ilike 'intermediate'
    union all
    select
      'shoesbr' as database,
      matviewname as name,
      schemaname as schema,
      'materialized_view' as type
    from pg_matviews
    where schemaname ilike 'intermediate'
  
[0m14:54:59.768771 [debug] [ThreadPool]: Opening a new connection, currently in state closed
[0m14:55:01.131232 [debug] [ThreadPool]: SQL status: SELECT 4 in 1.362 seconds
[0m14:55:01.135009 [debug] [ThreadPool]: On list_shoesbr_intermediate: ROLLBACK
[0m14:55:01.278529 [debug] [ThreadPool]: On list_shoesbr_intermediate: Close
[0m14:55:01.280685 [debug] [ThreadPool]: Re-using an available connection from the pool (formerly list_shoesbr_intermediate, now list_shoesbr_staging)
[0m14:55:01.286746 [debug] [ThreadPool]: Using postgres connection "list_shoesbr_staging"
[0m14:55:01.287974 [debug] [ThreadPool]: On list_shoesbr_staging: /* {"app": "dbt", "dbt_version": "1.12.0b3", "profile_name": "shoesbr", "target_name": "dev", "connection_name": "list_shoesbr_staging"} */
select
      'shoesbr' as database,
      tablename as name,
      schemaname as schema,
      'table' as type
    from pg_tables
    where schemaname ilike 'staging'
    union all
    select
      'shoesbr' as database,
      viewname as name,
      schemaname as schema,
      'view' as type
    from pg_views
    where schemaname ilike 'staging'
    union all
    select
      'shoesbr' as database,
      matviewname as name,
      schemaname as schema,
      'materialized_view' as type
    from pg_matviews
    where schemaname ilike 'staging'
  
[0m14:55:01.289158 [debug] [ThreadPool]: Opening a new connection, currently in state closed
[0m14:55:02.635153 [debug] [ThreadPool]: SQL status: SELECT 4 in 1.346 seconds
[0m14:55:02.638765 [debug] [ThreadPool]: On list_shoesbr_staging: ROLLBACK
[0m14:55:02.787066 [debug] [ThreadPool]: On list_shoesbr_staging: Close
[0m14:55:02.789011 [debug] [ThreadPool]: Re-using an available connection from the pool (formerly list_shoesbr_staging, now list_shoesbr_landing)
[0m14:55:02.793861 [debug] [ThreadPool]: Using postgres connection "list_shoesbr_landing"
[0m14:55:02.795003 [debug] [ThreadPool]: On list_shoesbr_landing: /* {"app": "dbt", "dbt_version": "1.12.0b3", "profile_name": "shoesbr", "target_name": "dev", "connection_name": "list_shoesbr_landing"} */
select
      'shoesbr' as database,
      tablename as name,
      schemaname as schema,
      'table' as type
    from pg_tables
    where schemaname ilike 'landing'
    union all
    select
      'shoesbr' as database,
      viewname as name,
      schemaname as schema,
      'view' as type
    from pg_views
    where schemaname ilike 'landing'
    union all
    select
      'shoesbr' as database,
      matviewname as name,
      schemaname as schema,
      'materialized_view' as type
    from pg_matviews
    where schemaname ilike 'landing'
  
[0m14:55:02.796178 [debug] [ThreadPool]: Opening a new connection, currently in state closed
[0m14:55:04.157682 [debug] [ThreadPool]: SQL status: SELECT 7 in 1.361 seconds
[0m14:55:04.161422 [debug] [ThreadPool]: On list_shoesbr_landing: ROLLBACK
[0m14:55:04.311870 [debug] [ThreadPool]: On list_shoesbr_landing: Close
[0m14:55:04.330109 [debug] [MainThread]: Using postgres connection "master"
[0m14:55:04.331662 [debug] [MainThread]: On master: /* {"app": "dbt", "dbt_version": "1.12.0b3", "profile_name": "shoesbr", "target_name": "dev", "connection_name": "master"} */
select distinct
        dependent_namespace.nspname as dependent_schema,
        dependent_class.relname as dependent_name,
        referenced_namespace.nspname as referenced_schema,
        referenced_class.relname as referenced_name

    -- Query for views: views are entries in pg_class with an entry in pg_rewrite, but we avoid
    -- a seq scan on pg_rewrite by leveraging the fact there is an "internal" row in pg_depend for
    -- the view...
    from pg_class as dependent_class
    join pg_namespace as dependent_namespace on dependent_namespace.oid = dependent_class.relnamespace
    join pg_depend as dependent_depend on dependent_depend.refobjid = dependent_class.oid
        and dependent_depend.classid = 'pg_rewrite'::regclass
        and dependent_depend.refclassid = 'pg_class'::regclass
        and dependent_depend.deptype = 'i'

    -- ... and via pg_depend (that has a row per column, hence the need for "distinct" above, and
    -- making sure to exclude the internal row to avoid a view appearing to depend on itself)...
    join pg_depend as joining_depend on joining_depend.objid = dependent_depend.objid
        and joining_depend.classid = 'pg_rewrite'::regclass
        and joining_depend.refclassid = 'pg_class'::regclass
        and joining_depend.refobjid != dependent_depend.refobjid

    -- ... we can find the tables they query from in pg_class, but excluding system tables. Note we
    -- don't need need to exclude _dependent_ system tables, because they only query from other
    -- system tables, and so are automatically excluded by excluding _referenced_ system tables
    join pg_class as referenced_class on referenced_class.oid = joining_depend.refobjid
    join pg_namespace as referenced_namespace on referenced_namespace.oid = referenced_class.relnamespace
        and referenced_namespace.nspname != 'information_schema'
        and referenced_namespace.nspname not like 'pg\_%'

    order by
        dependent_schema, dependent_name, referenced_schema, referenced_name;
[0m14:55:04.333374 [debug] [MainThread]: Opening a new connection, currently in state init
[0m14:55:05.690014 [debug] [MainThread]: SQL status: SELECT 17 in 1.357 seconds
[0m14:55:05.709347 [debug] [MainThread]: Sending event: {'category': 'dbt', 'action': 'runnable_timing', 'label': '728cbc5e-694d-4a19-a88b-42cae6cfee7a', 'context': [<snowplow_tracker.self_describing_json.SelfDescribingJson object at 0x000001C56A0438B0>]}
[0m14:55:05.710695 [debug] [MainThread]: On master: ROLLBACK
[0m14:55:05.866019 [debug] [MainThread]: On master: COMMIT
[0m14:55:05.867105 [debug] [MainThread]: Using postgres connection "master"
[0m14:55:05.868087 [debug] [MainThread]: On master: COMMIT
[0m14:55:06.153501 [debug] [MainThread]: SQL status: COMMIT in 0.284 seconds
[0m14:55:06.154532 [debug] [MainThread]: On master: Close
[0m14:55:06.167035 [debug] [Thread-1 (]: Began running node model.shoesbr.stg_clientes
[0m14:55:06.168574 [info ] [Thread-1 (]: 1 of 11 START sql view model staging.stg_clientes .............................. [RUN]
[0m14:55:06.170494 [debug] [Thread-1 (]: Acquiring new postgres connection 'model.shoesbr.stg_clientes'
[0m14:55:06.171844 [debug] [Thread-1 (]: Began compiling node model.shoesbr.stg_clientes
[0m14:55:06.200076 [debug] [Thread-1 (]: Writing injected SQL for node "model.shoesbr.stg_clientes"
[0m14:55:06.204564 [debug] [Thread-1 (]: Began executing node model.shoesbr.stg_clientes
[0m14:55:06.354341 [debug] [Thread-1 (]: Writing runtime sql for node "model.shoesbr.stg_clientes"
[0m14:55:06.360734 [debug] [Thread-1 (]: Using postgres connection "model.shoesbr.stg_clientes"
[0m14:55:06.363752 [debug] [Thread-1 (]: On model.shoesbr.stg_clientes: /* {"app": "dbt", "dbt_version": "1.12.0b3", "profile_name": "shoesbr", "target_name": "dev", "node_id": "model.shoesbr.stg_clientes"} */

  create view "shoesbr"."staging"."stg_clientes__dbt_tmp"
    
    
  as (
    WITH source AS (
    SELECT *
    FROM "shoesbr"."landing"."clientes"
),

renamed AS (
    SELECT 
        CAST(customer_id AS INT) AS customer_id,
        name AS customer_name,
        address AS customer_address,
        phone AS customer_phone,
        email AS customer_email
    FROM source
)

SELECT * FROM renamed
  );
[0m14:55:06.365225 [debug] [Thread-1 (]: Opening a new connection, currently in state init
[0m14:55:07.734169 [debug] [Thread-1 (]: SQL status: CREATE VIEW in 1.369 seconds
[0m14:55:07.753340 [debug] [Thread-1 (]: Using postgres connection "model.shoesbr.stg_clientes"
[0m14:55:07.754735 [debug] [Thread-1 (]: On model.shoesbr.stg_clientes: /* {"app": "dbt", "dbt_version": "1.12.0b3", "profile_name": "shoesbr", "target_name": "dev", "node_id": "model.shoesbr.stg_clientes"} */
alter table "shoesbr"."staging"."stg_clientes" rename to "stg_clientes__dbt_backup"
[0m14:55:07.899414 [debug] [Thread-1 (]: SQL status: ALTER TABLE in 0.143 seconds
[0m14:55:07.908597 [debug] [Thread-1 (]: Using postgres connection "model.shoesbr.stg_clientes"
[0m14:55:07.909865 [debug] [Thread-1 (]: On model.shoesbr.stg_clientes: /* {"app": "dbt", "dbt_version": "1.12.0b3", "profile_name": "shoesbr", "target_name": "dev", "node_id": "model.shoesbr.stg_clientes"} */
alter table "shoesbr"."staging"."stg_clientes__dbt_tmp" rename to "stg_clientes"
[0m14:55:08.055893 [debug] [Thread-1 (]: SQL status: ALTER TABLE in 0.145 seconds
[0m14:55:08.141838 [debug] [Thread-1 (]: Using postgres connection "model.shoesbr.stg_clientes"
[0m14:55:08.144213 [debug] [Thread-1 (]: On model.shoesbr.stg_clientes: /* {"app": "dbt", "dbt_version": "1.12.0b3", "profile_name": "shoesbr", "target_name": "dev", "node_id": "model.shoesbr.stg_clientes"} */

    
  
  comment on view "shoesbr"."staging"."stg_clientes" is $dbt_comment_literal_block$Tabela staging com dados normalizados de clientes.$dbt_comment_literal_block$;

  
[0m14:55:08.293315 [debug] [Thread-1 (]: SQL status: COMMENT in 0.147 seconds
[0m14:55:08.338662 [debug] [Thread-1 (]: Using postgres connection "model.shoesbr.stg_clientes"
[0m14:55:08.339863 [debug] [Thread-1 (]: On model.shoesbr.stg_clientes: /* {"app": "dbt", "dbt_version": "1.12.0b3", "profile_name": "shoesbr", "target_name": "dev", "node_id": "model.shoesbr.stg_clientes"} */

      select
          column_name,
          data_type,
          character_maximum_length,
          numeric_precision,
          numeric_scale

      from "shoesbr".INFORMATION_SCHEMA.columns
      where table_name = 'stg_clientes'
        
        and table_schema = 'staging'
        
      order by ordinal_position

  
[0m14:55:08.492082 [debug] [Thread-1 (]: SQL status: SELECT 5 in 0.151 seconds
[0m14:55:08.520864 [debug] [Thread-1 (]: Using postgres connection "model.shoesbr.stg_clientes"
[0m14:55:08.521768 [debug] [Thread-1 (]: On model.shoesbr.stg_clientes: /* {"app": "dbt", "dbt_version": "1.12.0b3", "profile_name": "shoesbr", "target_name": "dev", "node_id": "model.shoesbr.stg_clientes"} */

      select
          column_name,
          data_type,
          character_maximum_length,
          numeric_precision,
          numeric_scale

      from "shoesbr".INFORMATION_SCHEMA.columns
      where table_name = 'stg_clientes'
        
        and table_schema = 'staging'
        
      order by ordinal_position

  
[0m14:55:08.671642 [debug] [Thread-1 (]: SQL status: SELECT 5 in 0.148 seconds
[0m14:55:08.682042 [debug] [Thread-1 (]: Using postgres connection "model.shoesbr.stg_clientes"
[0m14:55:08.683861 [debug] [Thread-1 (]: On model.shoesbr.stg_clientes: /* {"app": "dbt", "dbt_version": "1.12.0b3", "profile_name": "shoesbr", "target_name": "dev", "node_id": "model.shoesbr.stg_clientes"} */

    
  
  
    
    
    comment on column "shoesbr"."staging"."stg_clientes".customer_id is $dbt_comment_literal_block$Identificador único do cliente.$dbt_comment_literal_block$;
  
    
    
    comment on column "shoesbr"."staging"."stg_clientes".customer_name is $dbt_comment_literal_block$Nome completo do cliente.$dbt_comment_literal_block$;
  
    
    
    comment on column "shoesbr"."staging"."stg_clientes".customer_address is $dbt_comment_literal_block$Endereço do cliente.$dbt_comment_literal_block$;
  
    
    
    comment on column "shoesbr"."staging"."stg_clientes".customer_phone is $dbt_comment_literal_block$Número de telefone do cliente.$dbt_comment_literal_block$;
  
    
    
    comment on column "shoesbr"."staging"."stg_clientes".customer_email is $dbt_comment_literal_block$E-mail do cliente.$dbt_comment_literal_block$;
  

  
[0m14:55:08.828697 [debug] [Thread-1 (]: SQL status: COMMENT in 0.143 seconds
[0m14:55:08.832705 [debug] [Thread-1 (]: On model.shoesbr.stg_clientes: COMMIT
[0m14:55:08.833966 [debug] [Thread-1 (]: Using postgres connection "model.shoesbr.stg_clientes"
[0m14:55:08.834923 [debug] [Thread-1 (]: On model.shoesbr.stg_clientes: COMMIT
[0m14:55:08.980379 [debug] [Thread-1 (]: SQL status: COMMIT in 0.144 seconds
[0m14:55:09.001970 [debug] [Thread-1 (]: Applying DROP to: "shoesbr"."staging"."stg_clientes__dbt_backup"
[0m14:55:09.012889 [debug] [Thread-1 (]: Using postgres connection "model.shoesbr.stg_clientes"
[0m14:55:09.013663 [debug] [Thread-1 (]: On model.shoesbr.stg_clientes: /* {"app": "dbt", "dbt_version": "1.12.0b3", "profile_name": "shoesbr", "target_name": "dev", "node_id": "model.shoesbr.stg_clientes"} */
drop view if exists "shoesbr"."staging"."stg_clientes__dbt_backup" cascade
[0m14:55:09.160042 [debug] [Thread-1 (]: SQL status: DROP VIEW in 0.145 seconds
[0m14:55:09.170802 [debug] [Thread-1 (]: On model.shoesbr.stg_clientes: Close
[0m14:55:09.181092 [debug] [Thread-1 (]: Sending event: {'category': 'dbt', 'action': 'run_model', 'label': '728cbc5e-694d-4a19-a88b-42cae6cfee7a', 'context': [<snowplow_tracker.self_describing_json.SelfDescribingJson object at 0x000001C5672BA350>]}
[0m14:55:09.182723 [info ] [Thread-1 (]: 1 of 11 OK created sql view model staging.stg_clientes ......................... [[32mCREATE VIEW[0m in 3.00s]
[0m14:55:09.184749 [debug] [Thread-1 (]: Finished running node model.shoesbr.stg_clientes
[0m14:55:09.186020 [debug] [Thread-1 (]: Began running node model.shoesbr.stg_estorno
[0m14:55:09.187418 [info ] [Thread-1 (]: 2 of 11 START sql view model staging.stg_estorno ............................... [RUN]
[0m14:55:09.188968 [debug] [Thread-1 (]: Re-using an available connection from the pool (formerly model.shoesbr.stg_clientes, now model.shoesbr.stg_estorno)
[0m14:55:09.190188 [debug] [Thread-1 (]: Began compiling node model.shoesbr.stg_estorno
[0m14:55:09.196522 [debug] [Thread-1 (]: Writing injected SQL for node "model.shoesbr.stg_estorno"
[0m14:55:09.199127 [debug] [Thread-1 (]: Began executing node model.shoesbr.stg_estorno
[0m14:55:09.211923 [debug] [Thread-1 (]: Writing runtime sql for node "model.shoesbr.stg_estorno"
[0m14:55:09.215340 [debug] [Thread-1 (]: Using postgres connection "model.shoesbr.stg_estorno"
[0m14:55:09.216688 [debug] [Thread-1 (]: On model.shoesbr.stg_estorno: /* {"app": "dbt", "dbt_version": "1.12.0b3", "profile_name": "shoesbr", "target_name": "dev", "node_id": "model.shoesbr.stg_estorno"} */

  create view "shoesbr"."staging"."stg_estorno__dbt_tmp"
    
    
  as (
    WITH source AS (
    SELECT *
    FROM "shoesbr"."landing"."estorno"
),

renamed AS (
    SELECT 
        CAST(purchase_id AS INT) AS purchase_id,
        CAST(customer_id AS INT) AS customer_id,
        CAST(product_id AS INT) AS product_id,
        CAST(refund_date AS DATE) AS refund_date,
        refund_reason,
        CAST(refund_amount AS DECIMAL(10,2)) AS refund_amount
    FROM source
)

SELECT * FROM renamed
  );
[0m14:55:09.218025 [debug] [Thread-1 (]: Opening a new connection, currently in state closed
[0m14:55:10.546402 [debug] [Thread-1 (]: SQL status: CREATE VIEW in 1.328 seconds
[0m14:55:10.567314 [debug] [Thread-1 (]: Using postgres connection "model.shoesbr.stg_estorno"
[0m14:55:10.568258 [debug] [Thread-1 (]: On model.shoesbr.stg_estorno: /* {"app": "dbt", "dbt_version": "1.12.0b3", "profile_name": "shoesbr", "target_name": "dev", "node_id": "model.shoesbr.stg_estorno"} */
alter table "shoesbr"."staging"."stg_estorno" rename to "stg_estorno__dbt_backup"
[0m14:55:10.711894 [debug] [Thread-1 (]: SQL status: ALTER TABLE in 0.142 seconds
[0m14:55:10.721140 [debug] [Thread-1 (]: Using postgres connection "model.shoesbr.stg_estorno"
[0m14:55:10.722305 [debug] [Thread-1 (]: On model.shoesbr.stg_estorno: /* {"app": "dbt", "dbt_version": "1.12.0b3", "profile_name": "shoesbr", "target_name": "dev", "node_id": "model.shoesbr.stg_estorno"} */
alter table "shoesbr"."staging"."stg_estorno__dbt_tmp" rename to "stg_estorno"
[0m14:55:10.866154 [debug] [Thread-1 (]: SQL status: ALTER TABLE in 0.143 seconds
[0m14:55:10.871736 [debug] [Thread-1 (]: Using postgres connection "model.shoesbr.stg_estorno"
[0m14:55:10.873278 [debug] [Thread-1 (]: On model.shoesbr.stg_estorno: /* {"app": "dbt", "dbt_version": "1.12.0b3", "profile_name": "shoesbr", "target_name": "dev", "node_id": "model.shoesbr.stg_estorno"} */

    
  
  comment on view "shoesbr"."staging"."stg_estorno" is $dbt_comment_literal_block$Registros de estornos com informações de cliente, produto, data e motivo$dbt_comment_literal_block$;

  
[0m14:55:11.016594 [debug] [Thread-1 (]: SQL status: COMMENT in 0.142 seconds
[0m14:55:11.026396 [debug] [Thread-1 (]: Using postgres connection "model.shoesbr.stg_estorno"
[0m14:55:11.027785 [debug] [Thread-1 (]: On model.shoesbr.stg_estorno: /* {"app": "dbt", "dbt_version": "1.12.0b3", "profile_name": "shoesbr", "target_name": "dev", "node_id": "model.shoesbr.stg_estorno"} */

      select
          column_name,
          data_type,
          character_maximum_length,
          numeric_precision,
          numeric_scale

      from "shoesbr".INFORMATION_SCHEMA.columns
      where table_name = 'stg_estorno'
        
        and table_schema = 'staging'
        
      order by ordinal_position

  
[0m14:55:11.183164 [debug] [Thread-1 (]: SQL status: SELECT 6 in 0.154 seconds
[0m14:55:11.190715 [debug] [Thread-1 (]: Using postgres connection "model.shoesbr.stg_estorno"
[0m14:55:11.191682 [debug] [Thread-1 (]: On model.shoesbr.stg_estorno: /* {"app": "dbt", "dbt_version": "1.12.0b3", "profile_name": "shoesbr", "target_name": "dev", "node_id": "model.shoesbr.stg_estorno"} */

      select
          column_name,
          data_type,
          character_maximum_length,
          numeric_precision,
          numeric_scale

      from "shoesbr".INFORMATION_SCHEMA.columns
      where table_name = 'stg_estorno'
        
        and table_schema = 'staging'
        
      order by ordinal_position

  
[0m14:55:11.337654 [debug] [Thread-1 (]: SQL status: SELECT 6 in 0.145 seconds
[0m14:55:11.344416 [debug] [Thread-1 (]: Using postgres connection "model.shoesbr.stg_estorno"
[0m14:55:11.345694 [debug] [Thread-1 (]: On model.shoesbr.stg_estorno: /* {"app": "dbt", "dbt_version": "1.12.0b3", "profile_name": "shoesbr", "target_name": "dev", "node_id": "model.shoesbr.stg_estorno"} */

    
  
  
    
    
    comment on column "shoesbr"."staging"."stg_estorno".purchase_id is $dbt_comment_literal_block$Identificador da compra estornada$dbt_comment_literal_block$;
  
    
    
    comment on column "shoesbr"."staging"."stg_estorno".customer_id is $dbt_comment_literal_block$Identificador do cliente$dbt_comment_literal_block$;
  
    
    
    comment on column "shoesbr"."staging"."stg_estorno".product_id is $dbt_comment_literal_block$Identificador do produto estornado$dbt_comment_literal_block$;
  
    
    
    comment on column "shoesbr"."staging"."stg_estorno".refund_date is $dbt_comment_literal_block$Data do estorno$dbt_comment_literal_block$;
  
    
    
    comment on column "shoesbr"."staging"."stg_estorno".refund_reason is $dbt_comment_literal_block$Motivo do estorno$dbt_comment_literal_block$;
  
    
    
    comment on column "shoesbr"."staging"."stg_estorno".refund_amount is $dbt_comment_literal_block$Valor reembolsado$dbt_comment_literal_block$;
  

  
[0m14:55:11.489483 [debug] [Thread-1 (]: SQL status: COMMENT in 0.142 seconds
[0m14:55:11.495217 [debug] [Thread-1 (]: On model.shoesbr.stg_estorno: COMMIT
[0m14:55:11.497055 [debug] [Thread-1 (]: Using postgres connection "model.shoesbr.stg_estorno"
[0m14:55:11.498706 [debug] [Thread-1 (]: On model.shoesbr.stg_estorno: COMMIT
[0m14:55:11.650714 [debug] [Thread-1 (]: SQL status: COMMIT in 0.150 seconds
[0m14:55:11.659351 [debug] [Thread-1 (]: Applying DROP to: "shoesbr"."staging"."stg_estorno__dbt_backup"
[0m14:55:11.660939 [debug] [Thread-1 (]: Using postgres connection "model.shoesbr.stg_estorno"
[0m14:55:11.661997 [debug] [Thread-1 (]: On model.shoesbr.stg_estorno: /* {"app": "dbt", "dbt_version": "1.12.0b3", "profile_name": "shoesbr", "target_name": "dev", "node_id": "model.shoesbr.stg_estorno"} */
drop view if exists "shoesbr"."staging"."stg_estorno__dbt_backup" cascade
[0m14:55:11.806218 [debug] [Thread-1 (]: SQL status: DROP VIEW in 0.143 seconds
[0m14:55:11.808815 [debug] [Thread-1 (]: On model.shoesbr.stg_estorno: Close
[0m14:55:11.810371 [debug] [Thread-1 (]: Sending event: {'category': 'dbt', 'action': 'run_model', 'label': '728cbc5e-694d-4a19-a88b-42cae6cfee7a', 'context': [<snowplow_tracker.self_describing_json.SelfDescribingJson object at 0x000001C56A4096D0>]}
[0m14:55:11.811529 [info ] [Thread-1 (]: 2 of 11 OK created sql view model staging.stg_estorno .......................... [[32mCREATE VIEW[0m in 2.62s]
[0m14:55:11.813513 [debug] [Thread-1 (]: Finished running node model.shoesbr.stg_estorno
[0m14:55:11.814306 [debug] [Thread-1 (]: Began running node model.shoesbr.stg_produtos
[0m14:55:11.815396 [info ] [Thread-1 (]: 3 of 11 START sql view model staging.stg_produtos .............................. [RUN]
[0m14:55:11.816552 [debug] [Thread-1 (]: Re-using an available connection from the pool (formerly model.shoesbr.stg_estorno, now model.shoesbr.stg_produtos)
[0m14:55:11.817278 [debug] [Thread-1 (]: Began compiling node model.shoesbr.stg_produtos
[0m14:55:11.821383 [debug] [Thread-1 (]: Writing injected SQL for node "model.shoesbr.stg_produtos"
[0m14:55:11.824259 [debug] [Thread-1 (]: Began executing node model.shoesbr.stg_produtos
[0m14:55:11.833144 [debug] [Thread-1 (]: Writing runtime sql for node "model.shoesbr.stg_produtos"
[0m14:55:11.836131 [debug] [Thread-1 (]: Using postgres connection "model.shoesbr.stg_produtos"
[0m14:55:11.837449 [debug] [Thread-1 (]: On model.shoesbr.stg_produtos: /* {"app": "dbt", "dbt_version": "1.12.0b3", "profile_name": "shoesbr", "target_name": "dev", "node_id": "model.shoesbr.stg_produtos"} */

  create view "shoesbr"."staging"."stg_produtos__dbt_tmp"
    
    
  as (
    WITH source AS (
    SELECT *
    FROM "shoesbr"."landing"."produtos"
),

renamed AS (
    SELECT
    cast(product_id as int) as product_id,
    name as name_product,
    price as price_product
    FROM source
)

SELECT * FROM renamed
  );
[0m14:55:11.840308 [debug] [Thread-1 (]: Opening a new connection, currently in state closed
[0m14:55:13.164528 [debug] [Thread-1 (]: SQL status: CREATE VIEW in 1.325 seconds
[0m14:55:13.179388 [debug] [Thread-1 (]: Using postgres connection "model.shoesbr.stg_produtos"
[0m14:55:13.180725 [debug] [Thread-1 (]: On model.shoesbr.stg_produtos: /* {"app": "dbt", "dbt_version": "1.12.0b3", "profile_name": "shoesbr", "target_name": "dev", "node_id": "model.shoesbr.stg_produtos"} */
alter table "shoesbr"."staging"."stg_produtos" rename to "stg_produtos__dbt_backup"
[0m14:55:13.324416 [debug] [Thread-1 (]: SQL status: ALTER TABLE in 0.143 seconds
[0m14:55:13.329778 [debug] [Thread-1 (]: Using postgres connection "model.shoesbr.stg_produtos"
[0m14:55:13.331096 [debug] [Thread-1 (]: On model.shoesbr.stg_produtos: /* {"app": "dbt", "dbt_version": "1.12.0b3", "profile_name": "shoesbr", "target_name": "dev", "node_id": "model.shoesbr.stg_produtos"} */
alter table "shoesbr"."staging"."stg_produtos__dbt_tmp" rename to "stg_produtos"
[0m14:55:13.475424 [debug] [Thread-1 (]: SQL status: ALTER TABLE in 0.143 seconds
[0m14:55:13.479857 [debug] [Thread-1 (]: Using postgres connection "model.shoesbr.stg_produtos"
[0m14:55:13.481092 [debug] [Thread-1 (]: On model.shoesbr.stg_produtos: /* {"app": "dbt", "dbt_version": "1.12.0b3", "profile_name": "shoesbr", "target_name": "dev", "node_id": "model.shoesbr.stg_produtos"} */

    
  
  comment on view "shoesbr"."staging"."stg_produtos" is $dbt_comment_literal_block$Tabela staging com dados de produtos normalizados.$dbt_comment_literal_block$;

  
[0m14:55:13.625819 [debug] [Thread-1 (]: SQL status: COMMENT in 0.143 seconds
[0m14:55:13.644279 [debug] [Thread-1 (]: Using postgres connection "model.shoesbr.stg_produtos"
[0m14:55:13.645468 [debug] [Thread-1 (]: On model.shoesbr.stg_produtos: /* {"app": "dbt", "dbt_version": "1.12.0b3", "profile_name": "shoesbr", "target_name": "dev", "node_id": "model.shoesbr.stg_produtos"} */

      select
          column_name,
          data_type,
          character_maximum_length,
          numeric_precision,
          numeric_scale

      from "shoesbr".INFORMATION_SCHEMA.columns
      where table_name = 'stg_produtos'
        
        and table_schema = 'staging'
        
      order by ordinal_position

  
[0m14:55:13.798132 [debug] [Thread-1 (]: SQL status: SELECT 3 in 0.152 seconds
[0m14:55:13.807044 [debug] [Thread-1 (]: Using postgres connection "model.shoesbr.stg_produtos"
[0m14:55:13.808479 [debug] [Thread-1 (]: On model.shoesbr.stg_produtos: /* {"app": "dbt", "dbt_version": "1.12.0b3", "profile_name": "shoesbr", "target_name": "dev", "node_id": "model.shoesbr.stg_produtos"} */

      select
          column_name,
          data_type,
          character_maximum_length,
          numeric_precision,
          numeric_scale

      from "shoesbr".INFORMATION_SCHEMA.columns
      where table_name = 'stg_produtos'
        
        and table_schema = 'staging'
        
      order by ordinal_position

  
[0m14:55:13.955183 [debug] [Thread-1 (]: SQL status: SELECT 3 in 0.145 seconds
[0m14:55:13.959759 [debug] [Thread-1 (]: Using postgres connection "model.shoesbr.stg_produtos"
[0m14:55:13.960547 [debug] [Thread-1 (]: On model.shoesbr.stg_produtos: /* {"app": "dbt", "dbt_version": "1.12.0b3", "profile_name": "shoesbr", "target_name": "dev", "node_id": "model.shoesbr.stg_produtos"} */

    
  
  
    
    
    comment on column "shoesbr"."staging"."stg_produtos".product_id is $dbt_comment_literal_block$Identificador único do produto.$dbt_comment_literal_block$;
  
    
    
    comment on column "shoesbr"."staging"."stg_produtos".name_product is $dbt_comment_literal_block$Nome do produto.$dbt_comment_literal_block$;
  
    
    
    comment on column "shoesbr"."staging"."stg_produtos".price_product is $dbt_comment_literal_block$Preço do produto.$dbt_comment_literal_block$;
  

  
[0m14:55:14.104485 [debug] [Thread-1 (]: SQL status: COMMENT in 0.143 seconds
[0m14:55:14.107217 [debug] [Thread-1 (]: On model.shoesbr.stg_produtos: COMMIT
[0m14:55:14.108453 [debug] [Thread-1 (]: Using postgres connection "model.shoesbr.stg_produtos"
[0m14:55:14.109642 [debug] [Thread-1 (]: On model.shoesbr.stg_produtos: COMMIT
[0m14:55:14.261516 [debug] [Thread-1 (]: SQL status: COMMIT in 0.151 seconds
[0m14:55:14.265857 [debug] [Thread-1 (]: Applying DROP to: "shoesbr"."staging"."stg_produtos__dbt_backup"
[0m14:55:14.267123 [debug] [Thread-1 (]: Using postgres connection "model.shoesbr.stg_produtos"
[0m14:55:14.267981 [debug] [Thread-1 (]: On model.shoesbr.stg_produtos: /* {"app": "dbt", "dbt_version": "1.12.0b3", "profile_name": "shoesbr", "target_name": "dev", "node_id": "model.shoesbr.stg_produtos"} */
drop view if exists "shoesbr"."staging"."stg_produtos__dbt_backup" cascade
[0m14:55:14.414475 [debug] [Thread-1 (]: SQL status: DROP VIEW in 0.145 seconds
[0m14:55:14.420590 [debug] [Thread-1 (]: On model.shoesbr.stg_produtos: Close
[0m14:55:14.422751 [debug] [Thread-1 (]: Sending event: {'category': 'dbt', 'action': 'run_model', 'label': '728cbc5e-694d-4a19-a88b-42cae6cfee7a', 'context': [<snowplow_tracker.self_describing_json.SelfDescribingJson object at 0x000001C56B815860>]}
[0m14:55:14.425228 [info ] [Thread-1 (]: 3 of 11 OK created sql view model staging.stg_produtos ......................... [[32mCREATE VIEW[0m in 2.61s]
[0m14:55:14.427371 [debug] [Thread-1 (]: Finished running node model.shoesbr.stg_produtos
[0m14:55:14.428439 [debug] [Thread-1 (]: Began running node model.shoesbr.stg_vendas
[0m14:55:14.429774 [info ] [Thread-1 (]: 4 of 11 START sql view model staging.stg_vendas ................................ [RUN]
[0m14:55:14.431661 [debug] [Thread-1 (]: Re-using an available connection from the pool (formerly model.shoesbr.stg_produtos, now model.shoesbr.stg_vendas)
[0m14:55:14.433510 [debug] [Thread-1 (]: Began compiling node model.shoesbr.stg_vendas
[0m14:55:14.442907 [debug] [Thread-1 (]: Writing injected SQL for node "model.shoesbr.stg_vendas"
[0m14:55:14.450274 [debug] [Thread-1 (]: Began executing node model.shoesbr.stg_vendas
[0m14:55:14.460668 [debug] [Thread-1 (]: Writing runtime sql for node "model.shoesbr.stg_vendas"
[0m14:55:14.463713 [debug] [Thread-1 (]: Using postgres connection "model.shoesbr.stg_vendas"
[0m14:55:14.465088 [debug] [Thread-1 (]: On model.shoesbr.stg_vendas: /* {"app": "dbt", "dbt_version": "1.12.0b3", "profile_name": "shoesbr", "target_name": "dev", "node_id": "model.shoesbr.stg_vendas"} */

  create view "shoesbr"."staging"."stg_vendas__dbt_tmp"
    
    
  as (
    WITH source AS (
    SELECT *
    FROM "shoesbr"."landing"."vendas"
),

renamed AS (
    SELECT 
        CAST(purchase_id AS INT) AS purchase_id,
        CAST(customer_id AS INT) AS customer_id,
        CAST(product_id AS INT) AS product_id,
        CAST(date AS DATE) AS purchase_date,
        CAST(quantity AS INT) AS quantity,
        CAST(total_price AS DECIMAL(10,2)) AS total_price,
        payment_method
    FROM source
)

SELECT * FROM renamed
  );
[0m14:55:14.466487 [debug] [Thread-1 (]: Opening a new connection, currently in state closed
[0m14:55:15.816033 [debug] [Thread-1 (]: SQL status: CREATE VIEW in 1.350 seconds
[0m14:55:15.824401 [debug] [Thread-1 (]: Using postgres connection "model.shoesbr.stg_vendas"
[0m14:55:15.825571 [debug] [Thread-1 (]: On model.shoesbr.stg_vendas: /* {"app": "dbt", "dbt_version": "1.12.0b3", "profile_name": "shoesbr", "target_name": "dev", "node_id": "model.shoesbr.stg_vendas"} */
alter table "shoesbr"."staging"."stg_vendas" rename to "stg_vendas__dbt_backup"
[0m14:55:15.970097 [debug] [Thread-1 (]: SQL status: ALTER TABLE in 0.143 seconds
[0m14:55:15.976714 [debug] [Thread-1 (]: Using postgres connection "model.shoesbr.stg_vendas"
[0m14:55:15.977734 [debug] [Thread-1 (]: On model.shoesbr.stg_vendas: /* {"app": "dbt", "dbt_version": "1.12.0b3", "profile_name": "shoesbr", "target_name": "dev", "node_id": "model.shoesbr.stg_vendas"} */
alter table "shoesbr"."staging"."stg_vendas__dbt_tmp" rename to "stg_vendas"
[0m14:55:16.122048 [debug] [Thread-1 (]: SQL status: ALTER TABLE in 0.143 seconds
[0m14:55:16.125204 [debug] [Thread-1 (]: Using postgres connection "model.shoesbr.stg_vendas"
[0m14:55:16.126472 [debug] [Thread-1 (]: On model.shoesbr.stg_vendas: /* {"app": "dbt", "dbt_version": "1.12.0b3", "profile_name": "shoesbr", "target_name": "dev", "node_id": "model.shoesbr.stg_vendas"} */

    
  
  comment on view "shoesbr"."staging"."stg_vendas" is $dbt_comment_literal_block$Tabela staging com dados de vendas estruturados.$dbt_comment_literal_block$;

  
[0m14:55:16.271366 [debug] [Thread-1 (]: SQL status: COMMENT in 0.144 seconds
[0m14:55:16.285564 [debug] [Thread-1 (]: Using postgres connection "model.shoesbr.stg_vendas"
[0m14:55:16.286965 [debug] [Thread-1 (]: On model.shoesbr.stg_vendas: /* {"app": "dbt", "dbt_version": "1.12.0b3", "profile_name": "shoesbr", "target_name": "dev", "node_id": "model.shoesbr.stg_vendas"} */

      select
          column_name,
          data_type,
          character_maximum_length,
          numeric_precision,
          numeric_scale

      from "shoesbr".INFORMATION_SCHEMA.columns
      where table_name = 'stg_vendas'
        
        and table_schema = 'staging'
        
      order by ordinal_position

  
[0m14:55:16.440165 [debug] [Thread-1 (]: SQL status: SELECT 7 in 0.152 seconds
[0m14:55:16.446670 [debug] [Thread-1 (]: Using postgres connection "model.shoesbr.stg_vendas"
[0m14:55:16.447584 [debug] [Thread-1 (]: On model.shoesbr.stg_vendas: /* {"app": "dbt", "dbt_version": "1.12.0b3", "profile_name": "shoesbr", "target_name": "dev", "node_id": "model.shoesbr.stg_vendas"} */

      select
          column_name,
          data_type,
          character_maximum_length,
          numeric_precision,
          numeric_scale

      from "shoesbr".INFORMATION_SCHEMA.columns
      where table_name = 'stg_vendas'
        
        and table_schema = 'staging'
        
      order by ordinal_position

  
[0m14:55:16.598241 [debug] [Thread-1 (]: SQL status: SELECT 7 in 0.150 seconds
[0m14:55:16.602341 [debug] [Thread-1 (]: Using postgres connection "model.shoesbr.stg_vendas"
[0m14:55:16.603257 [debug] [Thread-1 (]: On model.shoesbr.stg_vendas: /* {"app": "dbt", "dbt_version": "1.12.0b3", "profile_name": "shoesbr", "target_name": "dev", "node_id": "model.shoesbr.stg_vendas"} */

    
  
  
    
    
    comment on column "shoesbr"."staging"."stg_vendas".purchase_id is $dbt_comment_literal_block$Identificador único da venda.$dbt_comment_literal_block$;
  
    
    
    comment on column "shoesbr"."staging"."stg_vendas".customer_id is $dbt_comment_literal_block$Identificador do cliente.$dbt_comment_literal_block$;
  
    
    
    comment on column "shoesbr"."staging"."stg_vendas".product_id is $dbt_comment_literal_block$Identificador do produto.$dbt_comment_literal_block$;
  
    
    
    comment on column "shoesbr"."staging"."stg_vendas".purchase_date is $dbt_comment_literal_block$Data da compra.$dbt_comment_literal_block$;
  
    
    
    comment on column "shoesbr"."staging"."stg_vendas".quantity is $dbt_comment_literal_block$Quantidade de produtos comprados.$dbt_comment_literal_block$;
  
    
    
    comment on column "shoesbr"."staging"."stg_vendas".total_price is $dbt_comment_literal_block$Preço total da compra.$dbt_comment_literal_block$;
  
    
    
    comment on column "shoesbr"."staging"."stg_vendas".payment_method is $dbt_comment_literal_block$Método de pagamento utilizado.$dbt_comment_literal_block$;
  

  
[0m14:55:16.750311 [debug] [Thread-1 (]: SQL status: COMMENT in 0.146 seconds
[0m14:55:16.752540 [debug] [Thread-1 (]: On model.shoesbr.stg_vendas: COMMIT
[0m14:55:16.753247 [debug] [Thread-1 (]: Using postgres connection "model.shoesbr.stg_vendas"
[0m14:55:16.753882 [debug] [Thread-1 (]: On model.shoesbr.stg_vendas: COMMIT
[0m14:55:16.899949 [debug] [Thread-1 (]: SQL status: COMMIT in 0.145 seconds
[0m14:55:16.909922 [debug] [Thread-1 (]: Applying DROP to: "shoesbr"."staging"."stg_vendas__dbt_backup"
[0m14:55:16.913825 [debug] [Thread-1 (]: Using postgres connection "model.shoesbr.stg_vendas"
[0m14:55:16.915869 [debug] [Thread-1 (]: On model.shoesbr.stg_vendas: /* {"app": "dbt", "dbt_version": "1.12.0b3", "profile_name": "shoesbr", "target_name": "dev", "node_id": "model.shoesbr.stg_vendas"} */
drop view if exists "shoesbr"."staging"."stg_vendas__dbt_backup" cascade
[0m14:55:17.061792 [debug] [Thread-1 (]: SQL status: DROP VIEW in 0.144 seconds
[0m14:55:17.064708 [debug] [Thread-1 (]: On model.shoesbr.stg_vendas: Close
[0m14:55:17.066169 [debug] [Thread-1 (]: Sending event: {'category': 'dbt', 'action': 'run_model', 'label': '728cbc5e-694d-4a19-a88b-42cae6cfee7a', 'context': [<snowplow_tracker.self_describing_json.SelfDescribingJson object at 0x000001C56B8339B0>]}
[0m14:55:17.067328 [info ] [Thread-1 (]: 4 of 11 OK created sql view model staging.stg_vendas ........................... [[32mCREATE VIEW[0m in 2.63s]
[0m14:55:17.068739 [debug] [Thread-1 (]: Finished running node model.shoesbr.stg_vendas
[0m14:55:17.069518 [debug] [Thread-1 (]: Began running node model.shoesbr.int_estorno
[0m14:55:17.070491 [info ] [Thread-1 (]: 5 of 11 START sql view model intermediate.int_estorno .......................... [RUN]
[0m14:55:17.071701 [debug] [Thread-1 (]: Re-using an available connection from the pool (formerly model.shoesbr.stg_vendas, now model.shoesbr.int_estorno)
[0m14:55:17.072492 [debug] [Thread-1 (]: Began compiling node model.shoesbr.int_estorno
[0m14:55:17.078941 [debug] [Thread-1 (]: Writing injected SQL for node "model.shoesbr.int_estorno"
[0m14:55:17.082365 [debug] [Thread-1 (]: Began executing node model.shoesbr.int_estorno
[0m14:55:17.091004 [debug] [Thread-1 (]: Writing runtime sql for node "model.shoesbr.int_estorno"
[0m14:55:17.095856 [debug] [Thread-1 (]: Using postgres connection "model.shoesbr.int_estorno"
[0m14:55:17.097386 [debug] [Thread-1 (]: On model.shoesbr.int_estorno: /* {"app": "dbt", "dbt_version": "1.12.0b3", "profile_name": "shoesbr", "target_name": "dev", "node_id": "model.shoesbr.int_estorno"} */

  create view "shoesbr"."intermediate"."int_estorno__dbt_tmp"
    
    
  as (
    WITH source AS (
    SELECT *
    FROM "shoesbr"."staging"."stg_estorno"
)

SELECT * FROM source
  );
[0m14:55:17.098848 [debug] [Thread-1 (]: Opening a new connection, currently in state closed
[0m14:55:18.412324 [debug] [Thread-1 (]: SQL status: CREATE VIEW in 1.313 seconds
[0m14:55:18.420396 [debug] [Thread-1 (]: Using postgres connection "model.shoesbr.int_estorno"
[0m14:55:18.421302 [debug] [Thread-1 (]: On model.shoesbr.int_estorno: /* {"app": "dbt", "dbt_version": "1.12.0b3", "profile_name": "shoesbr", "target_name": "dev", "node_id": "model.shoesbr.int_estorno"} */
alter table "shoesbr"."intermediate"."int_estorno__dbt_tmp" rename to "int_estorno"
[0m14:55:18.565033 [debug] [Thread-1 (]: SQL status: ALTER TABLE in 0.142 seconds
[0m14:55:18.572202 [debug] [Thread-1 (]: Using postgres connection "model.shoesbr.int_estorno"
[0m14:55:18.574350 [debug] [Thread-1 (]: On model.shoesbr.int_estorno: /* {"app": "dbt", "dbt_version": "1.12.0b3", "profile_name": "shoesbr", "target_name": "dev", "node_id": "model.shoesbr.int_estorno"} */

    
  
  comment on view "shoesbr"."intermediate"."int_estorno" is $dbt_comment_literal_block$Registros de estornos com informações de cliente, produto, data e motivo$dbt_comment_literal_block$;

  
[0m14:55:18.718973 [debug] [Thread-1 (]: SQL status: COMMENT in 0.142 seconds
[0m14:55:18.733541 [debug] [Thread-1 (]: Using postgres connection "model.shoesbr.int_estorno"
[0m14:55:18.734950 [debug] [Thread-1 (]: On model.shoesbr.int_estorno: /* {"app": "dbt", "dbt_version": "1.12.0b3", "profile_name": "shoesbr", "target_name": "dev", "node_id": "model.shoesbr.int_estorno"} */

      select
          column_name,
          data_type,
          character_maximum_length,
          numeric_precision,
          numeric_scale

      from "shoesbr".INFORMATION_SCHEMA.columns
      where table_name = 'int_estorno'
        
        and table_schema = 'intermediate'
        
      order by ordinal_position

  
[0m14:55:18.886075 [debug] [Thread-1 (]: SQL status: SELECT 6 in 0.149 seconds
[0m14:55:18.901193 [debug] [Thread-1 (]: Using postgres connection "model.shoesbr.int_estorno"
[0m14:55:18.902733 [debug] [Thread-1 (]: On model.shoesbr.int_estorno: /* {"app": "dbt", "dbt_version": "1.12.0b3", "profile_name": "shoesbr", "target_name": "dev", "node_id": "model.shoesbr.int_estorno"} */

      select
          column_name,
          data_type,
          character_maximum_length,
          numeric_precision,
          numeric_scale

      from "shoesbr".INFORMATION_SCHEMA.columns
      where table_name = 'int_estorno'
        
        and table_schema = 'intermediate'
        
      order by ordinal_position

  
[0m14:55:19.048823 [debug] [Thread-1 (]: SQL status: SELECT 6 in 0.145 seconds
[0m14:55:19.054929 [debug] [Thread-1 (]: Using postgres connection "model.shoesbr.int_estorno"
[0m14:55:19.056336 [debug] [Thread-1 (]: On model.shoesbr.int_estorno: /* {"app": "dbt", "dbt_version": "1.12.0b3", "profile_name": "shoesbr", "target_name": "dev", "node_id": "model.shoesbr.int_estorno"} */

    
  
  
    
    
    comment on column "shoesbr"."intermediate"."int_estorno".purchase_id is $dbt_comment_literal_block$Identificador da compra estornada$dbt_comment_literal_block$;
  
    
    
    comment on column "shoesbr"."intermediate"."int_estorno".customer_id is $dbt_comment_literal_block$Identificador do cliente$dbt_comment_literal_block$;
  
    
    
    comment on column "shoesbr"."intermediate"."int_estorno".product_id is $dbt_comment_literal_block$Identificador do produto estornado$dbt_comment_literal_block$;
  
    
    
    comment on column "shoesbr"."intermediate"."int_estorno".refund_date is $dbt_comment_literal_block$Data do estorno$dbt_comment_literal_block$;
  
    
    
    comment on column "shoesbr"."intermediate"."int_estorno".refund_reason is $dbt_comment_literal_block$Motivo do estorno$dbt_comment_literal_block$;
  
    
    
    comment on column "shoesbr"."intermediate"."int_estorno".refund_amount is $dbt_comment_literal_block$Valor reembolsado$dbt_comment_literal_block$;
  

  
[0m14:55:19.200157 [debug] [Thread-1 (]: SQL status: COMMENT in 0.143 seconds
[0m14:55:19.202467 [debug] [Thread-1 (]: On model.shoesbr.int_estorno: COMMIT
[0m14:55:19.203253 [debug] [Thread-1 (]: Using postgres connection "model.shoesbr.int_estorno"
[0m14:55:19.203936 [debug] [Thread-1 (]: On model.shoesbr.int_estorno: COMMIT
[0m14:55:19.353549 [debug] [Thread-1 (]: SQL status: COMMIT in 0.149 seconds
[0m14:55:19.357565 [debug] [Thread-1 (]: Applying DROP to: "shoesbr"."intermediate"."int_estorno__dbt_backup"
[0m14:55:19.358758 [debug] [Thread-1 (]: Using postgres connection "model.shoesbr.int_estorno"
[0m14:55:19.359523 [debug] [Thread-1 (]: On model.shoesbr.int_estorno: /* {"app": "dbt", "dbt_version": "1.12.0b3", "profile_name": "shoesbr", "target_name": "dev", "node_id": "model.shoesbr.int_estorno"} */
drop view if exists "shoesbr"."intermediate"."int_estorno__dbt_backup" cascade
[0m14:55:19.502458 [debug] [Thread-1 (]: SQL status: DROP VIEW in 0.142 seconds
[0m14:55:19.506324 [debug] [Thread-1 (]: On model.shoesbr.int_estorno: Close
[0m14:55:19.508160 [debug] [Thread-1 (]: Sending event: {'category': 'dbt', 'action': 'run_model', 'label': '728cbc5e-694d-4a19-a88b-42cae6cfee7a', 'context': [<snowplow_tracker.self_describing_json.SelfDescribingJson object at 0x000001C56B833FB0>]}
[0m14:55:19.509614 [info ] [Thread-1 (]: 5 of 11 OK created sql view model intermediate.int_estorno ..................... [[32mCREATE VIEW[0m in 2.44s]
[0m14:55:19.511510 [debug] [Thread-1 (]: Finished running node model.shoesbr.int_estorno
[0m14:55:19.512781 [debug] [Thread-1 (]: Began running node model.shoesbr.int_clientes
[0m14:55:19.513943 [info ] [Thread-1 (]: 6 of 11 START sql view model intermediate.int_clientes ......................... [RUN]
[0m14:55:19.515229 [debug] [Thread-1 (]: Re-using an available connection from the pool (formerly model.shoesbr.int_estorno, now model.shoesbr.int_clientes)
[0m14:55:19.516620 [debug] [Thread-1 (]: Began compiling node model.shoesbr.int_clientes
[0m14:55:19.524595 [debug] [Thread-1 (]: Writing injected SQL for node "model.shoesbr.int_clientes"
[0m14:55:19.527468 [debug] [Thread-1 (]: Began executing node model.shoesbr.int_clientes
[0m14:55:19.539877 [debug] [Thread-1 (]: Writing runtime sql for node "model.shoesbr.int_clientes"
[0m14:55:19.543431 [debug] [Thread-1 (]: Using postgres connection "model.shoesbr.int_clientes"
[0m14:55:19.544790 [debug] [Thread-1 (]: On model.shoesbr.int_clientes: /* {"app": "dbt", "dbt_version": "1.12.0b3", "profile_name": "shoesbr", "target_name": "dev", "node_id": "model.shoesbr.int_clientes"} */

  create view "shoesbr"."intermediate"."int_clientes__dbt_tmp"
    
    
  as (
    WITH clientes AS (
    SELECT * FROM "shoesbr"."staging"."stg_clientes"
),

vendas AS (
    SELECT customer_id, SUM(total_price) AS total_gasto, COUNT(*) AS total_compras
    FROM "shoesbr"."staging"."stg_vendas"
    GROUP BY customer_id
)

SELECT 
    c.customer_id,
    c.customer_name,
    c.customer_address,
    c.customer_phone,
    c.customer_email,
    COALESCE(v.total_gasto, 0) AS total_gasto,
    COALESCE(v.total_compras, 0) AS total_compras
FROM clientes c
LEFT JOIN vendas v ON c.customer_id = v.customer_id
ORDER BY total_compras DESC
  );
[0m14:55:19.546694 [debug] [Thread-1 (]: Opening a new connection, currently in state closed
[0m14:55:20.890293 [debug] [Thread-1 (]: SQL status: CREATE VIEW in 1.344 seconds
[0m14:55:20.905247 [debug] [Thread-1 (]: Using postgres connection "model.shoesbr.int_clientes"
[0m14:55:20.907639 [debug] [Thread-1 (]: On model.shoesbr.int_clientes: /* {"app": "dbt", "dbt_version": "1.12.0b3", "profile_name": "shoesbr", "target_name": "dev", "node_id": "model.shoesbr.int_clientes"} */
alter table "shoesbr"."intermediate"."int_clientes__dbt_tmp" rename to "int_clientes"
[0m14:55:21.054400 [debug] [Thread-1 (]: SQL status: ALTER TABLE in 0.145 seconds
[0m14:55:21.058711 [debug] [Thread-1 (]: Using postgres connection "model.shoesbr.int_clientes"
[0m14:55:21.059651 [debug] [Thread-1 (]: On model.shoesbr.int_clientes: /* {"app": "dbt", "dbt_version": "1.12.0b3", "profile_name": "shoesbr", "target_name": "dev", "node_id": "model.shoesbr.int_clientes"} */

    
  
  comment on view "shoesbr"."intermediate"."int_clientes" is $dbt_comment_literal_block$Tabela intermediária consolidando dados de clientes e compras.$dbt_comment_literal_block$;

  
[0m14:55:21.203104 [debug] [Thread-1 (]: SQL status: COMMENT in 0.142 seconds
[0m14:55:21.222535 [debug] [Thread-1 (]: Using postgres connection "model.shoesbr.int_clientes"
[0m14:55:21.223417 [debug] [Thread-1 (]: On model.shoesbr.int_clientes: /* {"app": "dbt", "dbt_version": "1.12.0b3", "profile_name": "shoesbr", "target_name": "dev", "node_id": "model.shoesbr.int_clientes"} */

      select
          column_name,
          data_type,
          character_maximum_length,
          numeric_precision,
          numeric_scale

      from "shoesbr".INFORMATION_SCHEMA.columns
      where table_name = 'int_clientes'
        
        and table_schema = 'intermediate'
        
      order by ordinal_position

  
[0m14:55:21.374221 [debug] [Thread-1 (]: SQL status: SELECT 7 in 0.149 seconds
[0m14:55:21.383926 [debug] [Thread-1 (]: Using postgres connection "model.shoesbr.int_clientes"
[0m14:55:21.385333 [debug] [Thread-1 (]: On model.shoesbr.int_clientes: /* {"app": "dbt", "dbt_version": "1.12.0b3", "profile_name": "shoesbr", "target_name": "dev", "node_id": "model.shoesbr.int_clientes"} */

      select
          column_name,
          data_type,
          character_maximum_length,
          numeric_precision,
          numeric_scale

      from "shoesbr".INFORMATION_SCHEMA.columns
      where table_name = 'int_clientes'
        
        and table_schema = 'intermediate'
        
      order by ordinal_position

  
[0m14:55:21.531272 [debug] [Thread-1 (]: SQL status: SELECT 7 in 0.145 seconds
[0m14:55:21.535150 [debug] [Thread-1 (]: Using postgres connection "model.shoesbr.int_clientes"
[0m14:55:21.536003 [debug] [Thread-1 (]: On model.shoesbr.int_clientes: /* {"app": "dbt", "dbt_version": "1.12.0b3", "profile_name": "shoesbr", "target_name": "dev", "node_id": "model.shoesbr.int_clientes"} */

    
  
  
    
    
    comment on column "shoesbr"."intermediate"."int_clientes".customer_id is $dbt_comment_literal_block$Identificador único do cliente.$dbt_comment_literal_block$;
  
    
    
    comment on column "shoesbr"."intermediate"."int_clientes".customer_name is $dbt_comment_literal_block$Nome completo do cliente.$dbt_comment_literal_block$;
  
    
    
    comment on column "shoesbr"."intermediate"."int_clientes".customer_address is $dbt_comment_literal_block$Endereço do cliente.$dbt_comment_literal_block$;
  
    
    
    comment on column "shoesbr"."intermediate"."int_clientes".customer_phone is $dbt_comment_literal_block$Número de telefone do cliente.$dbt_comment_literal_block$;
  
    
    
    comment on column "shoesbr"."intermediate"."int_clientes".customer_email is $dbt_comment_literal_block$E-mail do cliente.$dbt_comment_literal_block$;
  
    
    
    comment on column "shoesbr"."intermediate"."int_clientes".total_gasto is $dbt_comment_literal_block$Total gasto pelo cliente.$dbt_comment_literal_block$;
  
    
    
    comment on column "shoesbr"."intermediate"."int_clientes".total_compras is $dbt_comment_literal_block$Número total de compras realizadas pelo cliente.$dbt_comment_literal_block$;
  

  
[0m14:55:21.679486 [debug] [Thread-1 (]: SQL status: COMMENT in 0.143 seconds
[0m14:55:21.682248 [debug] [Thread-1 (]: On model.shoesbr.int_clientes: COMMIT
[0m14:55:21.683055 [debug] [Thread-1 (]: Using postgres connection "model.shoesbr.int_clientes"
[0m14:55:21.683766 [debug] [Thread-1 (]: On model.shoesbr.int_clientes: COMMIT
[0m14:55:21.826521 [debug] [Thread-1 (]: SQL status: COMMIT in 0.142 seconds
[0m14:55:21.831720 [debug] [Thread-1 (]: Applying DROP to: "shoesbr"."intermediate"."int_clientes__dbt_backup"
[0m14:55:21.833009 [debug] [Thread-1 (]: Using postgres connection "model.shoesbr.int_clientes"
[0m14:55:21.833863 [debug] [Thread-1 (]: On model.shoesbr.int_clientes: /* {"app": "dbt", "dbt_version": "1.12.0b3", "profile_name": "shoesbr", "target_name": "dev", "node_id": "model.shoesbr.int_clientes"} */
drop view if exists "shoesbr"."intermediate"."int_clientes__dbt_backup" cascade
[0m14:55:21.977453 [debug] [Thread-1 (]: SQL status: DROP VIEW in 0.142 seconds
[0m14:55:21.984850 [debug] [Thread-1 (]: On model.shoesbr.int_clientes: Close
[0m14:55:21.987313 [debug] [Thread-1 (]: Sending event: {'category': 'dbt', 'action': 'run_model', 'label': '728cbc5e-694d-4a19-a88b-42cae6cfee7a', 'context': [<snowplow_tracker.self_describing_json.SelfDescribingJson object at 0x000001C56B8339B0>]}
[0m14:55:21.989646 [info ] [Thread-1 (]: 6 of 11 OK created sql view model intermediate.int_clientes .................... [[32mCREATE VIEW[0m in 2.47s]
[0m14:55:21.991871 [debug] [Thread-1 (]: Finished running node model.shoesbr.int_clientes
[0m14:55:21.993127 [debug] [Thread-1 (]: Began running node model.shoesbr.int_produtos
[0m14:55:21.994816 [info ] [Thread-1 (]: 7 of 11 START sql view model intermediate.int_produtos ......................... [RUN]
[0m14:55:21.996440 [debug] [Thread-1 (]: Re-using an available connection from the pool (formerly model.shoesbr.int_clientes, now model.shoesbr.int_produtos)
[0m14:55:21.998051 [debug] [Thread-1 (]: Began compiling node model.shoesbr.int_produtos
[0m14:55:22.006494 [debug] [Thread-1 (]: Writing injected SQL for node "model.shoesbr.int_produtos"
[0m14:55:22.009164 [debug] [Thread-1 (]: Began executing node model.shoesbr.int_produtos
[0m14:55:22.021613 [debug] [Thread-1 (]: Writing runtime sql for node "model.shoesbr.int_produtos"
[0m14:55:22.024781 [debug] [Thread-1 (]: Using postgres connection "model.shoesbr.int_produtos"
[0m14:55:22.026232 [debug] [Thread-1 (]: On model.shoesbr.int_produtos: /* {"app": "dbt", "dbt_version": "1.12.0b3", "profile_name": "shoesbr", "target_name": "dev", "node_id": "model.shoesbr.int_produtos"} */

  create view "shoesbr"."intermediate"."int_produtos__dbt_tmp"
    
    
  as (
    WITH produtos AS (
    SELECT * FROM "shoesbr"."staging"."stg_produtos"
),

vendas AS (
    SELECT product_id, 
    SUM(quantity) AS total_vendido, 
    SUM(total_price) AS total_faturado
    FROM "shoesbr"."staging"."stg_vendas"
    GROUP BY product_id
)

SELECT 
    p.product_id,
    p.name_product,
    p.price_product,
    COALESCE(v.total_vendido, 0) AS total_vendido,
    COALESCE(v.total_faturado, 0) AS total_faturado
FROM produtos p
LEFT JOIN vendas v ON p.product_id = v.product_id
ORDER BY total_faturado DESC
  );
[0m14:55:22.027650 [debug] [Thread-1 (]: Opening a new connection, currently in state closed
[0m14:55:23.332180 [debug] [Thread-1 (]: SQL status: CREATE VIEW in 1.304 seconds
[0m14:55:23.344162 [debug] [Thread-1 (]: Using postgres connection "model.shoesbr.int_produtos"
[0m14:55:23.345802 [debug] [Thread-1 (]: On model.shoesbr.int_produtos: /* {"app": "dbt", "dbt_version": "1.12.0b3", "profile_name": "shoesbr", "target_name": "dev", "node_id": "model.shoesbr.int_produtos"} */
alter table "shoesbr"."intermediate"."int_produtos__dbt_tmp" rename to "int_produtos"
[0m14:55:23.489526 [debug] [Thread-1 (]: SQL status: ALTER TABLE in 0.143 seconds
[0m14:55:23.492473 [debug] [Thread-1 (]: Using postgres connection "model.shoesbr.int_produtos"
[0m14:55:23.493267 [debug] [Thread-1 (]: On model.shoesbr.int_produtos: /* {"app": "dbt", "dbt_version": "1.12.0b3", "profile_name": "shoesbr", "target_name": "dev", "node_id": "model.shoesbr.int_produtos"} */

    
  
  comment on view "shoesbr"."intermediate"."int_produtos" is $dbt_comment_literal_block$Tabela intermediária consolidando dados de produtos e vendas.$dbt_comment_literal_block$;

  
[0m14:55:23.636970 [debug] [Thread-1 (]: SQL status: COMMENT in 0.143 seconds
[0m14:55:23.643741 [debug] [Thread-1 (]: Using postgres connection "model.shoesbr.int_produtos"
[0m14:55:23.644674 [debug] [Thread-1 (]: On model.shoesbr.int_produtos: /* {"app": "dbt", "dbt_version": "1.12.0b3", "profile_name": "shoesbr", "target_name": "dev", "node_id": "model.shoesbr.int_produtos"} */

      select
          column_name,
          data_type,
          character_maximum_length,
          numeric_precision,
          numeric_scale

      from "shoesbr".INFORMATION_SCHEMA.columns
      where table_name = 'int_produtos'
        
        and table_schema = 'intermediate'
        
      order by ordinal_position

  
[0m14:55:23.794296 [debug] [Thread-1 (]: SQL status: SELECT 5 in 0.148 seconds
[0m14:55:23.801666 [debug] [Thread-1 (]: Using postgres connection "model.shoesbr.int_produtos"
[0m14:55:23.802516 [debug] [Thread-1 (]: On model.shoesbr.int_produtos: /* {"app": "dbt", "dbt_version": "1.12.0b3", "profile_name": "shoesbr", "target_name": "dev", "node_id": "model.shoesbr.int_produtos"} */

      select
          column_name,
          data_type,
          character_maximum_length,
          numeric_precision,
          numeric_scale

      from "shoesbr".INFORMATION_SCHEMA.columns
      where table_name = 'int_produtos'
        
        and table_schema = 'intermediate'
        
      order by ordinal_position

  
[0m14:55:23.948133 [debug] [Thread-1 (]: SQL status: SELECT 5 in 0.145 seconds
[0m14:55:23.954165 [debug] [Thread-1 (]: Using postgres connection "model.shoesbr.int_produtos"
[0m14:55:23.955604 [debug] [Thread-1 (]: On model.shoesbr.int_produtos: /* {"app": "dbt", "dbt_version": "1.12.0b3", "profile_name": "shoesbr", "target_name": "dev", "node_id": "model.shoesbr.int_produtos"} */

    
  
  
    
    
    comment on column "shoesbr"."intermediate"."int_produtos".product_id is $dbt_comment_literal_block$Identificador único do produto.$dbt_comment_literal_block$;
  
    
    
    comment on column "shoesbr"."intermediate"."int_produtos".name_product is $dbt_comment_literal_block$Nome do produto.$dbt_comment_literal_block$;
  
    
    
    comment on column "shoesbr"."intermediate"."int_produtos".price_product is $dbt_comment_literal_block$Preço do produto.$dbt_comment_literal_block$;
  
    
    
    comment on column "shoesbr"."intermediate"."int_produtos".total_vendido is $dbt_comment_literal_block$Quantidade total vendida do produto.$dbt_comment_literal_block$;
  
    
    
    comment on column "shoesbr"."intermediate"."int_produtos".total_faturado is $dbt_comment_literal_block$Valor total faturado com o produto.$dbt_comment_literal_block$;
  

  
[0m14:55:24.101474 [debug] [Thread-1 (]: SQL status: COMMENT in 0.144 seconds
[0m14:55:24.105336 [debug] [Thread-1 (]: On model.shoesbr.int_produtos: COMMIT
[0m14:55:24.106550 [debug] [Thread-1 (]: Using postgres connection "model.shoesbr.int_produtos"
[0m14:55:24.107730 [debug] [Thread-1 (]: On model.shoesbr.int_produtos: COMMIT
[0m14:55:24.254499 [debug] [Thread-1 (]: SQL status: COMMIT in 0.146 seconds
[0m14:55:24.258920 [debug] [Thread-1 (]: Applying DROP to: "shoesbr"."intermediate"."int_produtos__dbt_backup"
[0m14:55:24.260044 [debug] [Thread-1 (]: Using postgres connection "model.shoesbr.int_produtos"
[0m14:55:24.260794 [debug] [Thread-1 (]: On model.shoesbr.int_produtos: /* {"app": "dbt", "dbt_version": "1.12.0b3", "profile_name": "shoesbr", "target_name": "dev", "node_id": "model.shoesbr.int_produtos"} */
drop view if exists "shoesbr"."intermediate"."int_produtos__dbt_backup" cascade
[0m14:55:24.407012 [debug] [Thread-1 (]: SQL status: DROP VIEW in 0.145 seconds
[0m14:55:24.409860 [debug] [Thread-1 (]: On model.shoesbr.int_produtos: Close
[0m14:55:24.411509 [debug] [Thread-1 (]: Sending event: {'category': 'dbt', 'action': 'run_model', 'label': '728cbc5e-694d-4a19-a88b-42cae6cfee7a', 'context': [<snowplow_tracker.self_describing_json.SelfDescribingJson object at 0x000001C56B830650>]}
[0m14:55:24.412919 [info ] [Thread-1 (]: 7 of 11 OK created sql view model intermediate.int_produtos .................... [[32mCREATE VIEW[0m in 2.42s]
[0m14:55:24.414643 [debug] [Thread-1 (]: Finished running node model.shoesbr.int_produtos
[0m14:55:24.415502 [debug] [Thread-1 (]: Began running node model.shoesbr.int_vendas
[0m14:55:24.416734 [info ] [Thread-1 (]: 8 of 11 START sql view model intermediate.int_vendas ........................... [RUN]
[0m14:55:24.418370 [debug] [Thread-1 (]: Re-using an available connection from the pool (formerly model.shoesbr.int_produtos, now model.shoesbr.int_vendas)
[0m14:55:24.419580 [debug] [Thread-1 (]: Began compiling node model.shoesbr.int_vendas
[0m14:55:24.427629 [debug] [Thread-1 (]: Writing injected SQL for node "model.shoesbr.int_vendas"
[0m14:55:24.430585 [debug] [Thread-1 (]: Began executing node model.shoesbr.int_vendas
[0m14:55:24.439333 [debug] [Thread-1 (]: Writing runtime sql for node "model.shoesbr.int_vendas"
[0m14:55:24.441685 [debug] [Thread-1 (]: Using postgres connection "model.shoesbr.int_vendas"
[0m14:55:24.443025 [debug] [Thread-1 (]: On model.shoesbr.int_vendas: /* {"app": "dbt", "dbt_version": "1.12.0b3", "profile_name": "shoesbr", "target_name": "dev", "node_id": "model.shoesbr.int_vendas"} */

  create view "shoesbr"."intermediate"."int_vendas__dbt_tmp"
    
    
  as (
    WITH vendas AS (
    SELECT * FROM "shoesbr"."staging"."stg_vendas"
),

estornos AS (
    SELECT purchase_id, refund_amount, refund_reason
    FROM "shoesbr"."staging"."stg_estorno"
)

SELECT 
    v.purchase_id,
    v.customer_id,
    v.product_id,
    v.purchase_date,
    v.quantity,
    v.total_price,
    v.payment_method,
    COALESCE(e.refund_amount, 0) AS valor_estornado,
    e.refund_reason
FROM vendas v
LEFT JOIN estornos e ON v.purchase_id = e.purchase_id
  );
[0m14:55:24.444020 [debug] [Thread-1 (]: Opening a new connection, currently in state closed
[0m14:55:25.781928 [debug] [Thread-1 (]: SQL status: CREATE VIEW in 1.337 seconds
[0m14:55:25.795886 [debug] [Thread-1 (]: Using postgres connection "model.shoesbr.int_vendas"
[0m14:55:25.797892 [debug] [Thread-1 (]: On model.shoesbr.int_vendas: /* {"app": "dbt", "dbt_version": "1.12.0b3", "profile_name": "shoesbr", "target_name": "dev", "node_id": "model.shoesbr.int_vendas"} */
alter table "shoesbr"."intermediate"."int_vendas__dbt_tmp" rename to "int_vendas"
[0m14:55:25.944026 [debug] [Thread-1 (]: SQL status: ALTER TABLE in 0.144 seconds
[0m14:55:25.950735 [debug] [Thread-1 (]: Using postgres connection "model.shoesbr.int_vendas"
[0m14:55:25.952337 [debug] [Thread-1 (]: On model.shoesbr.int_vendas: /* {"app": "dbt", "dbt_version": "1.12.0b3", "profile_name": "shoesbr", "target_name": "dev", "node_id": "model.shoesbr.int_vendas"} */

    
  
  comment on view "shoesbr"."intermediate"."int_vendas" is $dbt_comment_literal_block$Tabela intermediária consolidando vendas e estornos.$dbt_comment_literal_block$;

  
[0m14:55:26.098172 [debug] [Thread-1 (]: SQL status: COMMENT in 0.144 seconds
[0m14:55:26.106962 [debug] [Thread-1 (]: Using postgres connection "model.shoesbr.int_vendas"
[0m14:55:26.108426 [debug] [Thread-1 (]: On model.shoesbr.int_vendas: /* {"app": "dbt", "dbt_version": "1.12.0b3", "profile_name": "shoesbr", "target_name": "dev", "node_id": "model.shoesbr.int_vendas"} */

      select
          column_name,
          data_type,
          character_maximum_length,
          numeric_precision,
          numeric_scale

      from "shoesbr".INFORMATION_SCHEMA.columns
      where table_name = 'int_vendas'
        
        and table_schema = 'intermediate'
        
      order by ordinal_position

  
[0m14:55:26.260767 [debug] [Thread-1 (]: SQL status: SELECT 9 in 0.151 seconds
[0m14:55:26.273574 [debug] [Thread-1 (]: Using postgres connection "model.shoesbr.int_vendas"
[0m14:55:26.275007 [debug] [Thread-1 (]: On model.shoesbr.int_vendas: /* {"app": "dbt", "dbt_version": "1.12.0b3", "profile_name": "shoesbr", "target_name": "dev", "node_id": "model.shoesbr.int_vendas"} */

      select
          column_name,
          data_type,
          character_maximum_length,
          numeric_precision,
          numeric_scale

      from "shoesbr".INFORMATION_SCHEMA.columns
      where table_name = 'int_vendas'
        
        and table_schema = 'intermediate'
        
      order by ordinal_position

  
[0m14:55:26.421496 [debug] [Thread-1 (]: SQL status: SELECT 9 in 0.145 seconds
[0m14:55:26.428547 [debug] [Thread-1 (]: Using postgres connection "model.shoesbr.int_vendas"
[0m14:55:26.430032 [debug] [Thread-1 (]: On model.shoesbr.int_vendas: /* {"app": "dbt", "dbt_version": "1.12.0b3", "profile_name": "shoesbr", "target_name": "dev", "node_id": "model.shoesbr.int_vendas"} */

    
  
  
    
    
    comment on column "shoesbr"."intermediate"."int_vendas".purchase_id is $dbt_comment_literal_block$Identificador único da venda.$dbt_comment_literal_block$;
  
    
    
    comment on column "shoesbr"."intermediate"."int_vendas".customer_id is $dbt_comment_literal_block$Identificador do cliente.$dbt_comment_literal_block$;
  
    
    
    comment on column "shoesbr"."intermediate"."int_vendas".product_id is $dbt_comment_literal_block$Identificador do produto.$dbt_comment_literal_block$;
  
    
    
    comment on column "shoesbr"."intermediate"."int_vendas".purchase_date is $dbt_comment_literal_block$Data da compra.$dbt_comment_literal_block$;
  
    
    
    comment on column "shoesbr"."intermediate"."int_vendas".quantity is $dbt_comment_literal_block$Quantidade de produtos comprados.$dbt_comment_literal_block$;
  
    
    
    comment on column "shoesbr"."intermediate"."int_vendas".total_price is $dbt_comment_literal_block$Preço total da compra.$dbt_comment_literal_block$;
  
    
    
    comment on column "shoesbr"."intermediate"."int_vendas".payment_method is $dbt_comment_literal_block$Método de pagamento utilizado.$dbt_comment_literal_block$;
  
    
    
    comment on column "shoesbr"."intermediate"."int_vendas".valor_estornado is $dbt_comment_literal_block$Valor estornado na compra.$dbt_comment_literal_block$;
  
    
    
    comment on column "shoesbr"."intermediate"."int_vendas".refund_reason is $dbt_comment_literal_block$Motivo do estorno, caso tenha ocorrido.$dbt_comment_literal_block$;
  

  
[0m14:55:26.573622 [debug] [Thread-1 (]: SQL status: COMMENT in 0.142 seconds
[0m14:55:26.576641 [debug] [Thread-1 (]: On model.shoesbr.int_vendas: COMMIT
[0m14:55:26.577629 [debug] [Thread-1 (]: Using postgres connection "model.shoesbr.int_vendas"
[0m14:55:26.578811 [debug] [Thread-1 (]: On model.shoesbr.int_vendas: COMMIT
[0m14:55:26.729032 [debug] [Thread-1 (]: SQL status: COMMIT in 0.148 seconds
[0m14:55:26.747617 [debug] [Thread-1 (]: Applying DROP to: "shoesbr"."intermediate"."int_vendas__dbt_backup"
[0m14:55:26.750481 [debug] [Thread-1 (]: Using postgres connection "model.shoesbr.int_vendas"
[0m14:55:26.757326 [debug] [Thread-1 (]: On model.shoesbr.int_vendas: /* {"app": "dbt", "dbt_version": "1.12.0b3", "profile_name": "shoesbr", "target_name": "dev", "node_id": "model.shoesbr.int_vendas"} */
drop view if exists "shoesbr"."intermediate"."int_vendas__dbt_backup" cascade
[0m14:55:26.901172 [debug] [Thread-1 (]: SQL status: DROP VIEW in 0.141 seconds
[0m14:55:26.908297 [debug] [Thread-1 (]: On model.shoesbr.int_vendas: Close
[0m14:55:26.910660 [debug] [Thread-1 (]: Sending event: {'category': 'dbt', 'action': 'run_model', 'label': '728cbc5e-694d-4a19-a88b-42cae6cfee7a', 'context': [<snowplow_tracker.self_describing_json.SelfDescribingJson object at 0x000001C56B833DD0>]}
[0m14:55:26.912706 [info ] [Thread-1 (]: 8 of 11 OK created sql view model intermediate.int_vendas ...................... [[32mCREATE VIEW[0m in 2.49s]
[0m14:55:26.917497 [debug] [Thread-1 (]: Finished running node model.shoesbr.int_vendas
[0m14:55:26.920600 [debug] [Thread-1 (]: Began running node model.shoesbr.dim_clientes_analitico
[0m14:55:26.923073 [info ] [Thread-1 (]: 9 of 11 START sql table model marts.dim_clientes_analitico ..................... [RUN]
[0m14:55:26.926447 [debug] [Thread-1 (]: Re-using an available connection from the pool (formerly model.shoesbr.int_vendas, now model.shoesbr.dim_clientes_analitico)
[0m14:55:26.928008 [debug] [Thread-1 (]: Began compiling node model.shoesbr.dim_clientes_analitico
[0m14:55:26.938660 [debug] [Thread-1 (]: Writing injected SQL for node "model.shoesbr.dim_clientes_analitico"
[0m14:55:26.942973 [debug] [Thread-1 (]: Began executing node model.shoesbr.dim_clientes_analitico
[0m14:55:27.031628 [debug] [Thread-1 (]: Writing runtime sql for node "model.shoesbr.dim_clientes_analitico"
[0m14:55:27.035483 [debug] [Thread-1 (]: Using postgres connection "model.shoesbr.dim_clientes_analitico"
[0m14:55:27.041357 [debug] [Thread-1 (]: On model.shoesbr.dim_clientes_analitico: /* {"app": "dbt", "dbt_version": "1.12.0b3", "profile_name": "shoesbr", "target_name": "dev", "node_id": "model.shoesbr.dim_clientes_analitico"} */

  
    

  create  table "shoesbr"."marts"."dim_clientes_analitico__dbt_tmp"
  
  
    as
  
  (
    WITH clientes AS (
    SELECT * FROM "shoesbr"."intermediate"."int_clientes"
),

vendas AS (
    SELECT * FROM "shoesbr"."intermediate"."int_vendas"
),

estornos AS (
    SELECT * FROM "shoesbr"."intermediate"."int_estorno"
)

SELECT 
    c.customer_id,
    c.customer_name,
    c.customer_email,
    c.customer_phone,
    c.customer_address,
    COALESCE(SUM(v.total_price), 0) AS total_gasto,
    COUNT(v.purchase_id) AS total_compras,
    COUNT(DISTINCT v.product_id) AS diversidade_produtos,
    COUNT(e.purchase_id) AS total_estornos
FROM clientes c
LEFT JOIN vendas v ON c.customer_id = v.customer_id
LEFT JOIN estornos e ON v.purchase_id = e.purchase_id
GROUP BY c.customer_id, c.customer_name, c.customer_email, c.customer_phone, c.customer_address
  );
  
[0m14:55:27.043465 [debug] [Thread-1 (]: Opening a new connection, currently in state closed
[0m14:55:28.398714 [debug] [Thread-1 (]: SQL status: SELECT 500 in 1.355 seconds
[0m14:55:28.422747 [debug] [Thread-1 (]: Using postgres connection "model.shoesbr.dim_clientes_analitico"
[0m14:55:28.424066 [debug] [Thread-1 (]: On model.shoesbr.dim_clientes_analitico: /* {"app": "dbt", "dbt_version": "1.12.0b3", "profile_name": "shoesbr", "target_name": "dev", "node_id": "model.shoesbr.dim_clientes_analitico"} */
alter table "shoesbr"."marts"."dim_clientes_analitico" rename to "dim_clientes_analitico__dbt_backup"
[0m14:55:28.567199 [debug] [Thread-1 (]: SQL status: ALTER TABLE in 0.142 seconds
[0m14:55:28.581962 [debug] [Thread-1 (]: Using postgres connection "model.shoesbr.dim_clientes_analitico"
[0m14:55:28.583742 [debug] [Thread-1 (]: On model.shoesbr.dim_clientes_analitico: /* {"app": "dbt", "dbt_version": "1.12.0b3", "profile_name": "shoesbr", "target_name": "dev", "node_id": "model.shoesbr.dim_clientes_analitico"} */
alter table "shoesbr"."marts"."dim_clientes_analitico__dbt_tmp" rename to "dim_clientes_analitico"
[0m14:55:28.728609 [debug] [Thread-1 (]: SQL status: ALTER TABLE in 0.143 seconds
[0m14:55:28.736796 [debug] [Thread-1 (]: Using postgres connection "model.shoesbr.dim_clientes_analitico"
[0m14:55:28.739795 [debug] [Thread-1 (]: On model.shoesbr.dim_clientes_analitico: /* {"app": "dbt", "dbt_version": "1.12.0b3", "profile_name": "shoesbr", "target_name": "dev", "node_id": "model.shoesbr.dim_clientes_analitico"} */

    
  
  comment on table "shoesbr"."marts"."dim_clientes_analitico" is $dbt_comment_literal_block$Dimensão analítica com dados do cliente e métricas de compra$dbt_comment_literal_block$;

  
[0m14:55:28.886015 [debug] [Thread-1 (]: SQL status: COMMENT in 0.144 seconds
[0m14:55:28.893280 [debug] [Thread-1 (]: Using postgres connection "model.shoesbr.dim_clientes_analitico"
[0m14:55:28.894362 [debug] [Thread-1 (]: On model.shoesbr.dim_clientes_analitico: /* {"app": "dbt", "dbt_version": "1.12.0b3", "profile_name": "shoesbr", "target_name": "dev", "node_id": "model.shoesbr.dim_clientes_analitico"} */

      select
          column_name,
          data_type,
          character_maximum_length,
          numeric_precision,
          numeric_scale

      from "shoesbr".INFORMATION_SCHEMA.columns
      where table_name = 'dim_clientes_analitico'
        
        and table_schema = 'marts'
        
      order by ordinal_position

  
[0m14:55:29.042707 [debug] [Thread-1 (]: SQL status: SELECT 9 in 0.147 seconds
[0m14:55:29.051326 [debug] [Thread-1 (]: Using postgres connection "model.shoesbr.dim_clientes_analitico"
[0m14:55:29.052894 [debug] [Thread-1 (]: On model.shoesbr.dim_clientes_analitico: /* {"app": "dbt", "dbt_version": "1.12.0b3", "profile_name": "shoesbr", "target_name": "dev", "node_id": "model.shoesbr.dim_clientes_analitico"} */

      select
          column_name,
          data_type,
          character_maximum_length,
          numeric_precision,
          numeric_scale

      from "shoesbr".INFORMATION_SCHEMA.columns
      where table_name = 'dim_clientes_analitico'
        
        and table_schema = 'marts'
        
      order by ordinal_position

  
[0m14:55:29.200698 [debug] [Thread-1 (]: SQL status: SELECT 9 in 0.146 seconds
[0m14:55:29.207476 [debug] [Thread-1 (]: Using postgres connection "model.shoesbr.dim_clientes_analitico"
[0m14:55:29.208890 [debug] [Thread-1 (]: On model.shoesbr.dim_clientes_analitico: /* {"app": "dbt", "dbt_version": "1.12.0b3", "profile_name": "shoesbr", "target_name": "dev", "node_id": "model.shoesbr.dim_clientes_analitico"} */

    
  
  
    
    
    comment on column "shoesbr"."marts"."dim_clientes_analitico".customer_id is $dbt_comment_literal_block$Identificador do cliente$dbt_comment_literal_block$;
  
    
    
    comment on column "shoesbr"."marts"."dim_clientes_analitico".customer_name is $dbt_comment_literal_block$Nome do cliente$dbt_comment_literal_block$;
  
    
    
    comment on column "shoesbr"."marts"."dim_clientes_analitico".customer_email is $dbt_comment_literal_block$Email do cliente$dbt_comment_literal_block$;
  
    
    
    comment on column "shoesbr"."marts"."dim_clientes_analitico".customer_phone is $dbt_comment_literal_block$Telefone do cliente$dbt_comment_literal_block$;
  
    
    
    comment on column "shoesbr"."marts"."dim_clientes_analitico".customer_address is $dbt_comment_literal_block$Endereço do cliente$dbt_comment_literal_block$;
  
    
    
    comment on column "shoesbr"."marts"."dim_clientes_analitico".total_gasto is $dbt_comment_literal_block$Total gasto pelo cliente$dbt_comment_literal_block$;
  
    
    
    comment on column "shoesbr"."marts"."dim_clientes_analitico".total_compras is $dbt_comment_literal_block$Número total de compras realizadas$dbt_comment_literal_block$;
  
    
    
    comment on column "shoesbr"."marts"."dim_clientes_analitico".diversidade_produtos is $dbt_comment_literal_block$Quantidade de produtos distintos comprados$dbt_comment_literal_block$;
  
    
    
    comment on column "shoesbr"."marts"."dim_clientes_analitico".total_estornos is $dbt_comment_literal_block$Quantidade de compras estornadas$dbt_comment_literal_block$;
  

  
[0m14:55:29.355199 [debug] [Thread-1 (]: SQL status: COMMENT in 0.145 seconds
[0m14:55:29.359731 [debug] [Thread-1 (]: On model.shoesbr.dim_clientes_analitico: COMMIT
[0m14:55:29.360963 [debug] [Thread-1 (]: Using postgres connection "model.shoesbr.dim_clientes_analitico"
[0m14:55:29.362172 [debug] [Thread-1 (]: On model.shoesbr.dim_clientes_analitico: COMMIT
[0m14:55:29.507447 [debug] [Thread-1 (]: SQL status: COMMIT in 0.142 seconds
[0m14:55:29.517054 [debug] [Thread-1 (]: Applying DROP to: "shoesbr"."marts"."dim_clientes_analitico__dbt_backup"
[0m14:55:29.531444 [debug] [Thread-1 (]: Using postgres connection "model.shoesbr.dim_clientes_analitico"
[0m14:55:29.533236 [debug] [Thread-1 (]: On model.shoesbr.dim_clientes_analitico: /* {"app": "dbt", "dbt_version": "1.12.0b3", "profile_name": "shoesbr", "target_name": "dev", "node_id": "model.shoesbr.dim_clientes_analitico"} */
drop table if exists "shoesbr"."marts"."dim_clientes_analitico__dbt_backup" cascade
[0m14:55:29.679403 [debug] [Thread-1 (]: SQL status: DROP TABLE in 0.144 seconds
[0m14:55:29.693206 [debug] [Thread-1 (]: On model.shoesbr.dim_clientes_analitico: Close
[0m14:55:29.700669 [debug] [Thread-1 (]: Sending event: {'category': 'dbt', 'action': 'run_model', 'label': '728cbc5e-694d-4a19-a88b-42cae6cfee7a', 'context': [<snowplow_tracker.self_describing_json.SelfDescribingJson object at 0x000001C56A3DD550>]}
[0m14:55:29.702822 [info ] [Thread-1 (]: 9 of 11 OK created sql table model marts.dim_clientes_analitico ................ [[32mSELECT 500[0m in 2.77s]
[0m14:55:29.706997 [debug] [Thread-1 (]: Finished running node model.shoesbr.dim_clientes_analitico
[0m14:55:29.709490 [debug] [Thread-1 (]: Began running node model.shoesbr.dim_produtos_analitico
[0m14:55:29.710920 [info ] [Thread-1 (]: 10 of 11 START sql table model marts.dim_produtos_analitico .................... [RUN]
[0m14:55:29.713012 [debug] [Thread-1 (]: Re-using an available connection from the pool (formerly model.shoesbr.dim_clientes_analitico, now model.shoesbr.dim_produtos_analitico)
[0m14:55:29.714659 [debug] [Thread-1 (]: Began compiling node model.shoesbr.dim_produtos_analitico
[0m14:55:29.728608 [debug] [Thread-1 (]: Writing injected SQL for node "model.shoesbr.dim_produtos_analitico"
[0m14:55:29.731561 [debug] [Thread-1 (]: Began executing node model.shoesbr.dim_produtos_analitico
[0m14:55:29.744205 [debug] [Thread-1 (]: Writing runtime sql for node "model.shoesbr.dim_produtos_analitico"
[0m14:55:29.749426 [debug] [Thread-1 (]: Using postgres connection "model.shoesbr.dim_produtos_analitico"
[0m14:55:29.751162 [debug] [Thread-1 (]: On model.shoesbr.dim_produtos_analitico: /* {"app": "dbt", "dbt_version": "1.12.0b3", "profile_name": "shoesbr", "target_name": "dev", "node_id": "model.shoesbr.dim_produtos_analitico"} */

  
    

  create  table "shoesbr"."marts"."dim_produtos_analitico__dbt_tmp"
  
  
    as
  
  (
    WITH produtos AS (
    SELECT * FROM "shoesbr"."intermediate"."int_produtos"
),

vendas AS (
    SELECT * FROM "shoesbr"."intermediate"."int_vendas"
),

estornos AS (
    SELECT * FROM "shoesbr"."intermediate"."int_estorno"
)

SELECT 
    p.product_id,
    p.name_product,
    p.price_product,
    COALESCE(SUM(v.quantity), 0) AS total_vendido,
    COALESCE(SUM(v.total_price), 0) AS total_faturado,
    COALESCE(SUM(e.refund_amount), 0) AS total_estornado,
    COUNT(DISTINCT e.purchase_id) AS total_estornos
FROM produtos p
LEFT JOIN vendas v ON p.product_id = v.product_id
LEFT JOIN estornos e ON v.purchase_id = e.purchase_id
GROUP BY p.product_id, p.name_product, p.price_product
  );
  
[0m14:55:29.759040 [debug] [Thread-1 (]: Opening a new connection, currently in state closed
[0m14:55:31.143334 [debug] [Thread-1 (]: SQL status: SELECT 10 in 1.387 seconds
[0m14:55:31.163103 [debug] [Thread-1 (]: Using postgres connection "model.shoesbr.dim_produtos_analitico"
[0m14:55:31.166035 [debug] [Thread-1 (]: On model.shoesbr.dim_produtos_analitico: /* {"app": "dbt", "dbt_version": "1.12.0b3", "profile_name": "shoesbr", "target_name": "dev", "node_id": "model.shoesbr.dim_produtos_analitico"} */
alter table "shoesbr"."marts"."dim_produtos_analitico" rename to "dim_produtos_analitico__dbt_backup"
[0m14:55:31.316269 [debug] [Thread-1 (]: SQL status: ALTER TABLE in 0.147 seconds
[0m14:55:31.323618 [debug] [Thread-1 (]: Using postgres connection "model.shoesbr.dim_produtos_analitico"
[0m14:55:31.326508 [debug] [Thread-1 (]: On model.shoesbr.dim_produtos_analitico: /* {"app": "dbt", "dbt_version": "1.12.0b3", "profile_name": "shoesbr", "target_name": "dev", "node_id": "model.shoesbr.dim_produtos_analitico"} */
alter table "shoesbr"."marts"."dim_produtos_analitico__dbt_tmp" rename to "dim_produtos_analitico"
[0m14:55:31.469977 [debug] [Thread-1 (]: SQL status: ALTER TABLE in 0.142 seconds
[0m14:55:31.479905 [debug] [Thread-1 (]: Using postgres connection "model.shoesbr.dim_produtos_analitico"
[0m14:55:31.481737 [debug] [Thread-1 (]: On model.shoesbr.dim_produtos_analitico: /* {"app": "dbt", "dbt_version": "1.12.0b3", "profile_name": "shoesbr", "target_name": "dev", "node_id": "model.shoesbr.dim_produtos_analitico"} */

    
  
  comment on table "shoesbr"."marts"."dim_produtos_analitico" is $dbt_comment_literal_block$Dimensão analítica com dados de produtos e indicadores de desempenho$dbt_comment_literal_block$;

  
[0m14:55:31.629189 [debug] [Thread-1 (]: SQL status: COMMENT in 0.146 seconds
[0m14:55:31.636220 [debug] [Thread-1 (]: Using postgres connection "model.shoesbr.dim_produtos_analitico"
[0m14:55:31.637056 [debug] [Thread-1 (]: On model.shoesbr.dim_produtos_analitico: /* {"app": "dbt", "dbt_version": "1.12.0b3", "profile_name": "shoesbr", "target_name": "dev", "node_id": "model.shoesbr.dim_produtos_analitico"} */

      select
          column_name,
          data_type,
          character_maximum_length,
          numeric_precision,
          numeric_scale

      from "shoesbr".INFORMATION_SCHEMA.columns
      where table_name = 'dim_produtos_analitico'
        
        and table_schema = 'marts'
        
      order by ordinal_position

  
[0m14:55:31.786527 [debug] [Thread-1 (]: SQL status: SELECT 7 in 0.148 seconds
[0m14:55:31.805135 [debug] [Thread-1 (]: Using postgres connection "model.shoesbr.dim_produtos_analitico"
[0m14:55:31.806620 [debug] [Thread-1 (]: On model.shoesbr.dim_produtos_analitico: /* {"app": "dbt", "dbt_version": "1.12.0b3", "profile_name": "shoesbr", "target_name": "dev", "node_id": "model.shoesbr.dim_produtos_analitico"} */

      select
          column_name,
          data_type,
          character_maximum_length,
          numeric_precision,
          numeric_scale

      from "shoesbr".INFORMATION_SCHEMA.columns
      where table_name = 'dim_produtos_analitico'
        
        and table_schema = 'marts'
        
      order by ordinal_position

  
[0m14:55:31.953040 [debug] [Thread-1 (]: SQL status: SELECT 7 in 0.145 seconds
[0m14:55:31.959433 [debug] [Thread-1 (]: Using postgres connection "model.shoesbr.dim_produtos_analitico"
[0m14:55:31.960546 [debug] [Thread-1 (]: On model.shoesbr.dim_produtos_analitico: /* {"app": "dbt", "dbt_version": "1.12.0b3", "profile_name": "shoesbr", "target_name": "dev", "node_id": "model.shoesbr.dim_produtos_analitico"} */

    
  
  
    
    
    comment on column "shoesbr"."marts"."dim_produtos_analitico".product_id is $dbt_comment_literal_block$Identificador do produto$dbt_comment_literal_block$;
  
    
    
    comment on column "shoesbr"."marts"."dim_produtos_analitico".name_product is $dbt_comment_literal_block$Nome do produto$dbt_comment_literal_block$;
  
    
    
    comment on column "shoesbr"."marts"."dim_produtos_analitico".price_product is $dbt_comment_literal_block$Preço unitário do produto$dbt_comment_literal_block$;
  
    
    
    comment on column "shoesbr"."marts"."dim_produtos_analitico".total_vendido is $dbt_comment_literal_block$Quantidade total vendida$dbt_comment_literal_block$;
  
    
    
    comment on column "shoesbr"."marts"."dim_produtos_analitico".total_faturado is $dbt_comment_literal_block$Valor total faturado$dbt_comment_literal_block$;
  
    
    
    comment on column "shoesbr"."marts"."dim_produtos_analitico".total_estornado is $dbt_comment_literal_block$Valor total estornado$dbt_comment_literal_block$;
  
    
    
    comment on column "shoesbr"."marts"."dim_produtos_analitico".total_estornos is $dbt_comment_literal_block$Número de estornos relacionados ao produto$dbt_comment_literal_block$;
  

  
[0m14:55:32.105531 [debug] [Thread-1 (]: SQL status: COMMENT in 0.143 seconds
[0m14:55:32.113289 [debug] [Thread-1 (]: On model.shoesbr.dim_produtos_analitico: COMMIT
[0m14:55:32.115387 [debug] [Thread-1 (]: Using postgres connection "model.shoesbr.dim_produtos_analitico"
[0m14:55:32.117969 [debug] [Thread-1 (]: On model.shoesbr.dim_produtos_analitico: COMMIT
[0m14:55:32.262107 [debug] [Thread-1 (]: SQL status: COMMIT in 0.142 seconds
[0m14:55:32.268890 [debug] [Thread-1 (]: Applying DROP to: "shoesbr"."marts"."dim_produtos_analitico__dbt_backup"
[0m14:55:32.270648 [debug] [Thread-1 (]: Using postgres connection "model.shoesbr.dim_produtos_analitico"
[0m14:55:32.271766 [debug] [Thread-1 (]: On model.shoesbr.dim_produtos_analitico: /* {"app": "dbt", "dbt_version": "1.12.0b3", "profile_name": "shoesbr", "target_name": "dev", "node_id": "model.shoesbr.dim_produtos_analitico"} */
drop table if exists "shoesbr"."marts"."dim_produtos_analitico__dbt_backup" cascade
[0m14:55:32.417544 [debug] [Thread-1 (]: SQL status: DROP TABLE in 0.144 seconds
[0m14:55:32.424435 [debug] [Thread-1 (]: On model.shoesbr.dim_produtos_analitico: Close
[0m14:55:32.430299 [debug] [Thread-1 (]: Sending event: {'category': 'dbt', 'action': 'run_model', 'label': '728cbc5e-694d-4a19-a88b-42cae6cfee7a', 'context': [<snowplow_tracker.self_describing_json.SelfDescribingJson object at 0x000001C56A3DE750>]}
[0m14:55:32.433095 [info ] [Thread-1 (]: 10 of 11 OK created sql table model marts.dim_produtos_analitico ............... [[32mSELECT 10[0m in 2.72s]
[0m14:55:32.437190 [debug] [Thread-1 (]: Finished running node model.shoesbr.dim_produtos_analitico
[0m14:55:32.439474 [debug] [Thread-1 (]: Began running node model.shoesbr.fct_vendas
[0m14:55:32.442359 [info ] [Thread-1 (]: 11 of 11 START sql table model marts.fct_vendas ................................ [RUN]
[0m14:55:32.446566 [debug] [Thread-1 (]: Re-using an available connection from the pool (formerly model.shoesbr.dim_produtos_analitico, now model.shoesbr.fct_vendas)
[0m14:55:32.449912 [debug] [Thread-1 (]: Began compiling node model.shoesbr.fct_vendas
[0m14:55:32.470627 [debug] [Thread-1 (]: Writing injected SQL for node "model.shoesbr.fct_vendas"
[0m14:55:32.478870 [debug] [Thread-1 (]: Began executing node model.shoesbr.fct_vendas
[0m14:55:32.488755 [debug] [Thread-1 (]: Writing runtime sql for node "model.shoesbr.fct_vendas"
[0m14:55:32.497674 [debug] [Thread-1 (]: Using postgres connection "model.shoesbr.fct_vendas"
[0m14:55:32.499345 [debug] [Thread-1 (]: On model.shoesbr.fct_vendas: /* {"app": "dbt", "dbt_version": "1.12.0b3", "profile_name": "shoesbr", "target_name": "dev", "node_id": "model.shoesbr.fct_vendas"} */

  
    

  create  table "shoesbr"."marts"."fct_vendas__dbt_tmp"
  
  
    as
  
  (
    WITH vendas AS (
    SELECT * FROM "shoesbr"."intermediate"."int_vendas"
),

estornos AS (
    SELECT * FROM "shoesbr"."intermediate"."int_estorno"
),

clientes AS (
    SELECT * FROM "shoesbr"."intermediate"."int_clientes"
),

produtos AS (
    SELECT * FROM "shoesbr"."intermediate"."int_produtos"
)

SELECT 
    v.purchase_id,
    v.customer_id,
    c.customer_name,
    c.customer_email,
    v.product_id,
    p.name_product,
    v.purchase_date,
    v.quantity,
    v.total_price,
    v.payment_method,
    COALESCE(e.refund_amount, 0) AS valor_estornado,
    e.refund_reason,
    (v.total_price - COALESCE(e.refund_amount, 0)) AS receita_liquida
FROM vendas v
LEFT JOIN estornos e ON v.purchase_id = e.purchase_id
LEFT JOIN clientes c ON v.customer_id = c.customer_id
LEFT JOIN produtos p ON v.product_id = p.product_id
  );
  
[0m14:55:32.500801 [debug] [Thread-1 (]: Opening a new connection, currently in state closed
[0m14:55:33.917706 [debug] [Thread-1 (]: SQL status: SELECT 5000 in 1.416 seconds
[0m14:55:33.938308 [debug] [Thread-1 (]: Using postgres connection "model.shoesbr.fct_vendas"
[0m14:55:33.940646 [debug] [Thread-1 (]: On model.shoesbr.fct_vendas: /* {"app": "dbt", "dbt_version": "1.12.0b3", "profile_name": "shoesbr", "target_name": "dev", "node_id": "model.shoesbr.fct_vendas"} */
alter table "shoesbr"."marts"."fct_vendas" rename to "fct_vendas__dbt_backup"
[0m14:55:34.086141 [debug] [Thread-1 (]: SQL status: ALTER TABLE in 0.143 seconds
[0m14:55:34.104725 [debug] [Thread-1 (]: Using postgres connection "model.shoesbr.fct_vendas"
[0m14:55:34.107817 [debug] [Thread-1 (]: On model.shoesbr.fct_vendas: /* {"app": "dbt", "dbt_version": "1.12.0b3", "profile_name": "shoesbr", "target_name": "dev", "node_id": "model.shoesbr.fct_vendas"} */
alter table "shoesbr"."marts"."fct_vendas__dbt_tmp" rename to "fct_vendas"
[0m14:55:34.252136 [debug] [Thread-1 (]: SQL status: ALTER TABLE in 0.143 seconds
[0m14:55:34.256429 [debug] [Thread-1 (]: Using postgres connection "model.shoesbr.fct_vendas"
[0m14:55:34.257355 [debug] [Thread-1 (]: On model.shoesbr.fct_vendas: /* {"app": "dbt", "dbt_version": "1.12.0b3", "profile_name": "shoesbr", "target_name": "dev", "node_id": "model.shoesbr.fct_vendas"} */

    
  
  comment on table "shoesbr"."marts"."fct_vendas" is $dbt_comment_literal_block$Tabela fato de vendas com informações de clientes, produtos e estornos$dbt_comment_literal_block$;

  
[0m14:55:34.401581 [debug] [Thread-1 (]: SQL status: COMMENT in 0.143 seconds
[0m14:55:34.408991 [debug] [Thread-1 (]: Using postgres connection "model.shoesbr.fct_vendas"
[0m14:55:34.410605 [debug] [Thread-1 (]: On model.shoesbr.fct_vendas: /* {"app": "dbt", "dbt_version": "1.12.0b3", "profile_name": "shoesbr", "target_name": "dev", "node_id": "model.shoesbr.fct_vendas"} */

      select
          column_name,
          data_type,
          character_maximum_length,
          numeric_precision,
          numeric_scale

      from "shoesbr".INFORMATION_SCHEMA.columns
      where table_name = 'fct_vendas'
        
        and table_schema = 'marts'
        
      order by ordinal_position

  
[0m14:55:34.561966 [debug] [Thread-1 (]: SQL status: SELECT 13 in 0.150 seconds
[0m14:55:34.572233 [debug] [Thread-1 (]: Using postgres connection "model.shoesbr.fct_vendas"
[0m14:55:34.573552 [debug] [Thread-1 (]: On model.shoesbr.fct_vendas: /* {"app": "dbt", "dbt_version": "1.12.0b3", "profile_name": "shoesbr", "target_name": "dev", "node_id": "model.shoesbr.fct_vendas"} */

      select
          column_name,
          data_type,
          character_maximum_length,
          numeric_precision,
          numeric_scale

      from "shoesbr".INFORMATION_SCHEMA.columns
      where table_name = 'fct_vendas'
        
        and table_schema = 'marts'
        
      order by ordinal_position

  
[0m14:55:34.721814 [debug] [Thread-1 (]: SQL status: SELECT 13 in 0.146 seconds
[0m14:55:34.739515 [debug] [Thread-1 (]: Using postgres connection "model.shoesbr.fct_vendas"
[0m14:55:34.741594 [debug] [Thread-1 (]: On model.shoesbr.fct_vendas: /* {"app": "dbt", "dbt_version": "1.12.0b3", "profile_name": "shoesbr", "target_name": "dev", "node_id": "model.shoesbr.fct_vendas"} */

    
  
  
    
    
    comment on column "shoesbr"."marts"."fct_vendas".purchase_id is $dbt_comment_literal_block$Identificador único da compra$dbt_comment_literal_block$;
  
    
    
    comment on column "shoesbr"."marts"."fct_vendas".customer_id is $dbt_comment_literal_block$Identificador do cliente$dbt_comment_literal_block$;
  
    
    
    comment on column "shoesbr"."marts"."fct_vendas".customer_name is $dbt_comment_literal_block$Nome do cliente$dbt_comment_literal_block$;
  
    
    
    comment on column "shoesbr"."marts"."fct_vendas".customer_email is $dbt_comment_literal_block$Email do cliente$dbt_comment_literal_block$;
  
    
    
    comment on column "shoesbr"."marts"."fct_vendas".product_id is $dbt_comment_literal_block$Identificador do produto$dbt_comment_literal_block$;
  
    
    
    comment on column "shoesbr"."marts"."fct_vendas".name_product is $dbt_comment_literal_block$Nome do produto$dbt_comment_literal_block$;
  
    
    
    comment on column "shoesbr"."marts"."fct_vendas".purchase_date is $dbt_comment_literal_block$Data da compra$dbt_comment_literal_block$;
  
    
    
    comment on column "shoesbr"."marts"."fct_vendas".quantity is $dbt_comment_literal_block$Quantidade comprada$dbt_comment_literal_block$;
  
    
    
    comment on column "shoesbr"."marts"."fct_vendas".total_price is $dbt_comment_literal_block$Valor total da compra$dbt_comment_literal_block$;
  
    
    
    comment on column "shoesbr"."marts"."fct_vendas".payment_method is $dbt_comment_literal_block$Forma de pagamento utilizada$dbt_comment_literal_block$;
  
    
    
    comment on column "shoesbr"."marts"."fct_vendas".valor_estornado is $dbt_comment_literal_block$Valor estornado (se houver)$dbt_comment_literal_block$;
  
    
    
    comment on column "shoesbr"."marts"."fct_vendas".refund_reason is $dbt_comment_literal_block$Motivo do estorno$dbt_comment_literal_block$;
  
    
    
    comment on column "shoesbr"."marts"."fct_vendas".receita_liquida is $dbt_comment_literal_block$Valor líquido da venda após estorno$dbt_comment_literal_block$;
  

  
[0m14:55:34.887610 [debug] [Thread-1 (]: SQL status: COMMENT in 0.144 seconds
[0m14:55:34.890648 [debug] [Thread-1 (]: On model.shoesbr.fct_vendas: COMMIT
[0m14:55:34.891665 [debug] [Thread-1 (]: Using postgres connection "model.shoesbr.fct_vendas"
[0m14:55:34.892591 [debug] [Thread-1 (]: On model.shoesbr.fct_vendas: COMMIT
[0m14:55:35.037200 [debug] [Thread-1 (]: SQL status: COMMIT in 0.143 seconds
[0m14:55:35.048451 [debug] [Thread-1 (]: Applying DROP to: "shoesbr"."marts"."fct_vendas__dbt_backup"
[0m14:55:35.050569 [debug] [Thread-1 (]: Using postgres connection "model.shoesbr.fct_vendas"
[0m14:55:35.052088 [debug] [Thread-1 (]: On model.shoesbr.fct_vendas: /* {"app": "dbt", "dbt_version": "1.12.0b3", "profile_name": "shoesbr", "target_name": "dev", "node_id": "model.shoesbr.fct_vendas"} */
drop table if exists "shoesbr"."marts"."fct_vendas__dbt_backup" cascade
[0m14:55:35.197906 [debug] [Thread-1 (]: SQL status: DROP TABLE in 0.144 seconds
[0m14:55:35.200414 [debug] [Thread-1 (]: On model.shoesbr.fct_vendas: Close
[0m14:55:35.201657 [debug] [Thread-1 (]: Sending event: {'category': 'dbt', 'action': 'run_model', 'label': '728cbc5e-694d-4a19-a88b-42cae6cfee7a', 'context': [<snowplow_tracker.self_describing_json.SelfDescribingJson object at 0x000001C56A3DE630>]}
[0m14:55:35.202758 [info ] [Thread-1 (]: 11 of 11 OK created sql table model marts.fct_vendas ........................... [[32mSELECT 5000[0m in 2.76s]
[0m14:55:35.204160 [debug] [Thread-1 (]: Finished running node model.shoesbr.fct_vendas
[0m14:55:35.206419 [debug] [MainThread]: On master: COMMIT
[0m14:55:35.207077 [debug] [MainThread]: Using postgres connection "master"
[0m14:55:35.207671 [debug] [MainThread]: On master: COMMIT
[0m14:55:35.208180 [debug] [MainThread]: Opening a new connection, currently in state closed
[0m14:55:36.549938 [debug] [MainThread]: SQL status: COMMIT in 1.341 seconds
[0m14:55:36.551621 [debug] [MainThread]: On master: Close
[0m14:55:36.554621 [debug] [MainThread]: Connection 'master' was properly closed.
[0m14:55:36.556982 [debug] [MainThread]: Connection 'list_shoesbr' was properly closed.
[0m14:55:36.558941 [debug] [MainThread]: Connection 'list_shoesbr_landing' was properly closed.
[0m14:55:36.561165 [debug] [MainThread]: Connection 'model.shoesbr.fct_vendas' was properly closed.
[0m14:55:36.567978 [info ] [MainThread]: 
[0m14:55:36.569770 [info ] [MainThread]: Finished running 3 table models, 8 view models in 0 hours 0 minutes and 50.89 seconds (50.89s).
[0m14:55:36.578688 [debug] [MainThread]: Command end result
[0m14:55:36.670985 [debug] [MainThread]: Wrote artifact WritableManifest to C:\Users\User\OneDrive\Documentos\workspace\projeto-shoesbr\shoesbr\target\manifest.json
[0m14:55:36.684273 [debug] [MainThread]: Wrote artifact SemanticManifest to C:\Users\User\OneDrive\Documentos\workspace\projeto-shoesbr\shoesbr\target\semantic_manifest.json
[0m14:55:36.702048 [debug] [MainThread]: Wrote artifact OsiDocument to C:\Users\User\OneDrive\Documentos\workspace\projeto-shoesbr\shoesbr\target\osi_document.json
[0m14:55:36.725097 [debug] [MainThread]: Wrote artifact RunExecutionResult to C:\Users\User\OneDrive\Documentos\workspace\projeto-shoesbr\shoesbr\target\run_results.json
[0m14:55:36.726124 [info ] [MainThread]: 
[0m14:55:36.730294 [info ] [MainThread]: [32mCompleted successfully[0m
[0m14:55:36.733057 [info ] [MainThread]: 
[0m14:55:36.734501 [info ] [MainThread]: Done. PASS=11 WARN=0 ERROR=0 SKIP=0 NO-OP=0 REUSED=0 TOTAL=11
[0m14:55:36.737614 [warn ] [MainThread]: [[33mWARNING[0m][DeprecationsSummary]: Deprecated functionality
Summary of encountered deprecations:
- MissingArgumentsPropertyInGenericTestDeprecation: 3 occurrences
To see all deprecation instances instead of just the first occurrence of each,
run command again with the `--show-all-deprecations` flag. You may also need to
run with `--no-partial-parse` as some deprecations are only encountered during
parsing.
[0m14:55:36.741551 [debug] [MainThread]: Command `dbt run` succeeded at 14:55:36.741134 after 67.37 seconds
[0m14:55:36.742801 [debug] [MainThread]: Sending event: {'category': 'dbt', 'action': 'invocation', 'label': 'end', 'context': [<snowplow_tracker.self_describing_json.SelfDescribingJson object at 0x000001C5693FE5D0>, <snowplow_tracker.self_describing_json.SelfDescribingJson object at 0x000001C56B8DE570>, <snowplow_tracker.self_describing_json.SelfDescribingJson object at 0x000001C56B8DE090>]}
[0m14:55:36.743998 [debug] [MainThread]: Flushing usage events
[0m14:55:38.318834 [debug] [MainThread]: An error was encountered while trying to flush usage events
